age,education_level,career_field,main_sector,employer_type,contract_type,weekly_hours,residence,province,monthly_income_rwf
19,Lower secondary education,Sales and services,Services,Private business or VUP,Oral agreement,48.0,Urban,Kigali city,26000.0
19,Lower secondary education,Science and engineering,Industry,Private business or VUP,Oral agreement,54.0,Urban,Kigali city,40000.0
21,Lower secondary education,Elementary and other work,Industry,Private business or VUP,Oral agreement,48.0,Urban,Kigali city,156000.0
24,Primary education,Elementary and other work,Agriculture,Private business or VUP,Oral agreement,6.0,Urban,Kigali city,39000.0
17,Primary education,Elementary and other work,Services,Household,Oral agreement,70.0,Urban,Kigali city,15000.0
27,Tertiary education,"Education, health and social services",Services,Public institution,Written contract,40.0,Urban,Kigali city,135000.0
27,Upper secondary education,"Education, health and social services",Services,Private business or VUP,Oral agreement,18.0,Urban,Kigali city,80000.0
21,Lower secondary education,"Education, health and social services",Services,Private business or VUP,Oral agreement,48.0,Urban,Kigali city,60000.0
26,Tertiary education,"Business, management and office work",Services,Private business or VUP,Written contract,45.0,Urban,Kigali city,280000.0
20,Lower secondary education,Elementary and other work,Services,Private business or VUP,Oral agreement,70.0,Urban,Kigali city,20000.0
27,Upper secondary education,Sales and services,Services,Private business or VUP,Written contract,30.0,Urban,Kigali city,130000.0
21,Upper secondary education,Sales and services,Services,Private business or VUP,Oral agreement,35.0,Urban,Kigali city,182000.0
16,Primary education,Sales and services,Services,Private business or VUP,Oral agreement,18.0,Urban,Kigali city,25000.0
29,Lower secondary education,Elementary and other work,Services,Private business or VUP,Oral agreement,48.0,Urban,Kigali city,50000.0
28,Primary education,Skilled trades and operators,Industry,Private business or VUP,Oral agreement,56.0,Urban,Kigali city,151666.67
30,Lower secondary education,Skilled trades and operators,Industry,Private business or VUP,Oral agreement,56.0,Urban,Kigali city,151666.67
27,Upper secondary education,Skilled trades and operators,Industry,Private business or VUP,Oral agreement,56.0,Urban,Kigali city,151666.67
18,Primary education,Elementary and other work,Services,Household,Oral agreement,70.0,Urban,Kigali city,10000.0
19,Primary education,"Education, health and social services",Services,Household,Oral agreement,70.0,Urban,Kigali city,15000.0
30,Primary education,Sales and services,Services,Private business or VUP,Oral agreement,60.0,Urban,Kigali city,70000.0
29,Lower secondary education,"Business, management and office work",Services,Private business or VUP,Oral agreement,48.0,Urban,Kigali city,80000.0
19,Primary education,Elementary and other work,Services,Household,Oral agreement,60.0,Urban,Kigali city,15000.0
19,Upper secondary education,Sales and services,Services,Private business or VUP,Oral agreement,42.0,Urban,Kigali city,90000.0
20,Primary education,Elementary and other work,Services,Household,Oral agreement,56.0,Urban,Kigali city,20000.0
23,Lower secondary education,Elementary and other work,Services,Household,Oral agreement,60.0,Urban,Kigali city,20000.0
26,Primary education,Sales and services,Services,Private business or VUP,Oral agreement,48.0,Urban,Kigali city,35000.0
23,Primary education,Sales and services,Services,Private business or VUP,Oral agreement,84.0,Urban,Kigali city,70000.0
19,Lower secondary education,Elementary and other work,Services,Household,Written contract,63.0,Urban,Kigali city,15000.0
30,Lower secondary education,Sales and services,Services,Private business or VUP,Oral agreement,40.0,Urban,Kigali city,78000.0
20,Primary education,Elementary and other work,Services,Household,Oral agreement,60.0,Urban,Kigali city,20000.0
28,Upper secondary education,Elementary and other work,Services,Household,Oral agreement,70.0,Urban,Kigali city,100000.0
27,Tertiary education,"Education, health and social services",Services,Private business or VUP,Written contract,20.0,Urban,Kigali city,90000.0
21,Primary education,Elementary and other work,Services,Household,Oral agreement,49.0,Urban,Kigali city,60000.0
22,Lower secondary education,Elementary and other work,Services,Household,Oral agreement,42.0,Urban,Kigali city,40000.0
23,Lower secondary education,Sales and services,Services,Private business or VUP,Oral agreement,70.0,Urban,Kigali city,40000.0
27,Primary education,Skilled trades and operators,Industry,Private business or VUP,Oral agreement,54.0,Urban,Kigali city,156000.0
24,Lower secondary education,Agriculture,Agriculture,Private business or VUP,Oral agreement,35.0,Urban,Kigali city,31200.0
30,Upper secondary education,Elementary and other work,Industry,Private business or VUP,Written contract,50.0,Urban,Kigali city,65000.0
24,Upper secondary education,Skilled trades and operators,Industry,Private business or VUP,Written contract,63.0,Urban,Kigali city,40150.0
27,Upper secondary education,Elementary and other work,Industry,Private business or VUP,Oral agreement,54.0,Urban,Kigali city,65000.0
18,Primary education,Elementary and other work,Services,Household,Oral agreement,38.0,Urban,Kigali city,15000.0
29,Lower secondary education,Elementary and other work,Industry,Private business or VUP,Oral agreement,32.0,Urban,Kigali city,65000.0
23,Upper secondary education,Elementary and other work,Industry,Private business or VUP,Oral agreement,32.0,Urban,Kigali city,65000.0
19,Lower secondary education,Elementary and other work,Services,Household,Oral agreement,42.0,Urban,Kigali city,20000.0
27,Primary education,Elementary and other work,Industry,Private business or VUP,Oral agreement,60.0,Urban,Kigali city,130000.0
25,Primary education,Skilled trades and operators,Services,Private business or VUP,Oral agreement,60.0,Urban,Kigali city,100000.0
23,Primary education,Skilled trades and operators,Services,Private business or VUP,Oral agreement,12.0,Urban,Kigali city,260000.0
25,Lower secondary education,Elementary and other work,Agriculture,Private business or VUP,Oral agreement,15.0,Rural,Kigali city,39000.0
18,Primary education,Elementary and other work,Agriculture,Private business or VUP,Oral agreement,30.0,Rural,Kigali city,39000.0
22,Lower secondary education,Elementary and other work,Agriculture,Private business or VUP,Oral agreement,42.0,Rural,Kigali city,26000.0
24,Lower secondary education,Elementary and other work,Services,Public institution,Written contract,48.0,Rural,Kigali city,25000.0
25,Tertiary education,"Business, management and office work",Services,Private business or VUP,Written contract,45.0,Urban,Kigali city,250000.0
23,Tertiary education,"Education, health and social services",Services,Private business or VUP,Written contract,40.0,Urban,Kigali city,120000.0
27,Lower secondary education,Sales and services,Services,Private business or VUP,Oral agreement,60.0,Urban,Kigali city,40000.0
29,Tertiary education,Sales and services,Services,Private business or VUP,Oral agreement,48.0,Urban,Kigali city,70000.0
29,Upper secondary education,Sales and services,Services,Private business or VUP,Written contract,36.0,Urban,Kigali city,150000.0
28,Lower secondary education,Elementary and other work,Services,Household,Oral agreement,42.0,Urban,Kigali city,20000.0
21,Lower secondary education,Elementary and other work,Services,Household,Oral agreement,28.0,Urban,Kigali city,60000.0
29,Primary education,"Education, health and social services",Services,Household,Oral agreement,49.0,Urban,Kigali city,25000.0
18,Primary education,Sales and services,Services,Private business or VUP,Written contract,72.0,Urban,Kigali city,65000.0
29,Tertiary education,"Business, management and office work",Services,Public-private enterprise,Written contract,40.0,Urban,Kigali city,300000.0
30,Upper secondary education,Sales and services,Services,Private business or VUP,Oral agreement,72.0,Urban,Kigali city,40000.0
18,Primary education,Elementary and other work,Services,Household,Oral agreement,35.0,Urban,Kigali city,15000.0
26,Upper secondary education,Sales and services,Services,Private business or VUP,Oral agreement,35.0,Urban,Kigali city,50000.0
19,Upper secondary education,Elementary and other work,Services,Household,Oral agreement,60.0,Urban,Kigali city,20000.0
28,Upper secondary education,Elementary and other work,Services,Household,Oral agreement,60.0,Urban,Kigali city,30000.0
30,Tertiary education,"Education, health and social services",Services,Public-private enterprise,Written contract,25.0,Urban,Kigali city,266700.0
30,Lower secondary education,Skilled trades and operators,Services,Private business or VUP,Oral agreement,60.0,Urban,Kigali city,120000.0
25,Lower secondary education,Elementary and other work,Services,Private business or VUP,Oral agreement,36.0,Urban,Kigali city,40000.0
20,Lower secondary education,"Education, health and social services",Services,Household,Oral agreement,42.0,Urban,Kigali city,18000.0
25,Upper secondary education,Skilled trades and operators,Industry,Private business or VUP,Oral agreement,45.0,Urban,Kigali city,208000.0
20,Lower secondary education,Elementary and other work,Services,Household,Oral agreement,35.0,Urban,Kigali city,17000.0
20,Primary education,Elementary and other work,Services,Household,Oral agreement,40.0,Urban,Kigali city,15000.0
23,Primary education,Elementary and other work,Industry,Private business or VUP,Oral agreement,45.0,Urban,Kigali city,78000.0
26,Primary education,Elementary and other work,Industry,Private business or VUP,Oral agreement,45.0,Urban,Kigali city,104000.0
22,Lower secondary education,Elementary and other work,Industry,Private business or VUP,Oral agreement,36.0,Urban,Kigali city,78000.0
24,Lower secondary education,Skilled trades and operators,Industry,Private business or VUP,Written contract,54.0,Urban,Kigali city,156000.0
21,Lower secondary education,Elementary and other work,Industry,Private business or VUP,Oral agreement,45.0,Urban,Kigali city,78000.0
24,Lower secondary education,Elementary and other work,Services,Household,Oral agreement,70.0,Urban,Kigali city,30000.0
21,Lower secondary education,Elementary and other work,Industry,Private business or VUP,Oral agreement,42.0,Urban,Kigali city,104000.0
25,Primary education,Elementary and other work,Services,Household,Oral agreement,40.0,Urban,Kigali city,20000.0
30,Lower secondary education,Elementary and other work,Services,Private business or VUP,Written contract,40.0,Urban,Kigali city,29000.0
22,Lower secondary education,Elementary and other work,Services,Household,Oral agreement,49.0,Urban,Kigali city,25000.0
26,Tertiary education,Skilled trades and operators,Services,Private business or VUP,Written contract,40.0,Urban,Kigali city,250000.0
21,Upper secondary education,Skilled trades and operators,Industry,Private business or VUP,Oral agreement,25.0,Urban,Kigali city,182000.0
23,Primary education,Elementary and other work,Services,Household,Oral agreement,42.0,Urban,Kigali city,10000.0
27,Upper secondary education,"Education, health and social services",Services,Private business or VUP,Written contract,50.0,Urban,Kigali city,60000.0
29,Primary education,Skilled trades and operators,Industry,Private business or VUP,Written contract,48.0,Urban,Kigali city,180000.0
30,Lower secondary education,Skilled trades and operators,Services,Private business or VUP,Oral agreement,54.0,Urban,Kigali city,70000.0
23,Lower secondary education,Agriculture,Industry,Private business or VUP,Oral agreement,35.0,Urban,Kigali city,104000.0
24,Lower secondary education,Sales and services,Services,Private business or VUP,Oral agreement,35.0,Urban,Kigali city,91000.0
27,Upper secondary education,Elementary and other work,Industry,Private business or VUP,Oral agreement,45.0,Urban,Kigali city,52000.0
19,Lower secondary education,Elementary and other work,Services,Household,Oral agreement,70.0,Urban,Kigali city,20000.0
24,Primary education,Elementary and other work,Industry,Private business or VUP,Oral agreement,40.0,Urban,Kigali city,78000.0
27,Tertiary education,"Business, management and office work",Services,Private business or VUP,Oral agreement,48.0,Urban,Kigali city,100000.0
27,Upper secondary education,Sales and services,Services,Private business or VUP,Oral agreement,48.0,Urban,Kigali city,50000.0
25,Upper secondary education,Sales and services,Services,Private business or VUP,Oral agreement,48.0,Urban,Kigali city,70000.0
22,Primary education,Elementary and other work,Services,Household,Oral agreement,49.0,Urban,Kigali city,20000.0
24,Tertiary education,Sales and services,Services,Private business or VUP,Oral agreement,60.0,Urban,Kigali city,100000.0
16,Primary education,Elementary and other work,Services,Household,Oral agreement,49.0,Urban,Kigali city,15000.0
25,Tertiary education,"Business, management and office work",Services,Private business or VUP,Written contract,60.0,Urban,Kigali city,200000.0
19,Primary education,Elementary and other work,Services,Household,Oral agreement,63.0,Urban,Kigali city,25000.0
19,Primary education,Elementary and other work,Services,Household,Oral agreement,70.0,Urban,Kigali city,40000.0
28,Primary education,Elementary and other work,Agriculture,Private business or VUP,Oral agreement,12.0,Rural,Southern Province,26000.0
30,Lower secondary education,Elementary and other work,Services,Private business or VUP,Written contract,40.0,Rural,Southern Province,29000.0
17,Lower secondary education,Elementary and other work,Agriculture,Private business or VUP,Oral agreement,6.0,Rural,Southern Province,26000.0
17,Primary education,Elementary and other work,Services,Household,Oral agreement,40.0,Rural,Southern Province,7000.0
27,Upper secondary education,Elementary and other work,Agriculture,Private business or VUP,Oral agreement,48.0,Rural,Southern Province,26000.0
24,Primary education,Elementary and other work,Agriculture,Private business or VUP,Oral agreement,18.0,Rural,Southern Province,31200.0
18,Primary education,Elementary and other work,Industry,Private business or VUP,Oral agreement,40.0,Rural,Southern Province,52000.0
23,Primary education,Elementary and other work,Industry,Private business or VUP,Oral agreement,40.0,Rural,Southern Province,52000.0
18,Primary education,Agriculture,Agriculture,Private business or VUP,Oral agreement,60.0,Rural,Southern Province,7000.0
21,Primary education,Elementary and other work,Agriculture,Private business or VUP,Oral agreement,20.0,Rural,Southern Province,26000.0
30,No formal education,Elementary and other work,Agriculture,Private business or VUP,Oral agreement,35.0,Rural,Southern Province,26000.0
25,Primary education,Elementary and other work,Agriculture,Private business or VUP,Oral agreement,15.0,Rural,Southern Province,26000.0
22,Primary education,Elementary and other work,Agriculture,Private business or VUP,Oral agreement,12.0,Rural,Southern Province,26000.0
29,Primary education,Elementary and other work,Industry,Private business or VUP,Oral agreement,40.0,Rural,Southern Province,39000.0
28,No formal education,Agriculture,Industry,Private business or VUP,Oral agreement,40.0,Rural,Southern Province,39000.0
22,Lower secondary education,Agriculture,Industry,Private business or VUP,Oral agreement,42.0,Rural,Southern Province,35000.0
24,Primary education,Agriculture,Industry,Private business or VUP,Oral agreement,42.0,Rural,Southern Province,39000.0
18,Primary education,Agriculture,Industry,Private business or VUP,Oral agreement,35.0,Rural,Southern Province,39000.0
23,Primary education,Elementary and other work,Agriculture,Private business or VUP,Oral agreement,18.0,Rural,Southern Province,26000.0
23,Primary education,Agriculture,Agriculture,Private business or VUP,Oral agreement,10.0,Rural,Southern Province,31200.0
17,Primary education,Elementary and other work,Agriculture,Private business or VUP,Oral agreement,10.0,Rural,Southern Province,31200.0
20,Primary education,Elementary and other work,Agriculture,Private business or VUP,Oral agreement,30.0,Rural,Southern Province,26000.0
26,Primary education,Elementary and other work,Agriculture,Private business or VUP,Oral agreement,35.0,Rural,Southern Province,31200.0
27,Primary education,Elementary and other work,Industry,Private business or VUP,Oral agreement,40.0,Rural,Southern Province,52000.0
21,Primary education,Elementary and other work,Agriculture,Private business or VUP,Oral agreement,30.0,Rural,Southern Province,20800.0
21,Primary education,Elementary and other work,Industry,Private business or VUP,Oral agreement,36.0,Rural,Southern Province,52000.0
16,Primary education,Elementary and other work,Agriculture,Private business or VUP,Oral agreement,25.0,Rural,Southern Province,10400.0
27,Primary education,Agriculture,Agriculture,Private business or VUP,Oral agreement,35.0,Rural,Southern Province,20800.0
18,Primary education,Agriculture,Agriculture,Private business or VUP,Oral agreement,35.0,Rural,Southern Province,20800.0
28,Upper secondary education,"Education, health and social services",Services,Public institution,Written contract,40.0,Rural,Southern Province,115000.0
29,Upper secondary education,"Education, health and social services",Services,Public institution,Written contract,40.0,Rural,Southern Province,115000.0
24,Upper secondary education,"Education, health and social services",Services,Public institution,Written contract,40.0,Rural,Southern Province,50000.0
16,Primary education,Elementary and other work,Services,Household,Oral agreement,70.0,Rural,Southern Province,9000.0
24,Primary education,Elementary and other work,Agriculture,Private business or VUP,Oral agreement,40.0,Rural,Southern Province,36400.0
30,Primary education,Elementary and other work,Agriculture,Private business or VUP,Oral agreement,36.0,Rural,Southern Province,26000.0
29,Primary education,Elementary and other work,Agriculture,Private business or VUP,Oral agreement,36.0,Rural,Southern Province,26000.0
22,Primary education,Elementary and other work,Agriculture,Private business or VUP,Oral agreement,36.0,Rural,Southern Province,26000.0
24,Primary education,Agriculture,Agriculture,Private business or VUP,Oral agreement,33.0,Rural,Southern Province,26000.0
26,Primary education,Sales and services,Services,Private business or VUP,Oral agreement,84.0,Rural,Southern Province,15000.0
27,Primary education,Agriculture,Agriculture,Private business or VUP,Oral agreement,36.0,Rural,Southern Province,26000.0
24,Primary education,Elementary and other work,Services,Private business or VUP,Oral agreement,20.0,Rural,Southern Province,13000.0
28,Primary education,"Education, health and social services",Services,Private business or VUP,Oral agreement,70.0,Rural,Southern Province,18000.0
18,Primary education,Elementary and other work,Services,Household,Oral agreement,43.0,Urban,Southern Province,20000.0
24,Primary education,Elementary and other work,Services,Household,Oral agreement,35.0,Urban,Southern Province,20000.0
30,Tertiary education,"Business, management and office work",Services,Private business or VUP,Written contract,40.0,Urban,Southern Province,200000.0
28,Tertiary education,"Education, health and social services",Services,Private business or VUP,Written contract,40.0,Urban,Southern Province,80000.0
21,Tertiary education,"Education, health and social services",Services,Private business or VUP,Written contract,40.0,Urban,Southern Province,150000.0
23,Primary education,Elementary and other work,Services,Private business or VUP,Oral agreement,6.0,Urban,Southern Province,39000.0
22,Primary education,Agriculture,Agriculture,Private business or VUP,Oral agreement,36.0,Urban,Southern Province,31200.0
28,Upper secondary education,"Education, health and social services",Services,Public institution,Written contract,40.0,Rural,Southern Province,108000.0
27,Upper secondary education,"Education, health and social services",Services,Public institution,Written contract,40.0,Rural,Southern Province,110000.0
16,Primary education,Elementary and other work,Agriculture,Private business or VUP,Oral agreement,13.0,Rural,Southern Province,18200.0
26,Primary education,Agriculture,Agriculture,Private business or VUP,Oral agreement,42.0,Rural,Southern Province,26000.0
21,Lower secondary education,Agriculture,Agriculture,Private business or VUP,Oral agreement,36.0,Rural,Southern Province,26000.0
30,No formal education,Agriculture,Agriculture,Private business or VUP,Oral agreement,56.0,Rural,Southern Province,15000.0
27,Primary education,Elementary and other work,Services,Household,Oral agreement,30.0,Urban,Southern Province,20000.0
28,Tertiary education,"Education, health and social services",Services,Public institution,Written contract,51.0,Urban,Southern Province,170000.0
23,Lower secondary education,Agriculture,Agriculture,Private business or VUP,Oral agreement,36.0,Urban,Southern Province,26000.0
29,Primary education,Agriculture,Agriculture,Private business or VUP,Oral agreement,36.0,Rural,Southern Province,39000.0
20,Primary education,Agriculture,Agriculture,Private business or VUP,Oral agreement,36.0,Rural,Southern Province,39000.0
17,Primary education,Agriculture,Agriculture,Private business or VUP,Oral agreement,36.0,Rural,Southern Province,39000.0
30,Primary education,Elementary and other work,Agriculture,Private business or VUP,Oral agreement,36.0,Rural,Southern Province,31200.0
27,Upper secondary education,Elementary and other work,Agriculture,Private business or VUP,Oral agreement,24.0,Rural,Southern Province,39000.0
17,Primary education,Agriculture,Agriculture,Private business or VUP,Oral agreement,28.0,Rural,Southern Province,18200.0
27,Primary education,Elementary and other work,Industry,Private business or VUP,Oral agreement,35.0,Rural,Southern Province,26000.0
19,Primary education,Elementary and other work,Industry,Private business or VUP,Oral agreement,36.0,Rural,Southern Province,39000.0
17,Primary education,Elementary and other work,Industry,Private business or VUP,Oral agreement,36.0,Rural,Southern Province,39000.0
21,Primary education,"Education, health and social services",Services,Private business or VUP,Oral agreement,28.0,Rural,Southern Province,15000.0
22,Primary education,Elementary and other work,Agriculture,Private business or VUP,Oral agreement,12.0,Rural,Southern Province,52000.0
30,Primary education,Elementary and other work,Services,Private business or VUP,Oral agreement,12.0,Rural,Southern Province,52000.0
18,Primary education,Elementary and other work,Agriculture,Private business or VUP,Oral agreement,36.0,Rural,Southern Province,26000.0
20,Lower secondary education,Elementary and other work,Services,Private business or VUP,Oral agreement,56.0,Rural,Southern Province,10000.0
24,Primary education,Elementary and other work,Agriculture,Private business or VUP,Oral agreement,12.0,Rural,Southern Province,20800.0
23,Tertiary education,"Education, health and social services",Services,Public institution,Written contract,40.0,Rural,Southern Province,100000.0
27,Primary education,Elementary and other work,Industry,Other,Oral agreement,25.0,Rural,Southern Province,32500.0
22,Primary education,Elementary and other work,Services,Private business or VUP,Oral agreement,49.0,Rural,Southern Province,19500.0
23,Primary education,Agriculture,Agriculture,Private business or VUP,Oral agreement,36.0,Rural,Southern Province,26000.0
19,Primary education,Elementary and other work,Services,Private business or VUP,Oral agreement,63.0,Rural,Southern Province,15000.0
19,Primary education,Elementary and other work,Industry,Private business or VUP,Oral agreement,54.0,Rural,Southern Province,26000.0
21,Primary education,Elementary and other work,Industry,Private business or VUP,Oral agreement,54.0,Rural,Southern Province,78000.0
24,Lower secondary education,Sales and services,Services,Public institution,Written contract,40.0,Rural,Southern Province,30000.0
23,Primary education,Elementary and other work,Industry,Private business or VUP,Oral agreement,40.0,Rural,Southern Province,43333.332
24,Lower secondary education,Sales and services,Services,Public institution,Written contract,50.0,Rural,Southern Province,30000.0
27,Lower secondary education,Skilled trades and operators,Services,Private business or VUP,Written contract,72.0,Urban,Southern Province,150000.0
28,Tertiary education,"Education, health and social services",Services,Private business or VUP,Oral agreement,35.0,Urban,Southern Province,300000.0
23,Primary education,Elementary and other work,Agriculture,Private business or VUP,Oral agreement,36.0,Urban,Southern Province,26000.0
26,Primary education,Elementary and other work,Agriculture,Private business or VUP,Oral agreement,36.0,Urban,Southern Province,20800.0
29,Primary education,Elementary and other work,Agriculture,Private business or VUP,Oral agreement,24.0,Urban,Southern Province,39000.0
20,Primary education,Elementary and other work,Services,Household,Oral agreement,21.0,Urban,Southern Province,10000.0
25,Upper secondary education,"Education, health and social services",Services,Public institution,Written contract,40.0,Urban,Southern Province,105000.0
19,Lower secondary education,Elementary and other work,Services,Household,Oral agreement,21.0,Urban,Southern Province,10000.0
20,Primary education,Agriculture,Agriculture,Private business or VUP,Oral agreement,45.0,Urban,Southern Province,13000.0
29,Tertiary education,"Business, management and office work",Services,Public institution,Written contract,72.0,Urban,Southern Province,160000.0
25,Primary education,Elementary and other work,Agriculture,Private business or VUP,Oral agreement,30.0,Rural,Western Province,31200.0
21,Primary education,Elementary and other work,Agriculture,Private business or VUP,Oral agreement,15.0,Rural,Western Province,31200.0
30,Primary education,Agriculture,Agriculture,Private business or VUP,Oral agreement,24.0,Rural,Western Province,26000.0
21,Primary education,Elementary and other work,Services,Household,Oral agreement,28.0,Rural,Western Province,10000.0
29,Primary education,Elementary and other work,Agriculture,Private business or VUP,Oral agreement,6.0,Rural,Western Province,31200.0
19,Primary education,Elementary and other work,Agriculture,Private business or VUP,Oral agreement,35.0,Rural,Western Province,24000.0
23,Lower secondary education,Elementary and other work,Agriculture,Private business or VUP,Oral agreement,36.0,Rural,Western Province,26000.0
20,Primary education,Elementary and other work,Agriculture,Private business or VUP,Oral agreement,36.0,Rural,Western Province,20800.0
24,Lower secondary education,Elementary and other work,Industry,Private business or VUP,Oral agreement,45.0,Rural,Western Province,130000.0
21,Primary education,Elementary and other work,Industry,Private business or VUP,Oral agreement,45.0,Rural,Western Province,130000.0
21,Primary education,Elementary and other work,Services,Private business or VUP,Oral agreement,12.0,Rural,Western Province,52000.0
27,Primary education,Elementary and other work,Services,Private business or VUP,Oral agreement,6.0,Rural,Western Province,39000.0
24,Primary education,Elementary and other work,Agriculture,Private business or VUP,Oral agreement,20.0,Rural,Western Province,26000.0
27,Primary education,Elementary and other work,Agriculture,Private business or VUP,Oral agreement,36.0,Rural,Western Province,15600.0
22,Primary education,Elementary and other work,Agriculture,Private business or VUP,Oral agreement,24.0,Rural,Western Province,20800.0
29,Primary education,Elementary and other work,Agriculture,Private business or VUP,Oral agreement,5.0,Rural,Western Province,26000.0
27,Upper secondary education,Skilled trades and operators,Industry,Private business or VUP,Oral agreement,30.0,Rural,Western Province,78000.0
25,Primary education,Elementary and other work,Industry,Private business or VUP,Oral agreement,48.0,Rural,Western Province,52000.0
24,Lower secondary education,Elementary and other work,Agriculture,Private business or VUP,Oral agreement,18.0,Rural,Western Province,26000.0
25,Primary education,Elementary and other work,Agriculture,Private business or VUP,Oral agreement,18.0,Rural,Western Province,26000.0
24,Primary education,Elementary and other work,Industry,Private business or VUP,Oral agreement,60.0,Rural,Western Province,26000.0
28,Primary education,Elementary and other work,Agriculture,Private business or VUP,Oral agreement,30.0,Rural,Western Province,26000.0
27,Primary education,Elementary and other work,Services,Private business or VUP,Oral agreement,72.0,Rural,Western Province,36400.0
23,Primary education,Elementary and other work,Industry,Private business or VUP,Oral agreement,84.0,Rural,Western Province,21666.666
26,Primary education,Elementary and other work,Agriculture,Private business or VUP,Oral agreement,42.0,Rural,Western Province,20800.0
23,Primary education,Elementary and other work,Agriculture,Private business or VUP,Oral agreement,42.0,Rural,Western Province,15600.0
17,Primary education,Elementary and other work,Agriculture,Private business or VUP,Oral agreement,30.0,Rural,Western Province,20800.0
18,Primary education,Elementary and other work,Agriculture,Private business or VUP,Oral agreement,36.0,Rural,Western Province,20800.0
20,Primary education,Agriculture,Agriculture,Private business or VUP,Oral agreement,24.0,Rural,Western Province,20800.0
20,Lower secondary education,Sales and services,Services,Private business or VUP,Oral agreement,25.0,Rural,Western Province,25000.0
20,Primary education,Elementary and other work,Agriculture,Private business or VUP,Oral agreement,20.0,Rural,Western Province,26000.0
28,No formal education,Elementary and other work,Services,Private business or VUP,Oral agreement,36.0,Rural,Western Province,52000.0
22,Primary education,Elementary and other work,Agriculture,Private business or VUP,Oral agreement,48.0,Rural,Western Province,39000.0
19,Primary education,Elementary and other work,Services,Private business or VUP,Oral agreement,40.0,Rural,Western Province,20800.0
24,Primary education,Elementary and other work,Agriculture,Private business or VUP,Oral agreement,36.0,Rural,Western Province,52000.0
16,Primary education,Elementary and other work,Services,Household,Oral agreement,60.0,Urban,Western Province,15000.0
16,Primary education,Elementary and other work,Agriculture,Private business or VUP,Oral agreement,18.0,Rural,Western Province,26000.0
21,Lower secondary education,Elementary and other work,Industry,Private business or VUP,Oral agreement,48.0,Rural,Western Province,30333.334
20,Upper secondary education,Elementary and other work,Agriculture,Private business or VUP,Oral agreement,48.0,Rural,Western Province,52000.0
23,Primary education,Elementary and other work,Agriculture,Private business or VUP,Oral agreement,36.0,Rural,Western Province,39000.0
28,Primary education,Elementary and other work,Agriculture,Private business or VUP,Oral agreement,60.0,Rural,Western Province,31200.0
24,Primary education,Elementary and other work,Agriculture,Private business or VUP,Oral agreement,48.0,Rural,Western Province,31200.0
21,Primary education,Elementary and other work,Industry,Private business or VUP,Oral agreement,40.0,Rural,Western Province,65000.0
17,Primary education,Elementary and other work,Agriculture,Private business or VUP,Oral agreement,24.0,Rural,Western Province,39000.0
24,Lower secondary education,Elementary and other work,Industry,Private business or VUP,Oral agreement,40.0,Rural,Western Province,39000.0
22,Primary education,Elementary and other work,Agriculture,Private business or VUP,Oral agreement,21.0,Rural,Western Province,39000.0
17,Primary education,Elementary and other work,Agriculture,Private business or VUP,Oral agreement,21.0,Rural,Western Province,39000.0
20,Primary education,Elementary and other work,Agriculture,Private business or VUP,Oral agreement,28.0,Urban,Western Province,39000.0
28,Lower secondary education,Skilled trades and operators,Industry,Private business or VUP,Oral agreement,40.0,Urban,Western Province,130000.0
16,Primary education,Elementary and other work,Services,Household,Oral agreement,77.0,Urban,Western Province,10000.0
25,Primary education,Skilled trades and operators,Industry,Private business or VUP,Oral agreement,24.0,Urban,Western Province,130000.0
22,Primary education,Elementary and other work,Agriculture,Private business or VUP,Oral agreement,15.0,Urban,Western Province,52000.0
17,Primary education,Elementary and other work,Agriculture,Private business or VUP,Oral agreement,30.0,Urban,Western Province,39000.0
22,Lower secondary education,Elementary and other work,Agriculture,Private business or VUP,Oral agreement,27.0,Urban,Western Province,39000.0
18,Primary education,Elementary and other work,Agriculture,Private business or VUP,Oral agreement,40.0,Urban,Western Province,52000.0
19,Primary education,Elementary and other work,Agriculture,Private business or VUP,Oral agreement,27.0,Urban,Western Province,26000.0
16,Primary education,Elementary and other work,Agriculture,Private business or VUP,Oral agreement,18.0,Urban,Western Province,26000.0
29,Lower secondary education,Elementary and other work,Agriculture,Private business or VUP,Oral agreement,12.0,Urban,Western Province,26000.0
24,Lower secondary education,Elementary and other work,Agriculture,Private business or VUP,Oral agreement,16.0,Urban,Western Province,18200.0
26,Primary education,Elementary and other work,Services,Private business or VUP,Oral agreement,7.0,Urban,Western Province,52000.0
27,Primary education,Elementary and other work,Agriculture,Private business or VUP,Oral agreement,21.0,Urban,Western Province,26000.0
24,Primary education,Elementary and other work,Agriculture,Private business or VUP,Oral agreement,12.0,Urban,Western Province,52000.0
24,Lower secondary education,Elementary and other work,Agriculture,Private business or VUP,Oral agreement,36.0,Urban,Western Province,26000.0
22,Primary education,Agriculture,Agriculture,Private business or VUP,Oral agreement,38.0,Rural,Western Province,26000.0
22,Primary education,Agriculture,Agriculture,Private business or VUP,Oral agreement,30.0,Rural,Western Province,26000.0
20,Primary education,Elementary and other work,Agriculture,Private business or VUP,Oral agreement,20.0,Rural,Western Province,26000.0
19,Lower secondary education,Elementary and other work,Agriculture,Private business or VUP,Oral agreement,25.0,Rural,Western Province,26000.0
27,Lower secondary education,Elementary and other work,Agriculture,Private business or VUP,Oral agreement,70.0,Rural,Western Province,26000.0
26,Primary education,Elementary and other work,Agriculture,Private business or VUP,Oral agreement,70.0,Rural,Western Province,26000.0
20,Primary education,Elementary and other work,Agriculture,Private business or VUP,Oral agreement,70.0,Rural,Western Province,26000.0
29,Primary education,Elementary and other work,Services,Private business or VUP,Oral agreement,70.0,Rural,Western Province,104000.0
27,Primary education,Elementary and other work,Agriculture,Private business or VUP,Oral agreement,60.0,Rural,Western Province,26000.0
27,Primary education,Elementary and other work,Agriculture,Private business or VUP,Oral agreement,60.0,Rural,Western Province,78000.0
27,Lower secondary education,Elementary and other work,Agriculture,Private business or VUP,Oral agreement,60.0,Rural,Western Province,104000.0
21,Lower secondary education,Elementary and other work,Agriculture,Private business or VUP,Oral agreement,38.0,Rural,Western Province,52000.0
19,Primary education,Elementary and other work,Agriculture,Private business or VUP,Oral agreement,36.0,Rural,Western Province,52000.0
28,Lower secondary education,Elementary and other work,Agriculture,Private business or VUP,Oral agreement,38.0,Rural,Western Province,26000.0
23,Primary education,Elementary and other work,Agriculture,Private business or VUP,Oral agreement,36.0,Rural,Western Province,26000.0
29,Primary education,Elementary and other work,Agriculture,Private business or VUP,Oral agreement,36.0,Rural,Western Province,26000.0
24,Primary education,Elementary and other work,Agriculture,Private business or VUP,Oral agreement,42.0,Rural,Western Province,26000.0
24,Lower secondary education,Elementary and other work,Agriculture,Private business or VUP,Oral agreement,14.0,Rural,Western Province,26000.0
22,No formal education,Agriculture,Agriculture,Private business or VUP,Oral agreement,42.0,Rural,Western Province,26000.0
23,Primary education,Elementary and other work,Agriculture,Private business or VUP,Oral agreement,35.0,Rural,Western Province,26000.0
22,Primary education,Elementary and other work,Agriculture,Private business or VUP,Oral agreement,36.0,Rural,Western Province,26000.0
29,Upper secondary education,Elementary and other work,Agriculture,Private business or VUP,Oral agreement,36.0,Rural,Western Province,31200.0
29,Lower secondary education,Elementary and other work,Services,Private business or VUP,Oral agreement,25.0,Rural,Western Province,52000.0
26,Primary education,Elementary and other work,Services,Private business or VUP,Oral agreement,35.0,Rural,Western Province,31200.0
29,Lower secondary education,Elementary and other work,Industry,Private business or VUP,Oral agreement,35.0,Urban,Western Province,52000.0
30,Upper secondary education,Elementary and other work,Agriculture,Private business or VUP,Oral agreement,36.0,Urban,Western Province,26000.0
20,Primary education,Elementary and other work,Agriculture,Private business or VUP,Oral agreement,35.0,Urban,Western Province,26000.0
30,Lower secondary education,Elementary and other work,Services,Private business or VUP,Oral agreement,8.0,Urban,Western Province,39000.0
24,Primary education,Elementary and other work,Industry,Private business or VUP,Oral agreement,38.0,Urban,Western Province,39000.0
19,Primary education,Elementary and other work,Services,Private business or VUP,Oral agreement,25.0,Rural,Western Province,13000.0
16,Primary education,Agriculture,Agriculture,Private business or VUP,Oral agreement,30.0,Rural,Western Province,26000.0
29,No formal education,Elementary and other work,Services,Private business or VUP,Oral agreement,45.0,Rural,Western Province,26000.0
20,Primary education,Elementary and other work,Industry,Private business or VUP,Oral agreement,42.0,Rural,Western Province,26000.0
22,Upper secondary education,Elementary and other work,Services,Public institution,Written contract,40.0,Rural,Western Province,25000.0
25,No formal education,Sales and services,Services,Private business or VUP,Oral agreement,20.0,Rural,Western Province,18200.0
28,Primary education,Sales and services,Services,Private business or VUP,Oral agreement,45.0,Rural,Western Province,26000.0
18,Primary education,Elementary and other work,Industry,Private business or VUP,Oral agreement,35.0,Rural,Western Province,26000.0
20,Primary education,Agriculture,Industry,Private business or VUP,Oral agreement,45.0,Rural,Western Province,41600.0
29,Lower secondary education,Elementary and other work,Agriculture,Private business or VUP,Oral agreement,24.0,Urban,Western Province,39000.0
21,Primary education,Agriculture,Agriculture,Private business or VUP,Oral agreement,10.0,Urban,Western Province,39000.0
30,Upper secondary education,Sales and services,Services,Private business or VUP,Oral agreement,8.0,Urban,Western Province,78000.0
22,Primary education,Elementary and other work,Agriculture,Private business or VUP,Oral agreement,32.0,Urban,Western Province,39000.0
17,Primary education,Elementary and other work,Services,Household,Oral agreement,60.0,Urban,Western Province,15000.0
24,Lower secondary education,Elementary and other work,Industry,Private business or VUP,Oral agreement,10.0,Urban,Western Province,52000.0
23,Primary education,Elementary and other work,Agriculture,Private business or VUP,Oral agreement,14.0,Urban,Western Province,39000.0
29,Upper secondary education,Elementary and other work,Industry,Private business or VUP,Oral agreement,27.0,Urban,Western Province,91000.0
19,Lower secondary education,Elementary and other work,Industry,Private business or VUP,Oral agreement,18.0,Urban,Western Province,39000.0
17,Primary education,Elementary and other work,Industry,Private business or VUP,Oral agreement,42.0,Rural,Western Province,78000.0
23,Primary education,Elementary and other work,Services,Private business or VUP,Written contract,48.0,Rural,Western Province,30000.0
17,Primary education,Elementary and other work,Agriculture,Private business or VUP,Oral agreement,7.0,Rural,Western Province,39000.0
20,Primary education,Elementary and other work,Industry,Private business or VUP,Oral agreement,16.0,Rural,Western Province,65000.0
24,Primary education,Elementary and other work,Agriculture,Private business or VUP,Oral agreement,24.0,Rural,Western Province,20800.0
22,Primary education,Elementary and other work,Agriculture,Private business or VUP,Oral agreement,35.0,Rural,Western Province,31200.0
23,Primary education,Agriculture,Agriculture,Private business or VUP,Oral agreement,48.0,Rural,Western Province,31200.0
22,Primary education,Agriculture,Agriculture,Private business or VUP,Oral agreement,48.0,Rural,Western Province,31200.0
19,Primary education,Agriculture,Agriculture,Private business or VUP,Oral agreement,46.0,Rural,Western Province,31200.0
26,Primary education,Agriculture,Agriculture,Private business or VUP,Oral agreement,30.0,Rural,Western Province,26000.0
23,Primary education,Elementary and other work,Industry,Private business or VUP,Oral agreement,44.0,Urban,Western Province,78000.0
19,Primary education,Elementary and other work,Services,Household,Oral agreement,42.0,Urban,Western Province,10000.0
19,Primary education,Elementary and other work,Services,Household,Oral agreement,60.0,Urban,Western Province,18000.0
20,Primary education,Elementary and other work,Services,Private business or VUP,Oral agreement,42.0,Urban,Western Province,12000.0
23,Primary education,Agriculture,Agriculture,Private business or VUP,Oral agreement,40.0,Rural,Western Province,39000.0
18,Primary education,Elementary and other work,Industry,Private business or VUP,Oral agreement,50.0,Rural,Western Province,39000.0
30,Primary education,Elementary and other work,Services,Private business or VUP,Oral agreement,42.0,Rural,Western Province,33800.0
27,Primary education,Agriculture,Agriculture,Private business or VUP,Oral agreement,35.0,Rural,Western Province,26000.0
18,Primary education,Agriculture,Agriculture,Private business or VUP,Oral agreement,38.0,Rural,Western Province,39000.0
16,Primary education,Agriculture,Agriculture,Private business or VUP,Oral agreement,40.0,Rural,Western Province,39000.0
28,Primary education,Elementary and other work,Industry,Private business or VUP,Oral agreement,42.0,Rural,Western Province,39000.0
23,Primary education,Elementary and other work,Industry,Private business or VUP,Oral agreement,35.0,Rural,Western Province,39000.0
19,Lower secondary education,Elementary and other work,Industry,Private business or VUP,Oral agreement,28.0,Rural,Western Province,26000.0
28,Primary education,Agriculture,Agriculture,Private business or VUP,Oral agreement,48.0,Rural,Western Province,26000.0
27,Primary education,Agriculture,Agriculture,Private business or VUP,Oral agreement,40.0,Rural,Western Province,26000.0
21,Primary education,Agriculture,Agriculture,Private business or VUP,Oral agreement,35.0,Rural,Western Province,26000.0
22,No formal education,Elementary and other work,Services,Private business or VUP,Oral agreement,35.0,Rural,Western Province,26000.0
20,No formal education,Elementary and other work,Services,Private business or VUP,Oral agreement,30.0,Rural,Western Province,26000.0
30,Lower secondary education,Agriculture,Agriculture,Private business or VUP,Oral agreement,24.0,Rural,Western Province,20800.0
24,Primary education,Agriculture,Agriculture,Private business or VUP,Oral agreement,57.0,Rural,Western Province,26000.0
24,Primary education,Agriculture,Agriculture,Private business or VUP,Oral agreement,21.0,Rural,Western Province,26000.0
29,Primary education,Agriculture,Agriculture,Private business or VUP,Oral agreement,45.0,Rural,Western Province,52000.0
27,Primary education,Agriculture,Agriculture,Private business or VUP,Oral agreement,35.0,Rural,Western Province,26000.0
21,Primary education,Agriculture,Agriculture,Private business or VUP,Oral agreement,24.0,Rural,Western Province,31200.0
17,Primary education,Agriculture,Agriculture,Private business or VUP,Oral agreement,30.0,Rural,Western Province,31200.0
26,Primary education,Agriculture,Agriculture,Private business or VUP,Oral agreement,18.0,Rural,Northern Province,26000.0
27,Primary education,Elementary and other work,Agriculture,Private business or VUP,Oral agreement,18.0,Rural,Northern Province,26000.0
29,Primary education,Skilled trades and operators,Industry,Private business or VUP,Oral agreement,18.0,Rural,Northern Province,78000.0
22,Primary education,Elementary and other work,Agriculture,Private business or VUP,Oral agreement,36.0,Rural,Northern Province,18200.0
28,Primary education,Elementary and other work,Agriculture,Private business or VUP,Oral agreement,18.0,Rural,Northern Province,26000.0
29,Primary education,Agriculture,Agriculture,Private business or VUP,Oral agreement,36.0,Rural,Northern Province,20800.0
17,Primary education,Agriculture,Agriculture,Private business or VUP,Oral agreement,36.0,Rural,Northern Province,20800.0
21,Primary education,Elementary and other work,Services,Private business or VUP,Oral agreement,49.0,Rural,Northern Province,26000.0
20,Primary education,Elementary and other work,Agriculture,Private business or VUP,Oral agreement,36.0,Rural,Northern Province,26000.0
19,Primary education,Elementary and other work,Industry,Private business or VUP,Oral agreement,40.0,Rural,Northern Province,65000.0
28,Primary education,Elementary and other work,Agriculture,Private business or VUP,Oral agreement,36.0,Rural,Northern Province,26000.0
19,Primary education,Elementary and other work,Agriculture,Private business or VUP,Oral agreement,36.0,Rural,Northern Province,26000.0
19,Primary education,Elementary and other work,Services,Private business or VUP,Oral agreement,42.0,Rural,Northern Province,26000.0
19,Primary education,Elementary and other work,Agriculture,Private business or VUP,Oral agreement,36.0,Rural,Northern Province,26000.0
17,Primary education,Elementary and other work,Agriculture,Private business or VUP,Oral agreement,36.0,Rural,Northern Province,39000.0
24,Primary education,Elementary and other work,Agriculture,Private business or VUP,Oral agreement,24.0,Rural,Northern Province,26000.0
23,Tertiary education,"Education, health and social services",Services,Private business or VUP,Oral agreement,50.0,Urban,Northern Province,260000.0
27,Primary education,Elementary and other work,Services,Household,Written contract,70.0,Urban,Northern Province,30000.0
21,Upper secondary education,Sales and services,Services,Private business or VUP,Oral agreement,45.0,Urban,Northern Province,85000.0
20,Primary education,Elementary and other work,Services,Household,Oral agreement,48.0,Urban,Northern Province,20000.0
19,Lower secondary education,Elementary and other work,Services,Household,Oral agreement,48.0,Urban,Northern Province,15000.0
24,Upper secondary education,Sales and services,Services,Private business or VUP,Oral agreement,24.0,Urban,Northern Province,80000.0
19,Lower secondary education,Elementary and other work,Industry,Private business or VUP,Oral agreement,45.0,Urban,Northern Province,78000.0
21,Lower secondary education,Elementary and other work,Services,Household,Oral agreement,66.0,Urban,Northern Province,20000.0
19,Primary education,Elementary and other work,Services,Household,Written contract,60.0,Urban,Northern Province,20000.0
27,Lower secondary education,Agriculture,Agriculture,Private business or VUP,Oral agreement,18.0,Urban,Northern Province,31200.0
18,Primary education,Elementary and other work,Agriculture,Private business or VUP,Oral agreement,16.0,Urban,Northern Province,39000.0
28,Primary education,Elementary and other work,Agriculture,Private business or VUP,Oral agreement,40.0,Urban,Northern Province,52000.0
30,Primary education,Agriculture,Agriculture,Private business or VUP,Oral agreement,36.0,Rural,Northern Province,52000.0
24,Primary education,Elementary and other work,Industry,Private business or VUP,Oral agreement,28.0,Rural,Northern Province,52000.0
21,Primary education,Elementary and other work,Services,Household,Oral agreement,60.0,Rural,Northern Province,20000.0
24,Primary education,Elementary and other work,Agriculture,Private business or VUP,Oral agreement,45.0,Rural,Northern Province,39000.0
22,Primary education,Elementary and other work,Agriculture,Private business or VUP,Oral agreement,18.0,Rural,Northern Province,39000.0
30,Primary education,Elementary and other work,Agriculture,Private business or VUP,Oral agreement,30.0,Rural,Northern Province,26000.0
27,Primary education,Elementary and other work,Industry,Private business or VUP,Oral agreement,33.0,Rural,Northern Province,52000.0
19,Primary education,Elementary and other work,Services,Household,Oral agreement,21.0,Rural,Northern Province,10000.0
23,Primary education,Skilled trades and operators,Industry,Private business or VUP,Oral agreement,40.0,Rural,Northern Province,208000.0
21,Primary education,Agriculture,Agriculture,Private business or VUP,Oral agreement,8.0,Rural,Northern Province,52000.0
28,Upper secondary education,"Education, health and social services",Services,Public institution,Written contract,40.0,Rural,Northern Province,121000.0
26,Upper secondary education,"Education, health and social services",Services,Public institution,Written contract,40.0,Rural,Northern Province,121000.0
29,Upper secondary education,"Education, health and social services",Services,Public institution,Written contract,40.0,Rural,Northern Province,121000.0
30,Lower secondary education,Elementary and other work,Agriculture,Private business or VUP,Oral agreement,21.0,Rural,Northern Province,31200.0
30,Primary education,Elementary and other work,Agriculture,Private business or VUP,Oral agreement,14.0,Rural,Northern Province,31200.0
22,Primary education,Elementary and other work,Industry,Private business or VUP,Oral agreement,6.0,Rural,Northern Province,39000.0
21,Lower secondary education,Elementary and other work,Agriculture,Private business or VUP,Oral agreement,6.0,Rural,Northern Province,26000.0
20,Primary education,Sales and services,Services,Private business or VUP,Oral agreement,40.0,Rural,Northern Province,15000.0
16,Primary education,Elementary and other work,Agriculture,Private business or VUP,Oral agreement,30.0,Rural,Northern Province,26000.0
20,Primary education,Agriculture,Agriculture,Private business or VUP,Oral agreement,20.0,Rural,Northern Province,18200.0
18,Primary education,Elementary and other work,Services,Household,Oral agreement,49.0,Rural,Northern Province,10000.0
20,Primary education,Elementary and other work,Agriculture,Private business or VUP,Oral agreement,18.0,Rural,Northern Province,33800.0
30,Primary education,Elementary and other work,Agriculture,Private business or VUP,Oral agreement,9.0,Rural,Northern Province,26000.0
24,Primary education,Elementary and other work,Agriculture,Private business or VUP,Oral agreement,9.0,Rural,Northern Province,39000.0
21,Lower secondary education,Elementary and other work,Agriculture,Private business or VUP,Oral agreement,24.0,Rural,Northern Province,39000.0
21,Lower secondary education,Elementary and other work,Services,Private business or VUP,Oral agreement,35.0,Rural,Northern Province,31200.0
17,Primary education,Elementary and other work,Services,Private business or VUP,Oral agreement,35.0,Rural,Northern Province,31200.0
21,Primary education,Elementary and other work,Agriculture,Private business or VUP,Oral agreement,32.0,Rural,Northern Province,26000.0
30,Upper secondary education,"Education, health and social services",Services,Public-private enterprise,Written contract,40.0,Rural,Northern Province,100000.0
24,Upper secondary education,"Business, management and office work",Industry,Private business or VUP,Written contract,72.0,Rural,Northern Province,70000.0
29,Primary education,Elementary and other work,Agriculture,Private business or VUP,Oral agreement,45.0,Rural,Northern Province,39000.0
26,Primary education,Elementary and other work,Agriculture,Private business or VUP,Oral agreement,8.0,Rural,Northern Province,26000.0
24,Primary education,Agriculture,Agriculture,Private business or VUP,Oral agreement,5.0,Rural,Northern Province,26000.0
20,Upper secondary education,"Education, health and social services",Services,Private business or VUP,Oral agreement,45.0,Rural,Northern Province,30000.0
20,Upper secondary education,Elementary and other work,Services,Public institution,Oral agreement,45.0,Rural,Northern Province,30000.0
17,Primary education,Agriculture,Agriculture,Private business or VUP,Oral agreement,40.0,Rural,Northern Province,10000.0
27,Lower secondary education,Elementary and other work,Agriculture,Private business or VUP,Oral agreement,6.0,Rural,Northern Province,26000.0
20,Primary education,Elementary and other work,Agriculture,Private business or VUP,Oral agreement,6.0,Rural,Northern Province,20800.0
22,Primary education,Agriculture,Agriculture,Private business or VUP,Oral agreement,15.0,Rural,Northern Province,20800.0
19,Primary education,Elementary and other work,Industry,Private business or VUP,Oral agreement,27.0,Rural,Northern Province,26000.0
30,Primary education,Elementary and other work,Agriculture,Private business or VUP,Oral agreement,36.0,Rural,Eastern Province,26000.0
22,No formal education,Agriculture,Agriculture,Private business or VUP,Oral agreement,18.0,Rural,Eastern Province,31200.0
21,Primary education,Agriculture,Agriculture,Private business or VUP,Oral agreement,36.0,Rural,Eastern Province,31200.0
22,Primary education,Agriculture,Agriculture,Private business or VUP,Oral agreement,36.0,Rural,Eastern Province,26000.0
19,Primary education,Agriculture,Agriculture,Private business or VUP,Oral agreement,36.0,Rural,Eastern Province,26000.0
21,Primary education,Elementary and other work,Agriculture,Private business or VUP,Oral agreement,36.0,Rural,Eastern Province,26000.0
20,Primary education,Agriculture,Agriculture,Private business or VUP,Oral agreement,42.0,Rural,Eastern Province,26000.0
28,Lower secondary education,Elementary and other work,Agriculture,Private business or VUP,Oral agreement,42.0,Urban,Eastern Province,26000.0
20,Primary education,Agriculture,Agriculture,Private business or VUP,Oral agreement,36.0,Urban,Eastern Province,26000.0
27,Primary education,Elementary and other work,Agriculture,Private business or VUP,Oral agreement,20.0,Rural,Eastern Province,26000.0
23,Lower secondary education,Skilled trades and operators,Industry,Private business or VUP,Oral agreement,40.0,Rural,Eastern Province,130000.0
24,Primary education,Agriculture,Agriculture,Private business or VUP,Oral agreement,25.0,Rural,Eastern Province,26000.0
19,Primary education,Elementary and other work,Agriculture,Private business or VUP,Oral agreement,30.0,Rural,Eastern Province,26000.0
18,Primary education,Elementary and other work,Agriculture,Private business or VUP,Oral agreement,15.0,Rural,Eastern Province,26000.0
21,Primary education,Agriculture,Agriculture,Private business or VUP,Oral agreement,56.0,Urban,Eastern Province,30000.0
21,Primary education,Agriculture,Agriculture,Private business or VUP,Oral agreement,56.0,Urban,Eastern Province,30000.0
22,Lower secondary education,Elementary and other work,Services,Household,Oral agreement,54.0,Urban,Eastern Province,20000.0
27,Lower secondary education,Elementary and other work,Services,Household,Oral agreement,67.0,Urban,Eastern Province,25000.0
24,Primary education,Elementary and other work,Services,Household,Oral agreement,54.0,Urban,Eastern Province,15000.0
30,Primary education,Agriculture,Agriculture,Private business or VUP,Oral agreement,36.0,Urban,Eastern Province,39000.0
18,Primary education,Elementary and other work,Services,Household,Oral agreement,36.0,Urban,Eastern Province,12000.0
17,Primary education,Agriculture,Agriculture,Private business or VUP,Oral agreement,42.0,Urban,Eastern Province,15000.0
25,Lower secondary education,Elementary and other work,Industry,Private business or VUP,Oral agreement,45.0,Urban,Eastern Province,156000.0
28,Primary education,Elementary and other work,Agriculture,Private business or VUP,Oral agreement,24.0,Rural,Eastern Province,39000.0
23,Primary education,Elementary and other work,Agriculture,Private business or VUP,Oral agreement,24.0,Rural,Eastern Province,39000.0
18,Primary education,Agriculture,Agriculture,Private business or VUP,Oral agreement,1.0,Rural,Eastern Province,26000.0
30,Lower secondary education,Elementary and other work,Agriculture,Private business or VUP,Oral agreement,36.0,Rural,Eastern Province,26000.0
30,No formal education,Elementary and other work,Agriculture,Private business or VUP,Oral agreement,36.0,Rural,Eastern Province,26000.0
22,Pre-primary,Elementary and other work,Agriculture,Private business or VUP,Oral agreement,15.0,Rural,Eastern Province,26000.0
18,Lower secondary education,Elementary and other work,Agriculture,Private business or VUP,Oral agreement,12.0,Rural,Eastern Province,26000.0
19,Primary education,Agriculture,Agriculture,Private business or VUP,Oral agreement,36.0,Rural,Eastern Province,10000.0
23,Upper secondary education,Sales and services,Services,Private business or VUP,Oral agreement,40.0,Rural,Eastern Province,25000.0
20,Primary education,Elementary and other work,Services,Household,Oral agreement,48.0,Rural,Eastern Province,14000.0
19,Lower secondary education,Agriculture,Agriculture,Private business or VUP,Oral agreement,30.0,Rural,Eastern Province,26000.0
24,Primary education,Agriculture,Agriculture,Private business or VUP,Oral agreement,30.0,Rural,Eastern Province,39000.0
22,Primary education,Agriculture,Agriculture,Private business or VUP,Oral agreement,30.0,Rural,Eastern Province,26000.0
18,Primary education,Elementary and other work,Services,Private business or VUP,Oral agreement,35.0,Rural,Eastern Province,39000.0
25,Primary education,Elementary and other work,Agriculture,Private business or VUP,Oral agreement,14.0,Rural,Eastern Province,39000.0
20,No formal education,Elementary and other work,Agriculture,Private business or VUP,Oral agreement,30.0,Rural,Eastern Province,39000.0
18,Primary education,Elementary and other work,Agriculture,Private business or VUP,Oral agreement,30.0,Rural,Eastern Province,39000.0
25,Upper secondary education,Sales and services,Services,Private business or VUP,Oral agreement,40.0,Rural,Eastern Province,40000.0
21,Lower secondary education,Agriculture,Agriculture,Private business or VUP,Oral agreement,70.0,Rural,Eastern Province,40000.0
29,Primary education,Agriculture,Agriculture,Private business or VUP,Oral agreement,84.0,Rural,Eastern Province,30000.0
20,Primary education,Agriculture,Agriculture,Private business or VUP,Oral agreement,84.0,Rural,Eastern Province,30000.0
27,Primary education,Elementary and other work,Agriculture,Private business or VUP,Oral agreement,25.0,Rural,Eastern Province,39000.0
30,Primary education,Elementary and other work,Agriculture,Private business or VUP,Oral agreement,46.0,Rural,Eastern Province,52000.0
22,Lower secondary education,Agriculture,Agriculture,Private business or VUP,Oral agreement,40.0,Rural,Eastern Province,91000.0
18,Lower secondary education,Elementary and other work,Agriculture,Private business or VUP,Oral agreement,30.0,Rural,Eastern Province,26000.0
28,Tertiary education,"Education, health and social services",Services,Public institution,Written contract,39.0,Rural,Eastern Province,120000.0
23,Tertiary education,"Education, health and social services",Services,Public institution,Written contract,38.0,Rural,Eastern Province,120000.0
23,Upper secondary education,"Education, health and social services",Services,Private business or VUP,Oral agreement,10.0,Rural,Eastern Province,25000.0
28,Tertiary education,"Education, health and social services",Services,Public institution,Written contract,40.0,Rural,Eastern Province,250000.0
18,Lower secondary education,Elementary and other work,Agriculture,Private business or VUP,Oral agreement,36.0,Rural,Eastern Province,26000.0
24,Primary education,Agriculture,Agriculture,Private business or VUP,Oral agreement,30.0,Rural,Eastern Province,20800.0
21,Pre-primary,Agriculture,Agriculture,Private business or VUP,Oral agreement,30.0,Rural,Eastern Province,20800.0
27,Primary education,Elementary and other work,Agriculture,Private business or VUP,Oral agreement,42.0,Rural,Eastern Province,18200.0
25,Lower secondary education,Elementary and other work,Agriculture,Private business or VUP,Oral agreement,42.0,Rural,Eastern Province,15600.0
26,No formal education,Elementary and other work,Agriculture,Private business or VUP,Oral agreement,36.0,Rural,Eastern Province,20800.0
20,Primary education,Elementary and other work,Agriculture,Private business or VUP,Oral agreement,36.0,Rural,Eastern Province,20800.0
26,Tertiary education,"Education, health and social services",Services,Public institution,Written contract,36.0,Rural,Eastern Province,246380.0
29,Tertiary education,"Business, management and office work",Services,Public institution,Oral agreement,40.0,Rural,Eastern Province,79000.0
24,Primary education,Agriculture,Agriculture,Other,Oral agreement,20.0,Rural,Eastern Province,26000.0
24,Primary education,Sales and services,Services,Public institution,Written contract,45.0,Rural,Eastern Province,20000.0
23,Tertiary education,"Education, health and social services",Services,Public institution,Written contract,40.0,Rural,Eastern Province,112000.0
27,Primary education,Elementary and other work,Agriculture,Private business or VUP,Oral agreement,18.0,Rural,Eastern Province,26000.0
24,Upper secondary education,Sales and services,Services,Private business or VUP,Oral agreement,56.0,Urban,Eastern Province,104000.0
21,Upper secondary education,Elementary and other work,Industry,Private business or VUP,Oral agreement,32.0,Urban,Eastern Province,39000.0
22,Primary education,"Education, health and social services",Services,Private business or VUP,Written contract,21.0,Urban,Eastern Province,150000.0
27,Lower secondary education,Elementary and other work,Industry,Private business or VUP,Oral agreement,70.0,Urban,Eastern Province,182000.0
23,Primary education,Elementary and other work,Industry,Private business or VUP,Oral agreement,27.0,Urban,Eastern Province,43333.332
21,Lower secondary education,Elementary and other work,Industry,Private business or VUP,Oral agreement,36.0,Urban,Eastern Province,49833.332
28,Upper secondary education,Elementary and other work,Services,Private business or VUP,Oral agreement,10.0,Urban,Eastern Province,26000.0
20,Primary education,Elementary and other work,Services,Household,Oral agreement,36.0,Urban,Eastern Province,10000.0
24,Upper secondary education,Elementary and other work,Industry,Private business or VUP,Oral agreement,16.0,Urban,Eastern Province,78000.0
27,Tertiary education,"Business, management and office work",Industry,Private business or VUP,Written contract,40.0,Urban,Eastern Province,350000.0
27,Tertiary education,"Business, management and office work",Industry,Private business or VUP,Written contract,40.0,Urban,Eastern Province,150000.0
23,Upper secondary education,"Education, health and social services",Services,Private business or VUP,Written contract,40.0,Urban,Eastern Province,100000.0
24,Primary education,Elementary and other work,Industry,Private business or VUP,Oral agreement,12.0,Rural,Eastern Province,52000.0
30,Upper secondary education,"Education, health and social services",Services,Public institution,Written contract,40.0,Rural,Eastern Province,115000.0
27,Primary education,Elementary and other work,Agriculture,Private business or VUP,Oral agreement,35.0,Rural,Eastern Province,26000.0
30,Primary education,Elementary and other work,Agriculture,Private business or VUP,Oral agreement,15.0,Rural,Eastern Province,26000.0
27,Primary education,Elementary and other work,Agriculture,Private business or VUP,Oral agreement,20.0,Rural,Eastern Province,26000.0
30,Primary education,Agriculture,Agriculture,Private business or VUP,Oral agreement,20.0,Rural,Eastern Province,20800.0
30,Primary education,Elementary and other work,Agriculture,Private business or VUP,Oral agreement,12.0,Rural,Eastern Province,20800.0
27,Primary education,Agriculture,Agriculture,Private business or VUP,Oral agreement,8.0,Rural,Eastern Province,26000.0
29,Primary education,Elementary and other work,Agriculture,Private business or VUP,Oral agreement,25.0,Rural,Eastern Province,31200.0
20,Primary education,Elementary and other work,Agriculture,Private business or VUP,Oral agreement,25.0,Rural,Eastern Province,31200.0
23,Lower secondary education,Agriculture,Agriculture,Private business or VUP,Oral agreement,30.0,Rural,Eastern Province,26000.0
28,Primary education,Elementary and other work,Agriculture,Private business or VUP,Oral agreement,49.0,Rural,Eastern Province,46800.0
26,Primary education,Elementary and other work,Agriculture,Private business or VUP,Oral agreement,35.0,Rural,Eastern Province,31200.0
27,Lower secondary education,Agriculture,Agriculture,Private business or VUP,Oral agreement,25.0,Rural,Eastern Province,26000.0
27,Primary education,Elementary and other work,Agriculture,Private business or VUP,Oral agreement,36.0,Rural,Eastern Province,52000.0
25,Lower secondary education,Elementary and other work,Agriculture,Private business or VUP,Oral agreement,36.0,Rural,Eastern Province,52000.0
21,Lower secondary education,Elementary and other work,Agriculture,Private business or VUP,Oral agreement,36.0,Rural,Eastern Province,52000.0
24,Primary education,Elementary and other work,Agriculture,Private business or VUP,Oral agreement,12.0,Rural,Eastern Province,52000.0
23,Primary education,Elementary and other work,Agriculture,Private business or VUP,Oral agreement,36.0,Rural,Eastern Province,52000.0
21,Primary education,Elementary and other work,Agriculture,Private business or VUP,Oral agreement,36.0,Rural,Eastern Province,34666.668
25,Primary education,Elementary and other work,Agriculture,Private business or VUP,Oral agreement,42.0,Rural,Eastern Province,43333.332
21,Primary education,Agriculture,Agriculture,Private business or VUP,Oral agreement,32.0,Rural,Eastern Province,26000.0
17,Primary education,Agriculture,Agriculture,Private business or VUP,Oral agreement,42.0,Rural,Eastern Province,26000.0
25,Primary education,Elementary and other work,Agriculture,Private business or VUP,Oral agreement,20.0,Rural,Eastern Province,26000.0
23,Lower secondary education,Elementary and other work,Agriculture,Private business or VUP,Oral agreement,30.0,Rural,Eastern Province,26000.0
30,Lower secondary education,Elementary and other work,Agriculture,Private business or VUP,Oral agreement,12.0,Rural,Eastern Province,26000.0
25,Primary education,Elementary and other work,Agriculture,Private business or VUP,Oral agreement,24.0,Rural,Eastern Province,26000.0
18,Primary education,Elementary and other work,Agriculture,Private business or VUP,Oral agreement,15.0,Rural,Eastern Province,26000.0
19,Primary education,Elementary and other work,Agriculture,Private business or VUP,Oral agreement,15.0,Rural,Eastern Province,26000.0
23,Primary education,Elementary and other work,Agriculture,Private business or VUP,Oral agreement,30.0,Rural,Eastern Province,78000.0
23,No formal education,Agriculture,Agriculture,Private business or VUP,Oral agreement,36.0,Rural,Eastern Province,33800.0
20,Primary education,Agriculture,Agriculture,Private business or VUP,Oral agreement,42.0,Rural,Eastern Province,33800.0
28,Primary education,Agriculture,Agriculture,Private business or VUP,Oral agreement,12.0,Rural,Eastern Province,26000.0
24,No formal education,Agriculture,Agriculture,Private business or VUP,Oral agreement,18.0,Rural,Eastern Province,26000.0
25,Primary education,Elementary and other work,Agriculture,Private business or VUP,Oral agreement,30.0,Rural,Eastern Province,26000.0
16,Primary education,Elementary and other work,Agriculture,Private business or VUP,Oral agreement,35.0,Rural,Eastern Province,20800.0
27,Primary education,Agriculture,Agriculture,Private business or VUP,Oral agreement,56.0,Rural,Eastern Province,40000.0
27,Primary education,Elementary and other work,Services,Private business or VUP,Oral agreement,56.0,Rural,Eastern Province,130000.0
24,Primary education,Elementary and other work,Industry,Private business or VUP,Oral agreement,45.0,Rural,Eastern Province,52000.0
30,Primary education,Elementary and other work,Agriculture,Private business or VUP,Oral agreement,36.0,Rural,Eastern Province,26000.0
30,Primary education,Elementary and other work,Industry,Private business or VUP,Written contract,64.0,Rural,Eastern Province,60000.0
23,Lower secondary education,Elementary and other work,Industry,Private business or VUP,Oral agreement,27.0,Rural,Eastern Province,52000.0
19,Primary education,Elementary and other work,Industry,Private business or VUP,Oral agreement,40.0,Rural,Eastern Province,65000.0
27,Primary education,Sales and services,Services,Private business or VUP,Oral agreement,35.0,Rural,Eastern Province,52000.0
18,Lower secondary education,Agriculture,Agriculture,Private business or VUP,Oral agreement,48.0,Rural,Eastern Province,30333.334
28,No formal education,Agriculture,Agriculture,Private business or VUP,Oral agreement,28.0,Rural,Eastern Province,39000.0
26,Primary education,Agriculture,Agriculture,Private business or VUP,Oral agreement,30.0,Rural,Eastern Province,31200.0
19,Primary education,Sales and services,Services,NGO or international organisation,Oral agreement,55.0,Rural,Eastern Province,46000.0
24,Lower secondary education,Elementary and other work,Agriculture,Private business or VUP,Oral agreement,35.0,Rural,Eastern Province,31200.0
22,No formal education,Elementary and other work,Agriculture,Private business or VUP,Oral agreement,36.0,Rural,Eastern Province,31200.0
30,Primary education,Elementary and other work,Agriculture,Private business or VUP,Oral agreement,36.0,Rural,Eastern Province,65000.0
21,Primary education,Agriculture,Agriculture,Private business or VUP,Oral agreement,36.0,Rural,Eastern Province,21666.666
27,Primary education,Elementary and other work,Agriculture,Private business or VUP,Oral agreement,42.0,Rural,Eastern Province,26000.0
23,No formal education,Elementary and other work,Agriculture,Private business or VUP,Oral agreement,42.0,Rural,Eastern Province,26000.0
16,Primary education,Elementary and other work,Agriculture,Private business or VUP,Oral agreement,42.0,Rural,Eastern Province,26000.0
20,Primary education,Elementary and other work,Agriculture,Private business or VUP,Oral agreement,36.0,Rural,Eastern Province,31200.0
28,Primary education,Elementary and other work,Agriculture,Private business or VUP,Oral agreement,35.0,Rural,Eastern Province,26000.0
20,Primary education,Agriculture,Agriculture,Private business or VUP,Oral agreement,36.0,Rural,Eastern Province,39000.0
18,Primary education,Agriculture,Agriculture,Private business or VUP,Oral agreement,36.0,Rural,Eastern Province,39000.0
16,Primary education,Agriculture,Agriculture,Private business or VUP,Oral agreement,36.0,Rural,Eastern Province,39000.0
18,Primary education,Agriculture,Agriculture,Private business or VUP,Oral agreement,15.0,Urban,Eastern Province,26000.0
21,Primary education,Elementary and other work,Agriculture,Private business or VUP,Oral agreement,36.0,Urban,Eastern Province,39000.0
19,Primary education,Elementary and other work,Agriculture,Private business or VUP,Oral agreement,36.0,Urban,Eastern Province,39000.0
25,Primary education,Elementary and other work,Agriculture,Private business or VUP,Oral agreement,36.0,Urban,Eastern Province,26000.0
19,Primary education,Elementary and other work,Agriculture,Private business or VUP,Oral agreement,36.0,Urban,Eastern Province,31200.0
17,Lower secondary education,Elementary and other work,Services,Household,Oral agreement,40.0,Urban,Eastern Province,20000.0
30,Upper secondary education,Sales and services,Services,Public institution,Written contract,40.0,Urban,Eastern Province,52000.0
24,Primary education,Elementary and other work,Agriculture,Private business or VUP,Oral agreement,45.0,Urban,Eastern Province,39000.0
25,No formal education,Elementary and other work,Agriculture,Private business or VUP,Oral agreement,36.0,Urban,Eastern Province,39000.0
18,Primary education,Elementary and other work,Services,Household,Oral agreement,40.0,Urban,Eastern Province,15000.0
19,Primary education,Elementary and other work,Agriculture,Private business or VUP,Oral agreement,18.0,Urban,Eastern Province,26000.0
29,Primary education,Elementary and other work,Agriculture,Private business or VUP,Written contract,36.0,Urban,Eastern Province,39000.0
23,Primary education,Elementary and other work,Services,Private business or VUP,Oral agreement,40.0,Urban,Eastern Province,26000.0
19,Lower secondary education,Elementary and other work,Services,Household,Oral agreement,60.0,Urban,Eastern Province,7000.0
21,Primary education,Elementary and other work,Services,Household,Oral agreement,42.0,Urban,Eastern Province,10000.0
21,Primary education,Elementary and other work,Services,Household,Oral agreement,63.0,Urban,Eastern Province,20000.0
18,Primary education,Elementary and other work,Services,Household,Oral agreement,63.0,Urban,Kigali city,20000.0
25,Tertiary education,"Business, management and office work",Industry,Public institution,Written contract,40.0,Urban,Kigali city,170000.0
21,Primary education,Elementary and other work,Services,Household,Oral agreement,56.0,Urban,Kigali city,20000.0
24,Lower secondary education,Skilled trades and operators,Industry,Private business or VUP,Oral agreement,40.0,Urban,Kigali city,104000.0
20,Primary education,Agriculture,Agriculture,Private business or VUP,Oral agreement,40.0,Rural,Kigali city,39000.0
23,Primary education,Elementary and other work,Services,Private business or VUP,Oral agreement,48.0,Rural,Kigali city,52000.0
18,Primary education,Agriculture,Agriculture,Private business or VUP,Oral agreement,36.0,Rural,Kigali city,39000.0
28,Primary education,Agriculture,Agriculture,Private business or VUP,Oral agreement,36.0,Rural,Kigali city,39000.0
24,Primary education,Skilled trades and operators,Industry,Public institution,Written contract,48.0,Rural,Kigali city,80000.0
28,Primary education,Elementary and other work,Agriculture,Private business or VUP,Oral agreement,36.0,Urban,Kigali city,26000.0
28,Primary education,Skilled trades and operators,Services,Private business or VUP,Oral agreement,84.0,Urban,Kigali city,43333.332
25,Upper secondary education,Elementary and other work,Agriculture,Private business or VUP,Oral agreement,30.0,Urban,Kigali city,39000.0
22,Upper secondary education,Elementary and other work,Industry,Private business or VUP,Oral agreement,48.0,Urban,Kigali city,52000.0
30,Primary education,"Business, management and office work",Services,Private business or VUP,Oral agreement,77.0,Urban,Kigali city,30000.0
24,Primary education,Elementary and other work,Services,Household,Oral agreement,63.0,Urban,Kigali city,20000.0
18,Primary education,Elementary and other work,Services,Household,Oral agreement,56.0,Urban,Kigali city,15000.0
26,Upper secondary education,Sales and services,Services,Private business or VUP,Oral agreement,40.0,Urban,Kigali city,78000.0
21,Upper secondary education,Sales and services,Services,Private business or VUP,Oral agreement,40.0,Urban,Kigali city,78000.0
23,Lower secondary education,Elementary and other work,Services,Household,Oral agreement,63.0,Urban,Kigali city,30000.0
19,Primary education,Elementary and other work,Services,Household,Oral agreement,70.0,Urban,Kigali city,10000.0
26,Upper secondary education,Sales and services,Services,Private business or VUP,Written contract,54.0,Urban,Kigali city,100000.0
23,Lower secondary education,Elementary and other work,Services,Household,Oral agreement,49.0,Urban,Kigali city,20000.0
19,Lower secondary education,Elementary and other work,Services,Household,Oral agreement,63.0,Urban,Kigali city,15000.0
25,Upper secondary education,Sales and services,Services,Private business or VUP,Oral agreement,48.0,Urban,Kigali city,40000.0
22,Upper secondary education,Sales and services,Services,Private business or VUP,Oral agreement,40.0,Urban,Kigali city,40000.0
30,Tertiary education,"Education, health and social services",Services,Public-private enterprise,Written contract,40.0,Urban,Kigali city,230000.0
23,Primary education,Elementary and other work,Services,Household,Oral agreement,56.0,Urban,Kigali city,20000.0
19,Primary education,Elementary and other work,Services,Household,Oral agreement,77.0,Urban,Kigali city,15000.0
19,Primary education,Elementary and other work,Services,Household,Oral agreement,63.0,Urban,Kigali city,20000.0
20,Primary education,Elementary and other work,Services,Household,Oral agreement,60.0,Urban,Kigali city,20000.0
22,Primary education,Elementary and other work,Services,Household,Oral agreement,56.0,Urban,Kigali city,20000.0
24,Primary education,Elementary and other work,Services,Household,Oral agreement,60.0,Urban,Kigali city,20000.0
23,Lower secondary education,Elementary and other work,Industry,Private business or VUP,Oral agreement,30.0,Urban,Kigali city,91000.0
28,Upper secondary education,Elementary and other work,Industry,Private business or VUP,Oral agreement,30.0,Urban,Kigali city,78000.0
30,Lower secondary education,Elementary and other work,Industry,Private business or VUP,Written contract,48.0,Urban,Kigali city,40105.0
18,Lower secondary education,Elementary and other work,Services,Household,Oral agreement,70.0,Urban,Kigali city,20000.0
30,Upper secondary education,Skilled trades and operators,Industry,Private business or VUP,Oral agreement,36.0,Urban,Kigali city,260000.0
22,Upper secondary education,Sales and services,Services,Private business or VUP,Oral agreement,50.0,Urban,Kigali city,50000.0
21,Primary education,Elementary and other work,Services,Household,Oral agreement,70.0,Urban,Kigali city,15000.0
20,Lower secondary education,Elementary and other work,Industry,Private business or VUP,Oral agreement,54.0,Urban,Kigali city,104000.0
25,Primary education,Sales and services,Services,Public institution,Oral agreement,42.0,Urban,Kigali city,40000.0
23,Tertiary education,"Education, health and social services",Services,Private business or VUP,Written contract,42.0,Urban,Kigali city,120000.0
20,Upper secondary education,"Education, health and social services",Services,Private business or VUP,Oral agreement,40.0,Urban,Kigali city,100000.0
25,Lower secondary education,Elementary and other work,Services,Household,Oral agreement,42.0,Urban,Kigali city,20000.0
17,Primary education,Elementary and other work,Services,Private business or VUP,Oral agreement,35.0,Urban,Kigali city,15000.0
22,Upper secondary education,Skilled trades and operators,Services,Private business or VUP,Oral agreement,54.0,Urban,Kigali city,80000.0
29,Primary education,Elementary and other work,Services,Private business or VUP,Oral agreement,63.0,Urban,Kigali city,25000.0
26,Lower secondary education,Skilled trades and operators,Industry,Private business or VUP,Oral agreement,45.0,Urban,Kigali city,312000.0
26,Primary education,Sales and services,Services,Private business or VUP,Oral agreement,77.0,Urban,Kigali city,130000.0
24,Upper secondary education,Skilled trades and operators,Industry,Private business or VUP,Oral agreement,40.0,Rural,Kigali city,156000.0
30,No formal education,"Education, health and social services",Services,Household,Oral agreement,42.0,Rural,Kigali city,20000.0
30,Upper secondary education,Skilled trades and operators,Industry,Private business or VUP,Oral agreement,36.0,Rural,Kigali city,156000.0
21,Primary education,Elementary and other work,Industry,Private business or VUP,Oral agreement,20.0,Rural,Kigali city,65000.0
29,Tertiary education,Sales and services,Services,Private business or VUP,Written contract,60.0,Urban,Kigali city,150000.0
27,Tertiary education,"Education, health and social services",Services,Private business or VUP,Written contract,40.0,Urban,Kigali city,100000.0
20,Primary education,Elementary and other work,Services,Household,Oral agreement,49.0,Urban,Kigali city,20000.0
27,Upper secondary education,Elementary and other work,Industry,Private business or VUP,Oral agreement,36.0,Urban,Kigali city,78000.0
21,Lower secondary education,Skilled trades and operators,Industry,Private business or VUP,Oral agreement,54.0,Rural,Kigali city,40000.0
30,Primary education,Elementary and other work,Agriculture,Private business or VUP,Oral agreement,12.0,Rural,Kigali city,39000.0
26,Primary education,Elementary and other work,Agriculture,Private business or VUP,Oral agreement,5.0,Rural,Kigali city,31200.0
27,Primary education,Elementary and other work,Industry,Private business or VUP,Oral agreement,63.0,Urban,Kigali city,65000.0
24,Primary education,Agriculture,Agriculture,Private business or VUP,Oral agreement,35.0,Urban,Kigali city,20000.0
29,Primary education,Sales and services,Services,Private business or VUP,Oral agreement,50.0,Urban,Kigali city,20000.0
27,Primary education,Skilled trades and operators,Industry,Private business or VUP,Oral agreement,5.0,Urban,Kigali city,156000.0
30,No formal education,Elementary and other work,Agriculture,Private business or VUP,Oral agreement,30.0,Urban,Kigali city,39000.0
25,Lower secondary education,Elementary and other work,Industry,Private business or VUP,Oral agreement,50.0,Urban,Kigali city,52000.0
17,Primary education,Elementary and other work,Services,Household,Oral agreement,45.0,Urban,Kigali city,20000.0
30,Primary education,Elementary and other work,Agriculture,Private business or VUP,Written contract,12.0,Urban,Kigali city,39000.0
23,Primary education,Elementary and other work,Industry,Private business or VUP,Oral agreement,54.0,Urban,Kigali city,78000.0
20,Lower secondary education,Elementary and other work,Services,Household,Oral agreement,60.0,Urban,Kigali city,30000.0
25,Tertiary education,"Education, health and social services",Services,Public institution,Written contract,40.0,Urban,Kigali city,122000.0
26,Tertiary education,Sales and services,Services,Private business or VUP,Written contract,48.0,Urban,Kigali city,100000.0
23,Lower secondary education,Elementary and other work,Services,Household,Oral agreement,56.0,Urban,Kigali city,20000.0
22,Lower secondary education,Elementary and other work,Services,Household,Oral agreement,56.0,Urban,Kigali city,20000.0
25,Upper secondary education,Sales and services,Services,Private business or VUP,Written contract,48.0,Urban,Kigali city,70000.0
26,Primary education,Elementary and other work,Industry,Private business or VUP,Oral agreement,54.0,Urban,Kigali city,91000.0
20,Lower secondary education,Skilled trades and operators,Industry,Private business or VUP,Oral agreement,54.0,Urban,Kigali city,30000.0
30,Primary education,Sales and services,Services,Private business or VUP,Oral agreement,84.0,Urban,Kigali city,30000.0
20,Primary education,Sales and services,Services,Private business or VUP,Oral agreement,63.0,Urban,Kigali city,30000.0
28,Upper secondary education,Sales and services,Services,Private business or VUP,Written contract,60.0,Urban,Kigali city,39000.0
23,Primary education,Elementary and other work,Industry,Private business or VUP,Oral agreement,54.0,Urban,Kigali city,104000.0
27,Lower secondary education,Skilled trades and operators,Services,Private business or VUP,Oral agreement,60.0,Urban,Kigali city,260000.0
22,Lower secondary education,Elementary and other work,Services,Household,Oral agreement,70.0,Urban,Kigali city,25000.0
25,Upper secondary education,Sales and services,Services,Private business or VUP,Written contract,84.0,Urban,Kigali city,60000.0
28,Lower secondary education,Sales and services,Services,Private business or VUP,Written contract,84.0,Urban,Kigali city,60000.0
24,Primary education,Agriculture,Agriculture,Private business or VUP,Oral agreement,30.0,Urban,Kigali city,39000.0
17,Primary education,Elementary and other work,Services,Household,Oral agreement,70.0,Urban,Kigali city,10000.0
16,Primary education,Elementary and other work,Services,Household,Oral agreement,70.0,Urban,Kigali city,20000.0
20,Lower secondary education,Elementary and other work,Services,Household,Oral agreement,49.0,Urban,Kigali city,30000.0
29,Upper secondary education,Sales and services,Services,Private business or VUP,Oral agreement,36.0,Urban,Kigali city,50000.0
18,Primary education,Elementary and other work,Services,Household,Oral agreement,56.0,Urban,Kigali city,20000.0
17,Lower secondary education,Elementary and other work,Services,Household,Oral agreement,42.0,Urban,Kigali city,20000.0
17,Primary education,Elementary and other work,Services,Household,Oral agreement,42.0,Urban,Kigali city,17000.0
22,Primary education,Elementary and other work,Services,Household,Oral agreement,70.0,Urban,Kigali city,20000.0
17,Primary education,Elementary and other work,Services,Household,Oral agreement,70.0,Urban,Kigali city,20000.0
25,Primary education,Elementary and other work,Agriculture,Private business or VUP,Oral agreement,40.0,Rural,Southern Province,31200.0
30,Primary education,Elementary and other work,Agriculture,Private business or VUP,Oral agreement,40.0,Rural,Southern Province,31200.0
25,Primary education,Agriculture,Agriculture,Private business or VUP,Oral agreement,36.0,Rural,Southern Province,26000.0
27,Primary education,Agriculture,Agriculture,Private business or VUP,Oral agreement,35.0,Rural,Southern Province,26000.0
21,Lower secondary education,Elementary and other work,Agriculture,Private business or VUP,Oral agreement,36.0,Rural,Southern Province,26000.0
19,Primary education,Elementary and other work,Agriculture,Private business or VUP,Oral agreement,36.0,Rural,Southern Province,26000.0
17,Lower secondary education,Elementary and other work,Agriculture,Private business or VUP,Oral agreement,36.0,Rural,Southern Province,26000.0
27,Primary education,Agriculture,Agriculture,Private business or VUP,Oral agreement,40.0,Rural,Southern Province,26000.0
30,Primary education,Elementary and other work,Agriculture,Private business or VUP,Oral agreement,42.0,Rural,Southern Province,31200.0
21,Primary education,Elementary and other work,Agriculture,Private business or VUP,Oral agreement,36.0,Rural,Southern Province,31200.0
26,No formal education,Elementary and other work,Agriculture,Private business or VUP,Oral agreement,24.0,Rural,Southern Province,31200.0
24,Primary education,Elementary and other work,Agriculture,Private business or VUP,Oral agreement,18.0,Rural,Southern Province,13000.0
25,Primary education,Agriculture,Agriculture,Private business or VUP,Oral agreement,27.0,Rural,Southern Province,78000.0
29,Primary education,Elementary and other work,Industry,Private business or VUP,Oral agreement,35.0,Rural,Southern Province,21666.666
18,Primary education,Agriculture,Agriculture,Private business or VUP,Oral agreement,35.0,Rural,Southern Province,31200.0
20,Primary education,Agriculture,Agriculture,Private business or VUP,Oral agreement,42.0,Rural,Southern Province,26000.0
26,Upper secondary education,Elementary and other work,Industry,Private business or VUP,Written contract,43.0,Rural,Southern Province,35000.0
16,Primary education,Elementary and other work,Agriculture,Private business or VUP,Oral agreement,18.0,Rural,Southern Province,26000.0
25,Primary education,Sales and services,Services,Public institution,Written contract,40.0,Rural,Southern Province,15000.0
19,Primary education,Agriculture,Agriculture,Private business or VUP,Oral agreement,21.0,Rural,Southern Province,26000.0
17,Primary education,Agriculture,Agriculture,Private business or VUP,Oral agreement,21.0,Rural,Southern Province,26000.0
17,Primary education,Elementary and other work,Services,Private business or VUP,Oral agreement,30.0,Rural,Southern Province,52000.0
22,Primary education,Agriculture,Industry,Private business or VUP,Oral agreement,36.0,Rural,Southern Province,8666.667
29,Primary education,Agriculture,Services,Other,Oral agreement,42.0,Rural,Southern Province,32500.0
28,Primary education,Elementary and other work,Agriculture,Private business or VUP,Oral agreement,18.0,Rural,Southern Province,26000.0
16,Primary education,Agriculture,Services,Private business or VUP,Oral agreement,30.0,Rural,Southern Province,39000.0
22,Upper secondary education,Elementary and other work,Industry,Private business or VUP,Oral agreement,21.0,Rural,Southern Province,65000.0
26,Primary education,Elementary and other work,Industry,Private business or VUP,Oral agreement,5.0,Rural,Southern Province,52000.0
22,Primary education,Elementary and other work,Services,Private business or VUP,Written contract,40.0,Rural,Southern Province,15000.0
24,Primary education,Elementary and other work,Agriculture,Private business or VUP,Oral agreement,40.0,Rural,Southern Province,36400.0
30,Primary education,Elementary and other work,Agriculture,Private business or VUP,Oral agreement,30.0,Rural,Southern Province,26000.0
28,Lower secondary education,Agriculture,Agriculture,Private business or VUP,Oral agreement,35.0,Rural,Southern Province,26000.0
23,Lower secondary education,Agriculture,Agriculture,Private business or VUP,Oral agreement,40.0,Rural,Southern Province,26000.0
18,Lower secondary education,Sales and services,Services,Private business or VUP,Oral agreement,70.0,Rural,Southern Province,130000.0
27,Upper secondary education,"Education, health and social services",Services,Public institution,Written contract,40.0,Rural,Southern Province,115000.0
19,Primary education,Agriculture,Services,Other,Oral agreement,30.0,Rural,Southern Province,52000.0
17,Primary education,Elementary and other work,Services,Private business or VUP,Oral agreement,40.0,Rural,Southern Province,26000.0
24,Primary education,"Education, health and social services",Services,Private business or VUP,Written contract,10.0,Rural,Southern Province,15000.0
23,Upper secondary education,"Business, management and office work",Services,Private business or VUP,Written contract,24.0,Rural,Southern Province,52000.0
18,Lower secondary education,Elementary and other work,Agriculture,Private business or VUP,Oral agreement,10.0,Rural,Southern Province,20800.0
24,Primary education,"Education, health and social services",Services,Public-private enterprise,Written contract,30.0,Rural,Southern Province,15000.0
27,Primary education,Agriculture,Agriculture,Private business or VUP,Oral agreement,35.0,Rural,Southern Province,20800.0
27,Lower secondary education,Elementary and other work,Agriculture,Private business or VUP,Oral agreement,12.0,Rural,Southern Province,20800.0
27,Primary education,Elementary and other work,Agriculture,Private business or VUP,Oral agreement,15.0,Rural,Southern Province,26000.0
17,Primary education,Elementary and other work,Agriculture,Private business or VUP,Oral agreement,15.0,Rural,Southern Province,13800.0
24,Lower secondary education,Agriculture,Agriculture,Private business or VUP,Oral agreement,48.0,Rural,Southern Province,34666.668
22,Lower secondary education,Agriculture,Industry,Private business or VUP,Oral agreement,48.0,Rural,Southern Province,20000.0
30,Primary education,Agriculture,Agriculture,Private business or VUP,Oral agreement,20.0,Rural,Southern Province,26000.0
24,Upper secondary education,Sales and services,Services,Private business or VUP,Oral agreement,48.0,Rural,Southern Province,30000.0
26,Primary education,Elementary and other work,Industry,Private business or VUP,Oral agreement,48.0,Rural,Southern Province,78000.0
21,Primary education,Agriculture,Agriculture,Private business or VUP,Oral agreement,42.0,Rural,Southern Province,26000.0
27,Primary education,Agriculture,Agriculture,Private business or VUP,Oral agreement,15.0,Rural,Southern Province,31200.0
19,Primary education,Agriculture,Agriculture,Private business or VUP,Oral agreement,42.0,Rural,Southern Province,31200.0
20,Tertiary education,"Education, health and social services",Services,Private business or VUP,Written contract,40.0,Urban,Southern Province,200000.0
18,Primary education,Elementary and other work,Services,Household,Oral agreement,56.0,Urban,Southern Province,12000.0
20,Lower secondary education,Elementary and other work,Services,Household,Oral agreement,56.0,Urban,Southern Province,12000.0
30,Lower secondary education,Agriculture,Agriculture,Private business or VUP,Oral agreement,15.0,Urban,Southern Province,26000.0
28,Primary education,Agriculture,Agriculture,Private business or VUP,Oral agreement,36.0,Urban,Southern Province,26000.0
21,Primary education,Skilled trades and operators,Services,Private business or VUP,Oral agreement,42.0,Urban,Southern Province,80000.0
29,Tertiary education,"Education, health and social services",Services,Public institution,Written contract,40.0,Rural,Southern Province,105000.0
27,Lower secondary education,Agriculture,Agriculture,Private business or VUP,Oral agreement,18.0,Rural,Southern Province,26000.0
30,Lower secondary education,Agriculture,Agriculture,Private business or VUP,Oral agreement,42.0,Rural,Southern Province,33800.0
18,Primary education,Elementary and other work,Agriculture,Private business or VUP,Oral agreement,10.0,Rural,Southern Province,20800.0
30,Primary education,Elementary and other work,Agriculture,Private business or VUP,Oral agreement,36.0,Rural,Southern Province,26000.0
27,Primary education,Agriculture,Agriculture,Private business or VUP,Oral agreement,35.0,Rural,Southern Province,26000.0
26,Primary education,Elementary and other work,Agriculture,Private business or VUP,Oral agreement,30.0,Rural,Southern Province,20800.0
24,Primary education,Elementary and other work,Agriculture,Private business or VUP,Oral agreement,36.0,Rural,Southern Province,33800.0
21,Primary education,Elementary and other work,Agriculture,Private business or VUP,Oral agreement,36.0,Rural,Southern Province,33800.0
29,Primary education,Elementary and other work,Agriculture,Private business or VUP,Oral agreement,24.0,Rural,Southern Province,39000.0
21,Primary education,Elementary and other work,Agriculture,Private business or VUP,Oral agreement,18.0,Rural,Southern Province,31200.0
18,Primary education,Agriculture,Agriculture,Private business or VUP,Oral agreement,36.0,Rural,Southern Province,39000.0
21,Upper secondary education,Elementary and other work,Services,Private business or VUP,Oral agreement,45.0,Rural,Southern Province,25000.0
28,Upper secondary education,Science and engineering,Industry,Private business or VUP,Oral agreement,40.0,Rural,Southern Province,234000.0
30,Upper secondary education,Sales and services,Services,Private business or VUP,Written contract,70.0,Rural,Southern Province,60000.0
21,Primary education,Elementary and other work,Services,Household,Oral agreement,60.0,Urban,Southern Province,20000.0
25,Upper secondary education,Elementary and other work,Services,Household,Oral agreement,54.0,Urban,Southern Province,20000.0
27,Tertiary education,"Business, management and office work",Services,Private business or VUP,Written contract,40.0,Urban,Southern Province,215000.0
19,Lower secondary education,Elementary and other work,Services,Private business or VUP,Oral agreement,42.0,Rural,Southern Province,15000.0
30,Primary education,Elementary and other work,Agriculture,Private business or VUP,Oral agreement,5.0,Rural,Southern Province,26000.0
28,Primary education,Elementary and other work,Agriculture,Private business or VUP,Oral agreement,2.0,Rural,Southern Province,26000.0
22,Primary education,Elementary and other work,Agriculture,Private business or VUP,Oral agreement,18.0,Rural,Southern Province,26000.0
24,Tertiary education,"Business, management and office work",Services,Public institution,Written contract,40.0,Rural,Southern Province,100000.0
30,Lower secondary education,Sales and services,Services,Private business or VUP,Written contract,50.0,Rural,Southern Province,40000.0
30,Tertiary education,"Education, health and social services",Services,Public-private enterprise,Written contract,40.0,Rural,Southern Province,280000.0
23,Upper secondary education,"Education, health and social services",Services,Public institution,Written contract,40.0,Rural,Southern Province,108000.0
24,Lower secondary education,Elementary and other work,Industry,Private business or VUP,Oral agreement,54.0,Rural,Southern Province,52000.0
20,Primary education,Elementary and other work,Agriculture,Private business or VUP,Oral agreement,36.0,Rural,Southern Province,39000.0
25,Primary education,Elementary and other work,Agriculture,Private business or VUP,Oral agreement,18.0,Rural,Southern Province,39000.0
21,Lower secondary education,Elementary and other work,Agriculture,Private business or VUP,Oral agreement,24.0,Rural,Southern Province,39000.0
17,Primary education,Elementary and other work,Agriculture,Private business or VUP,Oral agreement,36.0,Rural,Southern Province,39000.0
23,Primary education,Agriculture,Agriculture,Private business or VUP,Oral agreement,30.0,Rural,Southern Province,39000.0
28,Primary education,Elementary and other work,Agriculture,Private business or VUP,Oral agreement,36.0,Rural,Southern Province,39000.0
27,Primary education,Elementary and other work,Industry,Private business or VUP,Oral agreement,45.0,Rural,Southern Province,104000.0
16,Primary education,Elementary and other work,Services,Household,Oral agreement,51.0,Urban,Southern Province,100000.0
24,Lower secondary education,Elementary and other work,Industry,Private business or VUP,Oral agreement,54.0,Urban,Southern Province,78000.0
30,Primary education,Elementary and other work,Agriculture,Private business or VUP,Oral agreement,28.0,Urban,Southern Province,39000.0
25,Lower secondary education,Elementary and other work,Services,Household,Oral agreement,42.0,Urban,Southern Province,20000.0
18,Primary education,Elementary and other work,Services,Household,Oral agreement,42.0,Urban,Southern Province,15000.0
21,Lower secondary education,Sales and services,Services,Private business or VUP,Oral agreement,60.0,Urban,Southern Province,40000.0
27,Primary education,Elementary and other work,Industry,Private business or VUP,Oral agreement,24.0,Urban,Southern Province,91000.0
28,Upper secondary education,Sales and services,Services,Private business or VUP,Oral agreement,54.0,Urban,Southern Province,50000.0
18,Lower secondary education,Elementary and other work,Services,Household,Oral agreement,56.0,Urban,Southern Province,10000.0
18,Primary education,Elementary and other work,Services,Household,Oral agreement,35.0,Urban,Southern Province,20000.0
17,Lower secondary education,Elementary and other work,Services,Household,Oral agreement,42.0,Urban,Southern Province,15000.0
23,Upper secondary education,Skilled trades and operators,Industry,Private business or VUP,Oral agreement,60.0,Urban,Southern Province,208000.0
22,Primary education,Skilled trades and operators,Services,Private business or VUP,Oral agreement,70.0,Urban,Southern Province,170000.0
19,Primary education,Elementary and other work,Services,Private business or VUP,Oral agreement,51.0,Urban,Southern Province,15000.0
24,Primary education,Elementary and other work,Industry,Private business or VUP,Oral agreement,54.0,Urban,Southern Province,50000.0
19,Primary education,Elementary and other work,Industry,Private business or VUP,Oral agreement,60.0,Urban,Southern Province,43333.332
23,Primary education,Skilled trades and operators,Services,Private business or VUP,Oral agreement,56.0,Urban,Southern Province,182000.0
18,Primary education,Elementary and other work,Services,Household,Oral agreement,35.0,Urban,Southern Province,20000.0
19,Primary education,Elementary and other work,Services,Household,Oral agreement,35.0,Urban,Southern Province,20000.0
30,Primary education,Elementary and other work,Agriculture,Private business or VUP,Oral agreement,25.0,Rural,Western Province,26000.0
20,Primary education,Agriculture,Agriculture,Private business or VUP,Oral agreement,10.0,Rural,Western Province,26000.0
18,Primary education,Elementary and other work,Industry,Private business or VUP,Oral agreement,21.0,Rural,Western Province,26000.0
20,Primary education,Elementary and other work,Services,Private business or VUP,Oral agreement,10.0,Rural,Western Province,13000.0
26,Primary education,"Education, health and social services",Services,Public institution,Written contract,40.0,Rural,Western Province,108000.0
26,Primary education,Elementary and other work,Agriculture,Private business or VUP,Oral agreement,18.0,Rural,Western Province,31200.0
28,Primary education,Elementary and other work,Agriculture,Private business or VUP,Oral agreement,30.0,Rural,Western Province,15600.0
23,Lower secondary education,Elementary and other work,Services,Household,Oral agreement,45.0,Urban,Western Province,12000.0
29,Tertiary education,"Education, health and social services",Services,Public institution,Written contract,40.0,Urban,Western Province,120000.0
21,Lower secondary education,Sales and services,Services,Private business or VUP,Oral agreement,5.0,Urban,Western Province,70000.0
17,Primary education,Elementary and other work,Agriculture,Private business or VUP,Oral agreement,18.0,Rural,Western Province,20800.0
21,Upper secondary education,"Business, management and office work",Services,Private business or VUP,Oral agreement,20.0,Rural,Western Province,39000.0
23,Lower secondary education,Sales and services,Services,Private business or VUP,Oral agreement,63.0,Rural,Western Province,20000.0
28,Upper secondary education,Elementary and other work,Industry,Private business or VUP,Oral agreement,24.0,Rural,Western Province,60000.0
20,Primary education,Science and engineering,Industry,Private business or VUP,Oral agreement,40.0,Rural,Western Province,90000.0
16,Primary education,Elementary and other work,Industry,Private business or VUP,Oral agreement,50.0,Rural,Western Province,40000.0
26,Primary education,Elementary and other work,Agriculture,Private business or VUP,Oral agreement,36.0,Rural,Western Province,26000.0
28,Primary education,Elementary and other work,Agriculture,Private business or VUP,Oral agreement,48.0,Rural,Western Province,31200.0
22,Primary education,Elementary and other work,Agriculture,Private business or VUP,Oral agreement,60.0,Rural,Western Province,31200.0
22,Primary education,Elementary and other work,Agriculture,Private business or VUP,Oral agreement,45.0,Rural,Western Province,26000.0
20,Primary education,Elementary and other work,Services,Private business or VUP,Oral agreement,8.0,Rural,Western Province,26000.0
26,Primary education,Elementary and other work,Agriculture,Private business or VUP,Oral agreement,36.0,Rural,Western Province,39000.0
24,Primary education,Elementary and other work,Agriculture,Private business or VUP,Oral agreement,30.0,Rural,Western Province,26000.0
22,Primary education,Elementary and other work,Agriculture,Private business or VUP,Oral agreement,25.0,Rural,Western Province,39000.0
24,Primary education,Elementary and other work,Agriculture,Private business or VUP,Oral agreement,28.0,Rural,Western Province,26000.0
16,Primary education,Elementary and other work,Agriculture,Private business or VUP,Oral agreement,36.0,Rural,Western Province,26000.0
24,Primary education,Elementary and other work,Agriculture,Private business or VUP,Oral agreement,42.0,Rural,Western Province,39000.0
22,Primary education,Elementary and other work,Agriculture,Private business or VUP,Oral agreement,36.0,Rural,Western Province,39000.0
19,Primary education,Elementary and other work,Agriculture,Private business or VUP,Oral agreement,24.0,Rural,Western Province,26000.0
19,Primary education,Elementary and other work,Agriculture,Private business or VUP,Oral agreement,36.0,Rural,Western Province,26000.0
17,Primary education,Elementary and other work,Services,Private business or VUP,Oral agreement,30.0,Rural,Western Province,20800.0
16,Primary education,Elementary and other work,Services,Private business or VUP,Oral agreement,40.0,Rural,Western Province,20800.0
19,Primary education,Elementary and other work,Agriculture,Private business or VUP,Oral agreement,24.0,Rural,Western Province,26000.0
27,Primary education,Elementary and other work,Agriculture,Private business or VUP,Oral agreement,45.0,Rural,Western Province,18200.0
29,Primary education,Elementary and other work,Agriculture,Private business or VUP,Oral agreement,36.0,Rural,Western Province,39000.0
30,Primary education,Elementary and other work,Agriculture,Private business or VUP,Oral agreement,30.0,Rural,Western Province,46800.0
24,Upper secondary education,Elementary and other work,Agriculture,Private business or VUP,Oral agreement,30.0,Rural,Western Province,46800.0
20,Primary education,Elementary and other work,Agriculture,Private business or VUP,Oral agreement,30.0,Rural,Western Province,46800.0
30,Primary education,Agriculture,Agriculture,Private business or VUP,Oral agreement,60.0,Rural,Western Province,26000.0
18,No formal education,Elementary and other work,Services,Private business or VUP,Oral agreement,48.0,Rural,Western Province,18200.0
29,No formal education,Elementary and other work,Agriculture,Private business or VUP,Oral agreement,18.0,Rural,Western Province,39000.0
24,Primary education,Elementary and other work,Agriculture,Private business or VUP,Oral agreement,9.0,Rural,Western Province,26000.0
17,Primary education,Elementary and other work,Agriculture,Private business or VUP,Oral agreement,9.0,Rural,Western Province,20800.0
29,Primary education,Skilled trades and operators,Industry,Private business or VUP,Oral agreement,40.0,Urban,Western Province,78000.0
30,Upper secondary education,Skilled trades and operators,Industry,Private business or VUP,Oral agreement,48.0,Urban,Western Province,130000.0
25,Upper secondary education,Skilled trades and operators,Industry,Private business or VUP,Oral agreement,50.0,Urban,Western Province,21666.666
24,Lower secondary education,Elementary and other work,Industry,Private business or VUP,Oral agreement,48.0,Urban,Western Province,52000.0
22,Upper secondary education,ICT,Services,Public institution,Written contract,56.0,Urban,Western Province,60000.0
24,Primary education,Elementary and other work,Services,Private business or VUP,Oral agreement,54.0,Urban,Western Province,30000.0
28,Primary education,Elementary and other work,Industry,Private business or VUP,Oral agreement,30.0,Urban,Western Province,65000.0
21,Lower secondary education,Elementary and other work,Services,Household,Oral agreement,45.0,Urban,Western Province,25000.0
18,Lower secondary education,Elementary and other work,Services,Household,Oral agreement,40.0,Urban,Western Province,15000.0
18,Lower secondary education,Elementary and other work,Services,Household,Oral agreement,42.0,Urban,Western Province,15000.0
28,Primary education,Agriculture,Agriculture,Private business or VUP,Oral agreement,30.0,Urban,Western Province,26000.0
23,Primary education,Agriculture,Agriculture,Private business or VUP,Oral agreement,32.0,Urban,Western Province,26000.0
29,Primary education,Elementary and other work,Agriculture,Private business or VUP,Oral agreement,38.0,Urban,Western Province,26000.0
27,Lower secondary education,Elementary and other work,Agriculture,Private business or VUP,Oral agreement,38.0,Urban,Western Province,31200.0
20,Lower secondary education,Elementary and other work,Agriculture,Private business or VUP,Oral agreement,38.0,Urban,Western Province,39000.0
18,Primary education,Elementary and other work,Agriculture,Private business or VUP,Oral agreement,36.0,Urban,Western Province,39000.0
25,Primary education,Elementary and other work,Agriculture,Private business or VUP,Oral agreement,36.0,Rural,Western Province,26000.0
24,Primary education,Elementary and other work,Agriculture,Private business or VUP,Oral agreement,36.0,Rural,Western Province,26000.0
22,Primary education,Elementary and other work,Agriculture,Private business or VUP,Oral agreement,36.0,Rural,Western Province,26000.0
25,No formal education,Agriculture,Agriculture,Private business or VUP,Oral agreement,20.0,Rural,Western Province,26000.0
24,Primary education,Agriculture,Agriculture,Private business or VUP,Oral agreement,40.0,Rural,Western Province,39000.0
29,Primary education,Elementary and other work,Agriculture,Private business or VUP,Oral agreement,36.0,Rural,Western Province,20800.0
25,Lower secondary education,Agriculture,Agriculture,Private business or VUP,Oral agreement,30.0,Rural,Western Province,26000.0
24,Primary education,Elementary and other work,Agriculture,Private business or VUP,Oral agreement,36.0,Rural,Western Province,26000.0
28,Primary education,Elementary and other work,Agriculture,Private business or VUP,Oral agreement,36.0,Rural,Western Province,26000.0
22,Primary education,Elementary and other work,Agriculture,Private business or VUP,Oral agreement,35.0,Rural,Western Province,26000.0
25,Primary education,Elementary and other work,Agriculture,Private business or VUP,Oral agreement,36.0,Rural,Western Province,20800.0
25,Primary education,Elementary and other work,Agriculture,Private business or VUP,Oral agreement,36.0,Rural,Western Province,20800.0
22,Primary education,Elementary and other work,Services,Private business or VUP,Oral agreement,36.0,Rural,Western Province,52000.0
24,Primary education,Elementary and other work,Agriculture,Private business or VUP,Oral agreement,36.0,Rural,Western Province,26000.0
29,Primary education,Elementary and other work,Agriculture,Private business or VUP,Oral agreement,38.0,Rural,Western Province,36400.0
20,Primary education,Elementary and other work,Services,Private business or VUP,Oral agreement,36.0,Rural,Western Province,26000.0
21,Lower secondary education,Agriculture,Industry,Private business or VUP,Oral agreement,40.0,Rural,Western Province,26000.0
28,Lower secondary education,Elementary and other work,Agriculture,Private business or VUP,Oral agreement,36.0,Rural,Western Province,26000.0
18,Primary education,Elementary and other work,Agriculture,Private business or VUP,Oral agreement,36.0,Rural,Western Province,26000.0
21,Lower secondary education,Elementary and other work,Agriculture,Private business or VUP,Oral agreement,15.0,Rural,Western Province,26000.0
24,Primary education,Elementary and other work,Industry,Private business or VUP,Oral agreement,32.0,Rural,Western Province,78000.0
18,Primary education,Elementary and other work,Agriculture,Private business or VUP,Oral agreement,29.0,Rural,Western Province,20800.0
24,Primary education,Elementary and other work,Agriculture,Private business or VUP,Oral agreement,40.0,Rural,Western Province,26000.0
22,Primary education,Elementary and other work,Agriculture,Private business or VUP,Oral agreement,35.0,Rural,Western Province,26000.0
27,Primary education,Elementary and other work,Agriculture,Private business or VUP,Oral agreement,36.0,Rural,Western Province,26000.0
29,Primary education,Elementary and other work,Agriculture,Private business or VUP,Oral agreement,35.0,Rural,Western Province,26000.0
21,Primary education,Agriculture,Agriculture,Private business or VUP,Oral agreement,30.0,Rural,Western Province,20800.0
19,Primary education,Agriculture,Agriculture,Private business or VUP,Oral agreement,35.0,Rural,Western Province,26000.0
24,Primary education,Elementary and other work,Industry,Private business or VUP,Oral agreement,40.0,Rural,Western Province,65000.0
24,Primary education,Agriculture,Industry,Private business or VUP,Oral agreement,45.0,Rural,Western Province,43333.332
21,Primary education,Elementary and other work,Agriculture,Private business or VUP,Oral agreement,36.0,Rural,Western Province,26000.0
26,Pre-primary,Elementary and other work,Agriculture,Private business or VUP,Oral agreement,30.0,Rural,Western Province,18200.0
30,Lower secondary education,Elementary and other work,Industry,Other,Oral agreement,14.0,Rural,Western Province,32500.0
28,Primary education,Elementary and other work,Industry,Private business or VUP,Oral agreement,2.0,Urban,Western Province,31200.0
26,Primary education,Elementary and other work,Services,Private business or VUP,Oral agreement,70.0,Urban,Western Province,108333.34
30,Upper secondary education,Science and engineering,Industry,Private business or VUP,Oral agreement,35.0,Urban,Western Province,156000.0
30,Primary education,Elementary and other work,Agriculture,Private business or VUP,Oral agreement,36.0,Urban,Western Province,39000.0
30,Primary education,Agriculture,Agriculture,Private business or VUP,Oral agreement,49.0,Urban,Western Province,30000.0
20,No formal education,Elementary and other work,Industry,Private business or VUP,Oral agreement,28.0,Rural,Western Province,52000.0
20,Upper secondary education,Agriculture,Agriculture,Private business or VUP,Oral agreement,48.0,Rural,Western Province,52000.0
27,Primary education,Agriculture,Agriculture,Private business or VUP,Oral agreement,45.0,Rural,Western Province,39000.0
16,Primary education,Elementary and other work,Agriculture,Private business or VUP,Oral agreement,2.0,Rural,Western Province,15600.0
28,Primary education,Elementary and other work,Agriculture,Private business or VUP,Oral agreement,14.0,Urban,Western Province,39000.0
22,Primary education,Elementary and other work,Agriculture,Private business or VUP,Oral agreement,36.0,Urban,Western Province,31200.0
19,Primary education,Elementary and other work,Agriculture,Private business or VUP,Oral agreement,42.0,Urban,Western Province,39000.0
21,Lower secondary education,Elementary and other work,Agriculture,Private business or VUP,Oral agreement,42.0,Urban,Western Province,39000.0
27,Upper secondary education,Elementary and other work,Services,Private business or VUP,Oral agreement,36.0,Urban,Western Province,78000.0
22,Primary education,Elementary and other work,Agriculture,Private business or VUP,Oral agreement,36.0,Urban,Western Province,26000.0
20,Lower secondary education,Elementary and other work,Agriculture,Private business or VUP,Oral agreement,36.0,Urban,Western Province,26000.0
17,Lower secondary education,Elementary and other work,Agriculture,Private business or VUP,Oral agreement,36.0,Urban,Western Province,26000.0
25,Primary education,Elementary and other work,Agriculture,Private business or VUP,Oral agreement,27.0,Urban,Western Province,39000.0
23,Primary education,Elementary and other work,Agriculture,Private business or VUP,Oral agreement,28.0,Rural,Western Province,31200.0
20,Primary education,Elementary and other work,Agriculture,Private business or VUP,Oral agreement,24.0,Rural,Western Province,31200.0
21,Primary education,Elementary and other work,Agriculture,Private business or VUP,Oral agreement,24.0,Rural,Western Province,39000.0
29,Primary education,Elementary and other work,Services,Private business or VUP,Oral agreement,54.0,Rural,Western Province,39000.0
25,Primary education,Agriculture,Industry,Private business or VUP,Oral agreement,5.0,Rural,Western Province,43333.332
17,Primary education,Elementary and other work,Services,Household,Oral agreement,63.0,Urban,Western Province,15000.0
17,Primary education,Elementary and other work,Services,Household,Oral agreement,46.0,Urban,Western Province,13000.0
21,Primary education,Agriculture,Agriculture,Private business or VUP,Oral agreement,47.0,Urban,Western Province,15000.0
18,Primary education,Elementary and other work,Services,Household,Oral agreement,60.0,Urban,Western Province,15000.0
30,Primary education,Agriculture,Agriculture,Private business or VUP,Oral agreement,36.0,Rural,Western Province,26000.0
20,Upper secondary education,Elementary and other work,Agriculture,Other,Oral agreement,25.0,Rural,Western Province,41600.0
27,Upper secondary education,"Education, health and social services",Services,Public institution,Written contract,40.0,Rural,Western Province,123000.0
24,Lower secondary education,Elementary and other work,Agriculture,Private business or VUP,Oral agreement,18.0,Rural,Northern Province,26000.0
21,Lower secondary education,Elementary and other work,Agriculture,Private business or VUP,Oral agreement,12.0,Rural,Northern Province,26000.0
23,Primary education,Elementary and other work,Agriculture,Private business or VUP,Oral agreement,30.0,Rural,Northern Province,26000.0
23,Primary education,Elementary and other work,Agriculture,Private business or VUP,Oral agreement,36.0,Rural,Northern Province,26000.0
23,Primary education,Elementary and other work,Agriculture,Private business or VUP,Oral agreement,24.0,Rural,Northern Province,26000.0
24,Primary education,Elementary and other work,Agriculture,Private business or VUP,Oral agreement,35.0,Rural,Northern Province,26000.0
19,Lower secondary education,Elementary and other work,Agriculture,Private business or VUP,Oral agreement,35.0,Rural,Northern Province,31200.0
29,Lower secondary education,Agriculture,Agriculture,Private business or VUP,Oral agreement,30.0,Rural,Northern Province,31200.0
24,Primary education,Agriculture,Agriculture,Private business or VUP,Oral agreement,30.0,Rural,Northern Province,31200.0
28,Lower secondary education,Elementary and other work,Industry,Private business or VUP,Oral agreement,36.0,Rural,Northern Province,65000.0
28,Lower secondary education,Elementary and other work,Agriculture,Private business or VUP,Oral agreement,48.0,Rural,Northern Province,39000.0
22,Upper secondary education,Agriculture,Agriculture,Private business or VUP,Oral agreement,21.0,Rural,Northern Province,39000.0
27,Lower secondary education,Elementary and other work,Industry,Private business or VUP,Written contract,54.0,Rural,Northern Province,179000.0
19,Primary education,Elementary and other work,Services,Household,Oral agreement,42.0,Rural,Northern Province,10000.0
17,Primary education,Elementary and other work,Services,Household,Oral agreement,40.0,Rural,Northern Province,12000.0
22,Primary education,Elementary and other work,Services,Household,Oral agreement,81.0,Rural,Northern Province,10000.0
23,Lower secondary education,Elementary and other work,Industry,Private business or VUP,Oral agreement,54.0,Rural,Northern Province,60000.0
23,Lower secondary education,Elementary and other work,Services,Household,Oral agreement,30.0,Urban,Northern Province,15000.0
17,Primary education,Elementary and other work,Services,Household,Oral agreement,30.0,Urban,Northern Province,15000.0
20,Primary education,Elementary and other work,Services,Household,Oral agreement,40.0,Urban,Northern Province,20000.0
22,Primary education,Skilled trades and operators,Industry,Private business or VUP,Oral agreement,45.0,Urban,Northern Province,156000.0
26,Primary education,Elementary and other work,Industry,Private business or VUP,Oral agreement,25.0,Urban,Northern Province,78000.0
28,Lower secondary education,Agriculture,Agriculture,Private business or VUP,Oral agreement,18.0,Urban,Northern Province,39000.0
25,Primary education,Elementary and other work,Agriculture,Private business or VUP,Oral agreement,36.0,Rural,Northern Province,20800.0
23,Primary education,"Education, health and social services",Services,Private business or VUP,Oral agreement,50.0,Rural,Northern Province,8000.0
17,Primary education,Elementary and other work,Industry,Private business or VUP,Oral agreement,50.0,Rural,Northern Province,33800.0
16,Primary education,Elementary and other work,Agriculture,Private business or VUP,Oral agreement,42.0,Rural,Northern Province,18200.0
24,Primary education,Elementary and other work,Agriculture,Private business or VUP,Oral agreement,26.0,Rural,Northern Province,18200.0
29,Primary education,Elementary and other work,Agriculture,Private business or VUP,Oral agreement,30.0,Rural,Northern Province,26000.0
25,Primary education,Elementary and other work,Agriculture,Private business or VUP,Oral agreement,30.0,Rural,Northern Province,26000.0
24,Primary education,Elementary and other work,Agriculture,Private business or VUP,Oral agreement,36.0,Rural,Northern Province,26000.0
21,Upper secondary education,Elementary and other work,Agriculture,Private business or VUP,Oral agreement,36.0,Rural,Northern Province,20800.0
23,Upper secondary education,"Business, management and office work",Services,NGO or international organisation,Oral agreement,32.0,Rural,Northern Province,30000.0
28,Lower secondary education,Elementary and other work,Industry,Private business or VUP,Oral agreement,40.0,Rural,Northern Province,104000.0
28,Primary education,Elementary and other work,Services,Private business or VUP,Oral agreement,48.0,Urban,Northern Province,130000.0
18,Primary education,Elementary and other work,Services,Household,Oral agreement,70.0,Urban,Northern Province,15000.0
27,Primary education,Skilled trades and operators,Services,Private business or VUP,Oral agreement,27.0,Rural,Northern Province,52000.0
21,Primary education,Skilled trades and operators,Industry,Private business or VUP,Oral agreement,9.0,Rural,Northern Province,78000.0
19,Primary education,Elementary and other work,Agriculture,Private business or VUP,Oral agreement,21.0,Rural,Northern Province,39000.0
21,Primary education,Elementary and other work,Services,Household,Oral agreement,70.0,Rural,Northern Province,15000.0
27,Tertiary education,"Education, health and social services",Services,Public institution,Written contract,40.0,Urban,Northern Province,250000.0
30,Primary education,Elementary and other work,Services,Private business or VUP,Oral agreement,35.0,Urban,Northern Province,52000.0
23,Primary education,Agriculture,Agriculture,Private business or VUP,Oral agreement,16.0,Urban,Northern Province,31200.0
29,Upper secondary education,"Education, health and social services",Services,Public institution,Written contract,40.0,Urban,Northern Province,280000.0
20,Primary education,Elementary and other work,Services,Household,Oral agreement,49.0,Urban,Northern Province,25000.0
30,Primary education,Elementary and other work,Agriculture,Private business or VUP,Oral agreement,18.0,Rural,Northern Province,39000.0
30,Lower secondary education,Elementary and other work,Industry,Private business or VUP,Oral agreement,27.0,Rural,Northern Province,39000.0
24,Primary education,Elementary and other work,Agriculture,Private business or VUP,Oral agreement,18.0,Rural,Northern Province,39000.0
30,Primary education,Elementary and other work,Agriculture,Private business or VUP,Oral agreement,12.0,Rural,Northern Province,52000.0
19,Primary education,Elementary and other work,Services,Private business or VUP,Oral agreement,21.0,Rural,Northern Province,26000.0
28,Lower secondary education,Elementary and other work,Agriculture,Private business or VUP,Oral agreement,20.0,Rural,Northern Province,39000.0
29,Primary education,Elementary and other work,Agriculture,Private business or VUP,Oral agreement,18.0,Rural,Northern Province,39000.0
23,Primary education,Elementary and other work,Agriculture,Private business or VUP,Oral agreement,54.0,Rural,Northern Province,39000.0
22,Lower secondary education,Elementary and other work,Agriculture,Private business or VUP,Oral agreement,36.0,Rural,Northern Province,31200.0
23,Primary education,Elementary and other work,Agriculture,Private business or VUP,Oral agreement,27.0,Rural,Northern Province,39000.0
22,Primary education,Elementary and other work,Agriculture,Private business or VUP,Oral agreement,36.0,Rural,Northern Province,39000.0
25,Primary education,Elementary and other work,Agriculture,Private business or VUP,Oral agreement,32.0,Rural,Northern Province,26000.0
21,Lower secondary education,Elementary and other work,Agriculture,Private business or VUP,Oral agreement,40.0,Rural,Northern Province,31200.0
16,Primary education,Elementary and other work,Agriculture,Private business or VUP,Oral agreement,7.0,Rural,Northern Province,39000.0
26,Lower secondary education,Elementary and other work,Agriculture,Private business or VUP,Oral agreement,36.0,Rural,Northern Province,39000.0
23,Lower secondary education,Elementary and other work,Agriculture,Private business or VUP,Oral agreement,32.0,Rural,Northern Province,26000.0
20,Primary education,Elementary and other work,Agriculture,Private business or VUP,Oral agreement,32.0,Rural,Northern Province,26000.0
25,Primary education,Elementary and other work,Agriculture,Private business or VUP,Oral agreement,18.0,Rural,Northern Province,39000.0
21,Lower secondary education,Agriculture,Agriculture,Private business or VUP,Oral agreement,48.0,Rural,Northern Province,26000.0
28,Primary education,"Education, health and social services",Services,Private business or VUP,Oral agreement,10.0,Rural,Northern Province,15000.0
17,Primary education,Elementary and other work,Agriculture,Private business or VUP,Oral agreement,42.0,Rural,Northern Province,26000.0
28,Primary education,Elementary and other work,Agriculture,Private business or VUP,Oral agreement,28.0,Urban,Northern Province,52000.0
22,Primary education,Elementary and other work,Agriculture,Private business or VUP,Oral agreement,14.0,Urban,Northern Province,52000.0
23,Primary education,Elementary and other work,Industry,Private business or VUP,Oral agreement,55.0,Urban,Northern Province,52000.0
19,Primary education,Elementary and other work,Industry,Private business or VUP,Oral agreement,36.0,Rural,Northern Province,52000.0
25,Primary education,Agriculture,Agriculture,Private business or VUP,Oral agreement,49.0,Rural,Northern Province,8000.0
20,Primary education,Agriculture,Agriculture,Private business or VUP,Oral agreement,49.0,Rural,Northern Province,15600.0
24,Primary education,Agriculture,Agriculture,Private business or VUP,Oral agreement,12.0,Rural,Northern Province,26000.0
26,Primary education,Elementary and other work,Agriculture,Private business or VUP,Oral agreement,40.0,Rural,Northern Province,39000.0
19,Lower secondary education,Agriculture,Agriculture,Private business or VUP,Oral agreement,10.0,Rural,Northern Province,26000.0
28,Primary education,Elementary and other work,Agriculture,Private business or VUP,Oral agreement,21.0,Rural,Northern Province,26000.0
25,Primary education,Elementary and other work,Services,Household,Oral agreement,45.0,Rural,Northern Province,15000.0
29,Primary education,Elementary and other work,Agriculture,Private business or VUP,Oral agreement,24.0,Rural,Northern Province,26000.0
28,Primary education,Elementary and other work,Industry,Private business or VUP,Oral agreement,24.0,Rural,Northern Province,52000.0
30,Primary education,Elementary and other work,Agriculture,Private business or VUP,Oral agreement,6.0,Rural,Northern Province,26000.0
19,Primary education,Elementary and other work,Agriculture,Private business or VUP,Oral agreement,27.0,Rural,Northern Province,31200.0
19,Lower secondary education,Agriculture,Agriculture,Private business or VUP,Oral agreement,7.0,Rural,Northern Province,31200.0
16,Lower secondary education,Agriculture,Agriculture,Private business or VUP,Oral agreement,40.0,Rural,Northern Province,18000.0
22,Primary education,Agriculture,Agriculture,Private business or VUP,Oral agreement,14.0,Rural,Northern Province,31200.0
21,Lower secondary education,Agriculture,Agriculture,Private business or VUP,Oral agreement,7.0,Rural,Northern Province,31200.0
28,Lower secondary education,Elementary and other work,Agriculture,Private business or VUP,Oral agreement,28.0,Rural,Northern Province,31200.0
23,Primary education,Elementary and other work,Agriculture,Private business or VUP,Oral agreement,16.0,Rural,Northern Province,31200.0
25,Primary education,Elementary and other work,Agriculture,Private business or VUP,Oral agreement,36.0,Rural,Northern Province,39000.0
22,Primary education,Elementary and other work,Agriculture,Private business or VUP,Oral agreement,12.0,Rural,Northern Province,31200.0
17,Primary education,Elementary and other work,Agriculture,Private business or VUP,Oral agreement,30.0,Rural,Northern Province,31200.0
27,Primary education,Skilled trades and operators,Industry,Private business or VUP,Oral agreement,42.0,Urban,Eastern Province,10000.0
18,Lower secondary education,Agriculture,Agriculture,Private business or VUP,Oral agreement,45.0,Urban,Eastern Province,15000.0
27,Tertiary education,Skilled trades and operators,Industry,Private business or VUP,Oral agreement,30.0,Urban,Eastern Province,130000.0
27,Tertiary education,"Education, health and social services",Services,Private business or VUP,Oral agreement,30.0,Urban,Eastern Province,40000.0
18,Primary education,Elementary and other work,Services,Household,Oral agreement,48.0,Urban,Eastern Province,15000.0
20,Primary education,Elementary and other work,Services,Household,Written contract,50.0,Urban,Eastern Province,15000.0
16,Primary education,Elementary and other work,Industry,Private business or VUP,Oral agreement,40.0,Rural,Eastern Province,65000.0
17,Primary education,Elementary and other work,Industry,Private business or VUP,Oral agreement,40.0,Rural,Eastern Province,65000.0
28,Primary education,Agriculture,Agriculture,Private business or VUP,Oral agreement,56.0,Rural,Eastern Province,39000.0
29,Lower secondary education,Elementary and other work,Services,Private business or VUP,Oral agreement,28.0,Rural,Eastern Province,78000.0
20,Primary education,Agriculture,Agriculture,Private business or VUP,Oral agreement,50.0,Rural,Eastern Province,15000.0
29,Primary education,Agriculture,Agriculture,Private business or VUP,Oral agreement,49.0,Rural,Eastern Province,15000.0
26,Primary education,Elementary and other work,Services,Private business or VUP,Oral agreement,45.0,Urban,Eastern Province,20000.0
23,Lower secondary education,Elementary and other work,Services,Private business or VUP,Oral agreement,60.0,Urban,Eastern Province,30000.0
30,Primary education,Elementary and other work,Agriculture,Private business or VUP,Oral agreement,15.0,Urban,Eastern Province,39000.0
21,Upper secondary education,"Business, management and office work",Services,Private business or VUP,Oral agreement,40.0,Urban,Eastern Province,200000.0
16,Primary education,Elementary and other work,Services,Household,Oral agreement,42.0,Urban,Eastern Province,15000.0
25,Primary education,Elementary and other work,Services,Household,Oral agreement,60.0,Urban,Eastern Province,15000.0
20,Primary education,Elementary and other work,Services,Household,Oral agreement,50.0,Urban,Eastern Province,20000.0
17,Primary education,Elementary and other work,Services,Household,Oral agreement,50.0,Urban,Eastern Province,20000.0
20,Primary education,Elementary and other work,Services,Household,Oral agreement,50.0,Urban,Eastern Province,30000.0
29,Lower secondary education,Science and engineering,Industry,Private business or VUP,Oral agreement,65.0,Rural,Eastern Province,70000.0
25,Primary education,Elementary and other work,Services,Household,Oral agreement,56.0,Rural,Eastern Province,25000.0
18,Primary education,Elementary and other work,Industry,Private business or VUP,Oral agreement,36.0,Rural,Eastern Province,39000.0
21,Primary education,Elementary and other work,Industry,Private business or VUP,Oral agreement,50.0,Rural,Eastern Province,13000.0
16,Primary education,Elementary and other work,Industry,Private business or VUP,Oral agreement,50.0,Rural,Eastern Province,26000.0
22,Primary education,Elementary and other work,Industry,Private business or VUP,Oral agreement,60.0,Rural,Eastern Province,39000.0
16,Primary education,Elementary and other work,Industry,Private business or VUP,Oral agreement,60.0,Rural,Eastern Province,39000.0
21,Primary education,Elementary and other work,Agriculture,Private business or VUP,Oral agreement,24.0,Rural,Eastern Province,26000.0
17,Primary education,Elementary and other work,Agriculture,Private business or VUP,Oral agreement,12.0,Rural,Eastern Province,26000.0
26,Primary education,Elementary and other work,Agriculture,Private business or VUP,Oral agreement,35.0,Rural,Eastern Province,31200.0
22,Primary education,Elementary and other work,Agriculture,Private business or VUP,Oral agreement,21.0,Rural,Eastern Province,31200.0
30,Primary education,Sales and services,Services,Public institution,Written contract,45.0,Rural,Eastern Province,25000.0
26,Primary education,Elementary and other work,Agriculture,Private business or VUP,Oral agreement,30.0,Rural,Eastern Province,31200.0
17,Primary education,Elementary and other work,Agriculture,Private business or VUP,Oral agreement,42.0,Rural,Eastern Province,26000.0
24,Primary education,Skilled trades and operators,Services,Private business or VUP,Oral agreement,42.0,Rural,Eastern Province,78000.0
17,Primary education,Elementary and other work,Agriculture,Private business or VUP,Oral agreement,36.0,Rural,Eastern Province,39000.0
20,Primary education,Elementary and other work,Agriculture,Private business or VUP,Oral agreement,30.0,Rural,Eastern Province,26000.0
18,Primary education,Elementary and other work,Agriculture,Private business or VUP,Oral agreement,30.0,Rural,Eastern Province,26000.0
17,Primary education,Elementary and other work,Agriculture,Private business or VUP,Oral agreement,30.0,Rural,Eastern Province,26000.0
25,Primary education,Agriculture,Agriculture,Private business or VUP,Oral agreement,56.0,Rural,Eastern Province,20000.0
29,Primary education,Elementary and other work,Agriculture,Private business or VUP,Oral agreement,61.0,Rural,Eastern Province,39000.0
24,Primary education,Elementary and other work,Agriculture,Private business or VUP,Oral agreement,30.0,Rural,Eastern Province,31200.0
22,Primary education,Elementary and other work,Agriculture,Private business or VUP,Oral agreement,30.0,Rural,Eastern Province,31200.0
21,Primary education,Skilled trades and operators,Industry,Private business or VUP,Oral agreement,48.0,Rural,Eastern Province,39000.0
19,Primary education,Elementary and other work,Services,Private business or VUP,Oral agreement,30.0,Rural,Eastern Province,13000.0
24,Primary education,Elementary and other work,Services,Household,Oral agreement,49.0,Rural,Eastern Province,10000.0
21,No formal education,Elementary and other work,Agriculture,Private business or VUP,Oral agreement,22.0,Rural,Eastern Province,13000.0
17,Primary education,Agriculture,Agriculture,Private business or VUP,Oral agreement,15.0,Rural,Eastern Province,26000.0
28,Lower secondary education,Skilled trades and operators,Industry,Private business or VUP,Written contract,35.0,Rural,Eastern Province,78000.0
21,Primary education,Elementary and other work,Agriculture,Private business or VUP,Oral agreement,36.0,Rural,Eastern Province,26000.0
22,Primary education,Elementary and other work,Agriculture,Private business or VUP,Oral agreement,30.0,Rural,Eastern Province,26000.0
30,Lower secondary education,Elementary and other work,Agriculture,Private business or VUP,Oral agreement,18.0,Rural,Eastern Province,20800.0
28,Primary education,Elementary and other work,Agriculture,Private business or VUP,Oral agreement,25.0,Rural,Eastern Province,31200.0
16,Primary education,Agriculture,Services,Private business or VUP,Oral agreement,28.0,Rural,Eastern Province,10000.0
17,Lower secondary education,Elementary and other work,Agriculture,Private business or VUP,Oral agreement,8.0,Rural,Eastern Province,26000.0
21,Lower secondary education,Elementary and other work,Agriculture,Private business or VUP,Oral agreement,36.0,Rural,Eastern Province,10000.0
17,Primary education,Elementary and other work,Agriculture,Private business or VUP,Oral agreement,36.0,Rural,Eastern Province,10000.0
27,Primary education,Elementary and other work,Industry,Private business or VUP,Oral agreement,45.0,Urban,Eastern Province,52000.0
23,Upper secondary education,Sales and services,Services,Private business or VUP,Oral agreement,25.0,Urban,Eastern Province,78000.0
27,Primary education,Agriculture,Agriculture,Private business or VUP,Oral agreement,20.0,Urban,Eastern Province,26000.0
28,Lower secondary education,Agriculture,Agriculture,Private business or VUP,Oral agreement,20.0,Urban,Eastern Province,26000.0
29,Upper secondary education,"Education, health and social services",Services,Private business or VUP,Oral agreement,35.0,Urban,Eastern Province,35000.0
20,Primary education,Elementary and other work,Services,Household,Oral agreement,84.0,Urban,Eastern Province,30000.0
16,Primary education,Elementary and other work,Agriculture,Private business or VUP,Oral agreement,30.0,Rural,Eastern Province,20800.0
23,Lower secondary education,Elementary and other work,Services,Private business or VUP,Oral agreement,10.0,Rural,Eastern Province,52000.0
27,Primary education,Elementary and other work,Agriculture,Private business or VUP,Oral agreement,6.0,Rural,Eastern Province,26000.0
18,Primary education,Elementary and other work,Agriculture,Private business or VUP,Oral agreement,30.0,Rural,Eastern Province,20800.0
20,Primary education,Elementary and other work,Agriculture,Private business or VUP,Written contract,12.0,Rural,Eastern Province,26000.0
17,No formal education,Agriculture,Agriculture,Private business or VUP,Oral agreement,42.0,Urban,Eastern Province,20000.0
28,No formal education,Elementary and other work,Agriculture,Private business or VUP,Oral agreement,45.0,Urban,Eastern Province,31200.0
28,Primary education,Elementary and other work,Agriculture,Private business or VUP,Oral agreement,10.0,Urban,Eastern Province,26000.0
22,Upper secondary education,Elementary and other work,Industry,Private business or VUP,Oral agreement,40.0,Rural,Eastern Province,52000.0
30,Upper secondary education,Science and engineering,Services,Private business or VUP,Oral agreement,50.0,Rural,Eastern Province,200000.0
26,Upper secondary education,"Business, management and office work",Industry,Private business or VUP,Oral agreement,48.0,Rural,Eastern Province,80000.0
22,Lower secondary education,Sales and services,Services,Private business or VUP,Oral agreement,66.0,Rural,Eastern Province,90000.0
30,Upper secondary education,Sales and services,Services,Private business or VUP,Written contract,45.0,Rural,Eastern Province,30000.0
30,Primary education,Elementary and other work,Agriculture,Private business or VUP,Oral agreement,20.0,Rural,Eastern Province,31200.0
20,Primary education,Elementary and other work,Services,Private business or VUP,Oral agreement,25.0,Rural,Eastern Province,10000.0
23,Lower secondary education,Elementary and other work,Agriculture,Private business or VUP,Oral agreement,36.0,Rural,Eastern Province,52000.0
20,Primary education,Elementary and other work,Agriculture,Private business or VUP,Oral agreement,36.0,Rural,Eastern Province,52000.0
22,Primary education,Elementary and other work,Agriculture,Private business or VUP,Oral agreement,36.0,Rural,Eastern Province,52000.0
29,Primary education,Elementary and other work,Agriculture,Private business or VUP,Oral agreement,24.0,Rural,Eastern Province,39000.0
28,No formal education,Elementary and other work,Agriculture,Private business or VUP,Oral agreement,30.0,Rural,Eastern Province,39000.0
28,Lower secondary education,Elementary and other work,Agriculture,Private business or VUP,Oral agreement,40.0,Rural,Eastern Province,52000.0
27,Primary education,Elementary and other work,Agriculture,Private business or VUP,Oral agreement,36.0,Rural,Eastern Province,52000.0
29,Tertiary education,"Education, health and social services",Services,Public institution,Written contract,45.0,Rural,Eastern Province,250000.0
30,Primary education,Elementary and other work,Agriculture,Private business or VUP,Oral agreement,15.0,Rural,Eastern Province,39000.0
19,Primary education,Elementary and other work,Agriculture,Private business or VUP,Oral agreement,36.0,Rural,Eastern Province,39000.0
18,Lower secondary education,Elementary and other work,Agriculture,Private business or VUP,Oral agreement,36.0,Rural,Eastern Province,39000.0
24,Primary education,Elementary and other work,Agriculture,Private business or VUP,Oral agreement,40.0,Rural,Eastern Province,52000.0
22,Lower secondary education,Elementary and other work,Agriculture,Private business or VUP,Oral agreement,40.0,Rural,Eastern Province,52000.0
27,Primary education,Elementary and other work,Agriculture,Private business or VUP,Oral agreement,18.0,Rural,Eastern Province,26000.0
22,Primary education,Elementary and other work,Agriculture,Private business or VUP,Oral agreement,25.0,Rural,Eastern Province,26000.0
26,Primary education,Elementary and other work,Agriculture,Private business or VUP,Oral agreement,25.0,Rural,Eastern Province,39000.0
30,Primary education,Elementary and other work,Agriculture,Private business or VUP,Oral agreement,20.0,Rural,Eastern Province,39000.0
23,Lower secondary education,Elementary and other work,Agriculture,Private business or VUP,Oral agreement,30.0,Rural,Eastern Province,32500.0
27,Primary education,Agriculture,Agriculture,Private business or VUP,Oral agreement,15.0,Rural,Eastern Province,31200.0
24,Primary education,Agriculture,Agriculture,Private business or VUP,Oral agreement,39.0,Rural,Eastern Province,31200.0
22,Lower secondary education,Agriculture,Agriculture,Private business or VUP,Oral agreement,21.0,Rural,Eastern Province,39000.0
18,Lower secondary education,Agriculture,Agriculture,Private business or VUP,Oral agreement,6.0,Rural,Eastern Province,26000.0
28,Tertiary education,"Business, management and office work",Services,Private business or VUP,Oral agreement,45.0,Rural,Eastern Province,60000.0
29,Primary education,Agriculture,Agriculture,Private business or VUP,Oral agreement,38.0,Rural,Eastern Province,39000.0
27,Primary education,Elementary and other work,Agriculture,Private business or VUP,Oral agreement,12.0,Rural,Eastern Province,26000.0
25,Primary education,Elementary and other work,Agriculture,Private business or VUP,Oral agreement,18.0,Rural,Eastern Province,26000.0
23,Primary education,Elementary and other work,Agriculture,Private business or VUP,Oral agreement,42.0,Rural,Eastern Province,31200.0
19,Primary education,Sales and services,Services,Private business or VUP,Oral agreement,45.0,Rural,Eastern Province,30000.0
19,Primary education,Agriculture,Agriculture,Private business or VUP,Oral agreement,40.0,Rural,Eastern Province,39000.0
28,Primary education,Agriculture,Agriculture,Private business or VUP,Oral agreement,37.0,Rural,Eastern Province,26000.0
18,Primary education,Agriculture,Agriculture,Private business or VUP,Oral agreement,24.0,Rural,Eastern Province,26000.0
22,Primary education,Elementary and other work,Services,Private business or VUP,Oral agreement,65.0,Rural,Eastern Province,30000.0
20,Primary education,Elementary and other work,Industry,Private business or VUP,Oral agreement,40.0,Urban,Eastern Province,78000.0
19,Lower secondary education,Agriculture,Agriculture,Private business or VUP,Oral agreement,50.0,Urban,Eastern Province,12000.0
30,No formal education,Elementary and other work,Agriculture,Private business or VUP,Oral agreement,42.0,Urban,Eastern Province,31200.0
24,Primary education,Elementary and other work,Agriculture,Private business or VUP,Oral agreement,36.0,Urban,Eastern Province,26000.0
30,Lower secondary education,Skilled trades and operators,Services,Private business or VUP,Oral agreement,60.0,Urban,Eastern Province,100000.0
28,Primary education,Elementary and other work,Agriculture,Private business or VUP,Oral agreement,18.0,Rural,Eastern Province,26000.0
30,Primary education,Elementary and other work,Agriculture,Private business or VUP,Oral agreement,36.0,Rural,Eastern Province,26000.0
21,Primary education,Elementary and other work,Agriculture,Private business or VUP,Oral agreement,20.0,Rural,Eastern Province,26000.0
27,Primary education,Elementary and other work,Agriculture,Private business or VUP,Oral agreement,35.0,Rural,Eastern Province,26000.0
26,Lower secondary education,Elementary and other work,Agriculture,Private business or VUP,Oral agreement,35.0,Rural,Eastern Province,26000.0
24,Primary education,Elementary and other work,Industry,Private business or VUP,Oral agreement,54.0,Rural,Eastern Province,52000.0
30,Lower secondary education,ICT,Services,Public institution,Written contract,45.0,Rural,Eastern Province,100000.0
24,Upper secondary education,"Education, health and social services",Services,Public-private enterprise,Written contract,45.0,Rural,Eastern Province,120000.0
20,Primary education,Agriculture,Agriculture,Private business or VUP,Oral agreement,48.0,Rural,Eastern Province,39000.0
17,Primary education,Agriculture,Agriculture,Private business or VUP,Oral agreement,36.0,Rural,Eastern Province,26000.0
29,Lower secondary education,Elementary and other work,Agriculture,Private business or VUP,Oral agreement,35.0,Rural,Eastern Province,26000.0
21,Primary education,Agriculture,Agriculture,Private business or VUP,Oral agreement,38.0,Rural,Eastern Province,39000.0
22,Lower secondary education,Science and engineering,Services,Private business or VUP,Oral agreement,56.0,Urban,Eastern Province,156000.0
26,Upper secondary education,Skilled trades and operators,Industry,Private business or VUP,Oral agreement,56.0,Urban,Eastern Province,156000.0
19,Upper secondary education,"Business, management and office work",Services,Private business or VUP,Written contract,48.0,Urban,Eastern Province,130000.0
25,Primary education,Elementary and other work,Services,Household,Oral agreement,70.0,Urban,Eastern Province,30000.0
18,Lower secondary education,Elementary and other work,Services,Household,Oral agreement,40.0,Urban,Eastern Province,20000.0
23,Upper secondary education,Sales and services,Services,Private business or VUP,Written contract,40.0,Urban,Eastern Province,120000.0
19,Upper secondary education,"Business, management and office work",Services,Private business or VUP,Oral agreement,19.0,Urban,Eastern Province,130000.0
30,Lower secondary education,Elementary and other work,Industry,Private business or VUP,Oral agreement,49.0,Urban,Eastern Province,182000.0
24,Primary education,Elementary and other work,Services,Household,Oral agreement,48.0,Urban,Eastern Province,30000.0
17,Lower secondary education,Elementary and other work,Services,Household,Oral agreement,50.0,Urban,Eastern Province,20000.0
21,Primary education,Skilled trades and operators,Industry,Private business or VUP,Oral agreement,40.0,Rural,Eastern Province,30000.0
29,Lower secondary education,Elementary and other work,Agriculture,Private business or VUP,Oral agreement,30.0,Rural,Eastern Province,31200.0
19,Primary education,Elementary and other work,Agriculture,Private business or VUP,Oral agreement,36.0,Rural,Eastern Province,31200.0
30,Primary education,Agriculture,Agriculture,Private business or VUP,Oral agreement,36.0,Rural,Eastern Province,26000.0
21,Primary education,Agriculture,Agriculture,Private business or VUP,Oral agreement,30.0,Rural,Eastern Province,26000.0
18,Primary education,Agriculture,Agriculture,Private business or VUP,Oral agreement,30.0,Rural,Eastern Province,26000.0
16,Primary education,Agriculture,Agriculture,Private business or VUP,Oral agreement,30.0,Rural,Eastern Province,26000.0
21,Primary education,Elementary and other work,Agriculture,Private business or VUP,Oral agreement,24.0,Rural,Eastern Province,26000.0
22,Primary education,Skilled trades and operators,Industry,Private business or VUP,Oral agreement,48.0,Urban,Kigali city,60000.0
30,Upper secondary education,"Education, health and social services",Services,Public institution,Written contract,40.0,Urban,Kigali city,80000.0
29,Primary education,Elementary and other work,Services,Public institution,Written contract,42.0,Urban,Kigali city,30000.0
25,Primary education,Elementary and other work,Services,Household,Written contract,42.0,Urban,Kigali city,35000.0
21,Primary education,Elementary and other work,Services,Household,Oral agreement,70.0,Urban,Kigali city,30000.0
28,Lower secondary education,Elementary and other work,Services,Household,Oral agreement,70.0,Urban,Kigali city,30000.0
26,Primary education,Elementary and other work,Services,Private business or VUP,Oral agreement,36.0,Urban,Kigali city,39000.0
30,Upper secondary education,"Business, management and office work",Services,Private business or VUP,Oral agreement,70.0,Urban,Kigali city,50000.0
26,Upper secondary education,"Education, health and social services",Services,Public institution,Written contract,40.0,Urban,Kigali city,120000.0
19,Primary education,Elementary and other work,Services,Household,Oral agreement,63.0,Urban,Kigali city,12000.0
23,Primary education,Elementary and other work,Services,Household,Oral agreement,63.0,Urban,Kigali city,20000.0
21,Primary education,Elementary and other work,Industry,Private business or VUP,Oral agreement,48.0,Urban,Kigali city,104000.0
20,Primary education,Elementary and other work,Services,Household,Oral agreement,60.0,Urban,Kigali city,20000.0
27,Lower secondary education,Skilled trades and operators,Industry,Private business or VUP,Oral agreement,48.0,Urban,Kigali city,130000.0
25,Lower secondary education,Sales and services,Services,Private business or VUP,Oral agreement,48.0,Urban,Kigali city,60000.0
27,Primary education,Elementary and other work,Services,Household,Oral agreement,63.0,Urban,Kigali city,20000.0
27,Upper secondary education,Sales and services,Services,Private business or VUP,Oral agreement,45.0,Urban,Kigali city,80000.0
26,Tertiary education,Science and engineering,Services,Private business or VUP,Oral agreement,40.0,Urban,Kigali city,150000.0
27,Upper secondary education,"Business, management and office work",Services,Private business or VUP,Written contract,48.0,Urban,Kigali city,180000.0
27,Lower secondary education,Skilled trades and operators,Services,Private business or VUP,Oral agreement,77.0,Urban,Kigali city,150000.0
19,Lower secondary education,Elementary and other work,Industry,Private business or VUP,Oral agreement,36.0,Urban,Kigali city,65000.0
16,Primary education,Elementary and other work,Services,Household,Oral agreement,56.0,Urban,Kigali city,15000.0
29,Tertiary education,Sales and services,Services,Private business or VUP,Written contract,66.0,Urban,Kigali city,60000.0
27,Primary education,Elementary and other work,Industry,Private business or VUP,Written contract,42.0,Urban,Kigali city,169000.0
28,Primary education,Elementary and other work,Agriculture,Private business or VUP,Oral agreement,30.0,Urban,Kigali city,39000.0
25,Upper secondary education,Sales and services,Services,Private business or VUP,Oral agreement,72.0,Urban,Kigali city,60000.0
24,Tertiary education,Elementary and other work,Services,Private business or VUP,Oral agreement,72.0,Urban,Kigali city,35000.0
23,Upper secondary education,Sales and services,Services,Private business or VUP,Written contract,45.0,Urban,Kigali city,360000.0
25,Tertiary education,"Education, health and social services",Services,Private business or VUP,Written contract,40.0,Urban,Kigali city,100000.0
19,Primary education,"Education, health and social services",Services,Household,Oral agreement,63.0,Urban,Kigali city,20000.0
22,Tertiary education,"Business, management and office work",Services,Private business or VUP,Written contract,45.0,Urban,Kigali city,86666.664
21,Primary education,"Education, health and social services",Services,Household,Oral agreement,70.0,Urban,Kigali city,15000.0
25,Tertiary education,"Education, health and social services",Services,Private business or VUP,Oral agreement,30.0,Urban,Kigali city,100000.0
30,Lower secondary education,Elementary and other work,Agriculture,Private business or VUP,Oral agreement,36.0,Urban,Kigali city,39000.0
27,Lower secondary education,Sales and services,Services,Private business or VUP,Oral agreement,35.0,Urban,Kigali city,65000.0
25,Tertiary education,ICT,Services,Private business or VUP,Written contract,48.0,Urban,Kigali city,180000.0
21,Upper secondary education,"Business, management and office work",Industry,Private business or VUP,Oral agreement,42.0,Urban,Kigali city,50000.0
21,Lower secondary education,Elementary and other work,Services,Household,Oral agreement,70.0,Urban,Kigali city,20000.0
17,Lower secondary education,Elementary and other work,Services,Household,Oral agreement,56.0,Urban,Kigali city,15000.0
20,Primary education,Elementary and other work,Services,Household,Oral agreement,60.0,Urban,Kigali city,20000.0
19,Primary education,Elementary and other work,Industry,Private business or VUP,Oral agreement,40.0,Urban,Kigali city,78000.0
19,Primary education,Elementary and other work,Services,Household,Oral agreement,49.0,Urban,Kigali city,15000.0
19,Lower secondary education,Elementary and other work,Services,Household,Oral agreement,42.0,Urban,Kigali city,15000.0
28,Upper secondary education,ICT,Services,Public institution,Written contract,56.0,Urban,Kigali city,70000.0
30,Lower secondary education,Sales and services,Services,Private business or VUP,Oral agreement,28.0,Urban,Kigali city,39000.0
27,Lower secondary education,Skilled trades and operators,Services,Private business or VUP,Oral agreement,45.0,Urban,Kigali city,260000.0
26,Tertiary education,Elementary and other work,Industry,Private business or VUP,Written contract,50.0,Urban,Kigali city,80000.0
28,Primary education,Elementary and other work,Industry,Private business or VUP,Oral agreement,40.0,Rural,Kigali city,52000.0
20,Primary education,Elementary and other work,Agriculture,Private business or VUP,Oral agreement,25.0,Rural,Kigali city,31200.0
29,Primary education,Elementary and other work,Industry,Private business or VUP,Oral agreement,24.0,Rural,Kigali city,52000.0
24,Primary education,Sales and services,Services,Public institution,Written contract,54.0,Rural,Kigali city,25000.0
27,Primary education,Agriculture,Agriculture,Private business or VUP,Oral agreement,35.0,Rural,Kigali city,52000.0
26,Upper secondary education,Sales and services,Services,Private business or VUP,Oral agreement,66.0,Urban,Kigali city,100000.0
30,Primary education,Skilled trades and operators,Industry,Private business or VUP,Oral agreement,27.0,Urban,Kigali city,182000.0
22,Upper secondary education,Sales and services,Services,Private business or VUP,Written contract,48.0,Urban,Kigali city,150000.0
28,Upper secondary education,"Education, health and social services",Services,Public institution,Written contract,45.0,Urban,Kigali city,50000.0
30,Upper secondary education,ICT,Services,Private business or VUP,Oral agreement,35.0,Urban,Kigali city,150000.0
24,Tertiary education,Sales and services,Services,Private business or VUP,Oral agreement,54.0,Urban,Kigali city,120000.0
25,Tertiary education,Sales and services,Services,Private business or VUP,Oral agreement,63.0,Urban,Kigali city,120000.0
16,Primary education,Elementary and other work,Services,Household,Oral agreement,60.0,Urban,Kigali city,10000.0
22,Primary education,Elementary and other work,Services,Household,Oral agreement,70.0,Urban,Kigali city,15000.0
26,Upper secondary education,Sales and services,Services,Private business or VUP,Oral agreement,66.0,Urban,Kigali city,70000.0
21,Primary education,Elementary and other work,Industry,Private business or VUP,Oral agreement,56.0,Urban,Kigali city,156000.0
22,Primary education,Skilled trades and operators,Industry,Private business or VUP,Oral agreement,56.0,Urban,Kigali city,182000.0
17,Primary education,Elementary and other work,Services,Household,Oral agreement,49.0,Urban,Kigali city,15000.0
24,Lower secondary education,Elementary and other work,Services,Private business or VUP,Oral agreement,48.0,Urban,Kigali city,40000.0
23,Primary education,Elementary and other work,Industry,Private business or VUP,Oral agreement,84.0,Urban,Kigali city,69000.0
27,Tertiary education,"Business, management and office work",Industry,Private business or VUP,Written contract,40.0,Urban,Kigali city,250000.0
20,Primary education,Agriculture,Agriculture,Private business or VUP,Oral agreement,20.0,Urban,Kigali city,15000.0
23,Primary education,Elementary and other work,Services,Private business or VUP,Oral agreement,70.0,Urban,Kigali city,20000.0
22,Lower secondary education,Skilled trades and operators,Services,Private business or VUP,Oral agreement,36.0,Urban,Kigali city,60000.0
29,Primary education,Elementary and other work,Services,Private business or VUP,Oral agreement,45.0,Urban,Kigali city,78000.0
23,Lower secondary education,Elementary and other work,Industry,Private business or VUP,Oral agreement,45.0,Urban,Kigali city,78000.0
24,Primary education,Elementary and other work,Industry,Private business or VUP,Oral agreement,36.0,Urban,Kigali city,78000.0
22,Lower secondary education,Elementary and other work,Industry,Private business or VUP,Oral agreement,36.0,Urban,Kigali city,104000.0
21,Primary education,Elementary and other work,Services,Private business or VUP,Oral agreement,48.0,Urban,Kigali city,130000.0
28,Tertiary education,"Education, health and social services",Services,Public institution,Written contract,45.0,Urban,Kigali city,266000.0
29,Lower secondary education,Skilled trades and operators,Industry,Private business or VUP,Written contract,54.0,Urban,Kigali city,200000.0
21,Lower secondary education,Elementary and other work,Services,Household,Oral agreement,56.0,Urban,Kigali city,20000.0
20,Primary education,Elementary and other work,Services,Household,Oral agreement,70.0,Urban,Kigali city,25000.0
28,Upper secondary education,Elementary and other work,Services,Household,Oral agreement,40.0,Urban,Kigali city,30000.0
28,Upper secondary education,Elementary and other work,Services,Household,Oral agreement,35.0,Urban,Kigali city,30000.0
20,Primary education,Elementary and other work,Services,Household,Oral agreement,36.0,Urban,Kigali city,15000.0
20,Upper secondary education,Sales and services,Services,Private business or VUP,Oral agreement,45.0,Urban,Kigali city,39000.0
28,Primary education,Elementary and other work,Industry,Private business or VUP,Oral agreement,18.0,Urban,Kigali city,78000.0
21,No formal education,Elementary and other work,Services,Household,Oral agreement,70.0,Urban,Kigali city,15000.0
28,Primary education,Agriculture,Agriculture,Private business or VUP,Oral agreement,20.0,Rural,Southern Province,31200.0
29,Upper secondary education,Sales and services,Services,Public institution,Written contract,40.0,Rural,Southern Province,60000.0
30,Upper secondary education,Sales and services,Services,Public institution,Written contract,70.0,Rural,Southern Province,58000.0
23,Lower secondary education,Elementary and other work,Agriculture,Private business or VUP,Oral agreement,24.0,Rural,Southern Province,31200.0
25,No formal education,Elementary and other work,Agriculture,Private business or VUP,Oral agreement,18.0,Rural,Southern Province,31200.0
25,Primary education,Elementary and other work,Services,Private business or VUP,Oral agreement,4.0,Rural,Southern Province,20800.0
18,Lower secondary education,Agriculture,Agriculture,Private business or VUP,Oral agreement,40.0,Rural,Southern Province,8000.0
16,Primary education,Agriculture,Agriculture,Private business or VUP,Oral agreement,40.0,Rural,Southern Province,8000.0
24,Primary education,Agriculture,Agriculture,Private business or VUP,Oral agreement,28.0,Rural,Southern Province,31200.0
19,Primary education,Agriculture,Agriculture,Private business or VUP,Oral agreement,40.0,Rural,Southern Province,26000.0
23,Primary education,Elementary and other work,Services,Private business or VUP,Oral agreement,45.0,Rural,Southern Province,15000.0
17,Lower secondary education,Elementary and other work,Agriculture,Private business or VUP,Oral agreement,15.0,Rural,Southern Province,31200.0
18,Lower secondary education,Elementary and other work,Agriculture,Private business or VUP,Oral agreement,20.0,Rural,Southern Province,20800.0
29,Primary education,Elementary and other work,Agriculture,Private business or VUP,Oral agreement,30.0,Rural,Southern Province,33800.0
28,Primary education,Sales and services,Services,Private business or VUP,Oral agreement,90.0,Rural,Southern Province,29000.0
27,Primary education,Sales and services,Services,Private business or VUP,Oral agreement,40.0,Rural,Southern Province,30000.0
20,Primary education,Elementary and other work,Agriculture,Private business or VUP,Oral agreement,36.0,Rural,Southern Province,26000.0
16,Primary education,Elementary and other work,Services,Household,Oral agreement,84.0,Rural,Southern Province,10000.0
30,Primary education,Elementary and other work,Agriculture,Private business or VUP,Oral agreement,36.0,Rural,Southern Province,26000.0
18,Primary education,Elementary and other work,Agriculture,Private business or VUP,Oral agreement,30.0,Rural,Southern Province,31200.0
23,Primary education,Agriculture,Agriculture,Private business or VUP,Oral agreement,70.0,Rural,Southern Province,10000.0
25,Primary education,Agriculture,Agriculture,Private business or VUP,Oral agreement,70.0,Rural,Southern Province,10000.0
19,Primary education,Elementary and other work,Agriculture,Private business or VUP,Oral agreement,30.0,Rural,Southern Province,26000.0
27,Primary education,Elementary and other work,Industry,Private business or VUP,Oral agreement,50.0,Rural,Southern Province,78000.0
23,Primary education,Agriculture,Agriculture,Private business or VUP,Oral agreement,18.0,Rural,Southern Province,26000.0
30,Primary education,Agriculture,Agriculture,Private business or VUP,Oral agreement,36.0,Rural,Southern Province,26000.0
28,Lower secondary education,Agriculture,Agriculture,Private business or VUP,Oral agreement,25.0,Rural,Southern Province,39000.0
22,Primary education,Agriculture,Agriculture,Private business or VUP,Oral agreement,54.0,Rural,Southern Province,31200.0
22,Primary education,Elementary and other work,Agriculture,Private business or VUP,Oral agreement,30.0,Rural,Southern Province,26000.0
27,Primary education,Elementary and other work,Agriculture,Private business or VUP,Oral agreement,18.0,Rural,Southern Province,31200.0
24,Primary education,Agriculture,Agriculture,Private business or VUP,Oral agreement,35.0,Rural,Southern Province,39000.0
24,Primary education,Agriculture,Agriculture,Private business or VUP,Oral agreement,25.0,Rural,Southern Province,39000.0
28,Primary education,Agriculture,Agriculture,Private business or VUP,Oral agreement,6.0,Rural,Southern Province,39000.0
25,Primary education,Elementary and other work,Agriculture,Private business or VUP,Oral agreement,36.0,Rural,Southern Province,31200.0
28,Lower secondary education,Elementary and other work,Agriculture,Private business or VUP,Oral agreement,35.0,Rural,Southern Province,32500.0
23,Primary education,Elementary and other work,Agriculture,Private business or VUP,Oral agreement,15.0,Rural,Southern Province,31200.0
16,Primary education,Elementary and other work,Industry,Private business or VUP,Written contract,42.0,Rural,Southern Province,20000.0
30,Primary education,Agriculture,Agriculture,Other,Written contract,25.0,Rural,Southern Province,42250.0
18,Primary education,"Education, health and social services",Services,Household,Oral agreement,40.0,Rural,Southern Province,8000.0
21,Primary education,Elementary and other work,Agriculture,Private business or VUP,Oral agreement,3.0,Rural,Southern Province,31200.0
21,Lower secondary education,Elementary and other work,Industry,Private business or VUP,Oral agreement,8.0,Rural,Southern Province,52000.0
26,Upper secondary education,"Education, health and social services",Services,Public institution,Written contract,40.0,Rural,Southern Province,123000.0
18,Lower secondary education,Elementary and other work,Services,Household,Oral agreement,72.0,Rural,Southern Province,17000.0
27,Upper secondary education,"Education, health and social services",Services,Private business or VUP,Oral agreement,2.0,Rural,Southern Province,10000.0
27,Lower secondary education,Agriculture,Agriculture,Private business or VUP,Oral agreement,35.0,Rural,Southern Province,26000.0
24,Upper secondary education,Agriculture,Agriculture,Private business or VUP,Oral agreement,35.0,Rural,Southern Province,26000.0
28,Upper secondary education,Elementary and other work,Agriculture,Private business or VUP,Oral agreement,36.0,Rural,Southern Province,39000.0
26,Lower secondary education,Skilled trades and operators,Industry,Private business or VUP,Oral agreement,56.0,Rural,Southern Province,78000.0
19,Lower secondary education,Skilled trades and operators,Industry,Private business or VUP,Oral agreement,56.0,Rural,Southern Province,26000.0
27,Upper secondary education,"Education, health and social services",Services,Public institution,Written contract,40.0,Rural,Southern Province,113000.0
25,Primary education,Agriculture,Agriculture,Private business or VUP,Oral agreement,30.0,Rural,Southern Province,31200.0
29,Lower secondary education,Elementary and other work,Industry,Private business or VUP,Oral agreement,54.0,Rural,Southern Province,52000.0
16,Primary education,Elementary and other work,Services,Household,Oral agreement,49.0,Rural,Southern Province,12000.0
22,Primary education,Elementary and other work,Services,Household,Oral agreement,35.0,Rural,Southern Province,10000.0
19,Primary education,Agriculture,Agriculture,Private business or VUP,Oral agreement,36.0,Rural,Southern Province,39000.0
26,Primary education,Elementary and other work,Agriculture,Private business or VUP,Oral agreement,10.0,Rural,Southern Province,26000.0
21,Primary education,Elementary and other work,Services,Private business or VUP,Oral agreement,5.0,Rural,Southern Province,20800.0
30,Primary education,Agriculture,Agriculture,Private business or VUP,Oral agreement,18.0,Rural,Southern Province,26000.0
21,Primary education,Elementary and other work,Agriculture,Private business or VUP,Oral agreement,36.0,Rural,Southern Province,26000.0
27,Primary education,Elementary and other work,Agriculture,Private business or VUP,Oral agreement,25.0,Rural,Southern Province,26000.0
19,Primary education,Elementary and other work,Services,Household,Oral agreement,56.0,Rural,Southern Province,15000.0
25,Primary education,Agriculture,Agriculture,Private business or VUP,Oral agreement,15.0,Rural,Southern Province,20800.0
19,Primary education,Agriculture,Agriculture,Private business or VUP,Oral agreement,30.0,Rural,Southern Province,26000.0
28,Primary education,Agriculture,Agriculture,Private business or VUP,Oral agreement,42.0,Rural,Southern Province,20800.0
21,Lower secondary education,Skilled trades and operators,Industry,Private business or VUP,Oral agreement,48.0,Rural,Southern Province,104000.0
18,Primary education,Elementary and other work,Industry,Private business or VUP,Oral agreement,48.0,Rural,Southern Province,39000.0
23,Primary education,Agriculture,Agriculture,Private business or VUP,Oral agreement,30.0,Rural,Southern Province,20800.0
25,Primary education,Agriculture,Agriculture,Private business or VUP,Oral agreement,30.0,Rural,Southern Province,20800.0
24,Primary education,Elementary and other work,Agriculture,Private business or VUP,Oral agreement,36.0,Rural,Southern Province,26000.0
30,Primary education,Elementary and other work,Agriculture,Private business or VUP,Oral agreement,2.0,Rural,Southern Province,20800.0
23,Primary education,Agriculture,Agriculture,Private business or VUP,Oral agreement,38.0,Rural,Southern Province,33800.0
24,No formal education,Elementary and other work,Services,Household,Oral agreement,63.0,Rural,Southern Province,15000.0
26,Lower secondary education,Elementary and other work,Agriculture,Private business or VUP,Oral agreement,15.0,Rural,Southern Province,26000.0
22,Primary education,Agriculture,Agriculture,Private business or VUP,Oral agreement,6.0,Rural,Southern Province,26000.0
17,Primary education,Elementary and other work,Agriculture,Private business or VUP,Oral agreement,6.0,Rural,Southern Province,26000.0
21,Primary education,Agriculture,Agriculture,Private business or VUP,Oral agreement,43.0,Rural,Southern Province,31200.0
23,Primary education,Agriculture,Agriculture,Private business or VUP,Oral agreement,36.0,Rural,Southern Province,36833.332
21,Primary education,Elementary and other work,Services,Household,Oral agreement,56.0,Rural,Southern Province,15000.0
29,Lower secondary education,Elementary and other work,Services,Private business or VUP,Oral agreement,42.0,Rural,Southern Province,52000.0
28,Upper secondary education,Agriculture,Agriculture,Private business or VUP,Oral agreement,35.0,Rural,Southern Province,54166.668
30,Primary education,Sales and services,Services,Private business or VUP,Oral agreement,48.0,Rural,Southern Province,52000.0
26,Primary education,Agriculture,Agriculture,Private business or VUP,Oral agreement,36.0,Rural,Southern Province,39000.0
20,Primary education,Skilled trades and operators,Industry,Private business or VUP,Oral agreement,30.0,Rural,Southern Province,52000.0
20,Upper secondary education,Skilled trades and operators,Industry,Private business or VUP,Oral agreement,40.0,Rural,Southern Province,130000.0
23,Primary education,Elementary and other work,Agriculture,Private business or VUP,Oral agreement,36.0,Rural,Southern Province,26000.0
27,Primary education,Elementary and other work,Industry,Private business or VUP,Oral agreement,30.0,Rural,Southern Province,30333.334
22,Primary education,Elementary and other work,Industry,Private business or VUP,Oral agreement,42.0,Rural,Southern Province,52000.0
21,Primary education,Elementary and other work,Services,Household,Oral agreement,50.0,Urban,Southern Province,10000.0
26,Upper secondary education,Sales and services,Services,Private business or VUP,Oral agreement,60.0,Urban,Southern Province,50000.0
23,Lower secondary education,Skilled trades and operators,Industry,Private business or VUP,Oral agreement,60.0,Urban,Southern Province,104000.0
18,Lower secondary education,Elementary and other work,Services,Household,Oral agreement,49.0,Urban,Southern Province,15000.0
27,Lower secondary education,Elementary and other work,Industry,Private business or VUP,Oral agreement,42.0,Urban,Southern Province,52000.0
17,Lower secondary education,Elementary and other work,Services,Household,Oral agreement,40.0,Urban,Southern Province,12000.0
20,Lower secondary education,Elementary and other work,Services,Household,Oral agreement,45.0,Urban,Southern Province,15000.0
20,Primary education,Elementary and other work,Services,Private business or VUP,Oral agreement,56.0,Urban,Southern Province,20000.0
16,Primary education,Elementary and other work,Services,Private business or VUP,Oral agreement,56.0,Urban,Southern Province,12000.0
17,Primary education,Elementary and other work,Industry,Private business or VUP,Oral agreement,45.0,Urban,Southern Province,78000.0
30,Primary education,Agriculture,Agriculture,Private business or VUP,Oral agreement,36.0,Rural,Southern Province,39000.0
25,Primary education,Elementary and other work,Agriculture,Private business or VUP,Oral agreement,30.0,Rural,Southern Province,31200.0
26,Primary education,Skilled trades and operators,Industry,Private business or VUP,Oral agreement,60.0,Rural,Southern Province,104000.0
22,Lower secondary education,Elementary and other work,Services,Private business or VUP,Oral agreement,50.0,Rural,Southern Province,52000.0
30,Primary education,Agriculture,Industry,Private business or VUP,Oral agreement,45.0,Rural,Southern Province,54166.668
19,Primary education,Elementary and other work,Services,Household,Oral agreement,42.0,Rural,Southern Province,20000.0
17,Primary education,Elementary and other work,Agriculture,Private business or VUP,Oral agreement,36.0,Rural,Southern Province,26000.0
24,Primary education,Elementary and other work,Services,Household,Oral agreement,63.0,Rural,Southern Province,8000.0
30,Primary education,Elementary and other work,Agriculture,Private business or VUP,Oral agreement,36.0,Rural,Southern Province,31200.0
29,Upper secondary education,"Education, health and social services",Services,Public institution,Written contract,40.0,Rural,Southern Province,100000.0
19,Primary education,Elementary and other work,Industry,Private business or VUP,Oral agreement,60.0,Urban,Southern Province,91000.0
30,Upper secondary education,Elementary and other work,Industry,Private business or VUP,Oral agreement,84.0,Urban,Southern Province,91000.0
19,Primary education,Elementary and other work,Agriculture,Private business or VUP,Oral agreement,36.0,Urban,Southern Province,39000.0
17,Primary education,Elementary and other work,Services,Household,Oral agreement,60.0,Urban,Southern Province,15000.0
23,Primary education,Elementary and other work,Services,Household,Oral agreement,70.0,Urban,Southern Province,20000.0
24,Primary education,Elementary and other work,Industry,Private business or VUP,Oral agreement,66.0,Urban,Southern Province,117000.0
19,Primary education,Elementary and other work,Industry,Private business or VUP,Oral agreement,66.0,Urban,Southern Province,52000.0
27,Primary education,Skilled trades and operators,Services,Private business or VUP,Oral agreement,63.0,Urban,Southern Province,312000.0
23,Upper secondary education,Sales and services,Services,Private business or VUP,Oral agreement,77.0,Urban,Southern Province,20000.0
24,Primary education,Elementary and other work,Services,Household,Oral agreement,60.0,Urban,Southern Province,15000.0
16,Primary education,Elementary and other work,Services,Household,Oral agreement,49.0,Urban,Southern Province,20000.0
16,No formal education,Elementary and other work,Services,Household,Oral agreement,35.0,Urban,Southern Province,13000.0
21,Primary education,Elementary and other work,Services,Household,Oral agreement,42.0,Urban,Southern Province,12000.0
19,Lower secondary education,Elementary and other work,Agriculture,Private business or VUP,Oral agreement,12.0,Rural,Western Province,26000.0
21,Primary education,Elementary and other work,Agriculture,Private business or VUP,Oral agreement,49.0,Rural,Western Province,31200.0
23,Primary education,Agriculture,Agriculture,Private business or VUP,Oral agreement,49.0,Rural,Western Province,31200.0
20,Primary education,Elementary and other work,Services,Private business or VUP,Oral agreement,20.0,Rural,Western Province,26000.0
17,Primary education,Elementary and other work,Services,Household,Oral agreement,56.0,Rural,Western Province,10000.0
21,Primary education,Elementary and other work,Agriculture,Private business or VUP,Oral agreement,3.0,Rural,Western Province,17333.334
25,Lower secondary education,Elementary and other work,Agriculture,Private business or VUP,Oral agreement,30.0,Rural,Western Province,20800.0
23,Primary education,Elementary and other work,Agriculture,Private business or VUP,Oral agreement,25.0,Rural,Western Province,20800.0
30,Primary education,Skilled trades and operators,Industry,Private business or VUP,Oral agreement,25.0,Rural,Western Province,104000.0
24,Primary education,Elementary and other work,Agriculture,Private business or VUP,Oral agreement,20.0,Rural,Western Province,26000.0
26,Primary education,Elementary and other work,Agriculture,Private business or VUP,Oral agreement,16.0,Rural,Western Province,26000.0
24,Primary education,Elementary and other work,Services,Private business or VUP,Oral agreement,70.0,Urban,Western Province,39000.0
25,Primary education,Elementary and other work,Services,Private business or VUP,Oral agreement,42.0,Urban,Western Province,28600.0
22,Primary education,Elementary and other work,Agriculture,Private business or VUP,Oral agreement,49.0,Urban,Western Province,39000.0
21,Primary education,Elementary and other work,Agriculture,Private business or VUP,Oral agreement,49.0,Urban,Western Province,31200.0
20,Lower secondary education,Elementary and other work,Services,Private business or VUP,Oral agreement,4.0,Urban,Western Province,26000.0
27,Primary education,Elementary and other work,Industry,Private business or VUP,Oral agreement,40.0,Rural,Western Province,52000.0
26,Lower secondary education,Elementary and other work,Industry,Private business or VUP,Oral agreement,66.0,Rural,Western Province,39000.0
19,Primary education,Agriculture,Agriculture,Private business or VUP,Oral agreement,54.0,Rural,Western Province,31200.0
18,Primary education,Agriculture,Agriculture,Private business or VUP,Oral agreement,54.0,Rural,Western Province,31200.0
24,Primary education,Agriculture,Agriculture,Private business or VUP,Oral agreement,36.0,Rural,Western Province,39000.0
21,Primary education,Agriculture,Agriculture,Private business or VUP,Oral agreement,36.0,Rural,Western Province,39000.0
23,Primary education,Elementary and other work,Agriculture,Private business or VUP,Oral agreement,24.0,Rural,Western Province,13000.0
19,Primary education,Elementary and other work,Agriculture,Private business or VUP,Oral agreement,24.0,Rural,Western Province,13000.0
17,Primary education,Elementary and other work,Agriculture,Private business or VUP,Oral agreement,24.0,Rural,Western Province,13000.0
30,Lower secondary education,Elementary and other work,Agriculture,Private business or VUP,Oral agreement,54.0,Rural,Western Province,39000.0
27,Primary education,Elementary and other work,Agriculture,Private business or VUP,Oral agreement,54.0,Rural,Western Province,39000.0
27,Primary education,Elementary and other work,Agriculture,Private business or VUP,Oral agreement,27.0,Rural,Western Province,39000.0
22,Lower secondary education,Elementary and other work,Agriculture,Private business or VUP,Oral agreement,30.0,Rural,Western Province,36400.0
22,Lower secondary education,Elementary and other work,Agriculture,Private business or VUP,Oral agreement,20.0,Rural,Western Province,31200.0
30,Primary education,Elementary and other work,Agriculture,Private business or VUP,Oral agreement,27.0,Rural,Western Province,39000.0
26,No formal education,Elementary and other work,Agriculture,Private business or VUP,Oral agreement,36.0,Rural,Western Province,39000.0
19,Primary education,Elementary and other work,Agriculture,Private business or VUP,Oral agreement,54.0,Rural,Western Province,39000.0
30,Primary education,Agriculture,Agriculture,Private business or VUP,Oral agreement,14.0,Rural,Western Province,26000.0
26,Primary education,Agriculture,Agriculture,Private business or VUP,Oral agreement,28.0,Rural,Western Province,26000.0
21,Primary education,Elementary and other work,Services,Private business or VUP,Oral agreement,40.0,Rural,Western Province,20800.0
16,Primary education,Elementary and other work,Services,Private business or VUP,Oral agreement,30.0,Rural,Western Province,13000.0
30,Lower secondary education,Elementary and other work,Agriculture,Private business or VUP,Oral agreement,48.0,Urban,Western Province,26000.0
18,Primary education,Elementary and other work,Services,Private business or VUP,Oral agreement,36.0,Urban,Western Province,39000.0
17,Primary education,Elementary and other work,Industry,Private business or VUP,Oral agreement,20.0,Urban,Western Province,39000.0
24,Tertiary education,"Business, management and office work",Industry,Private business or VUP,Oral agreement,48.0,Urban,Western Province,60000.0
20,Primary education,Elementary and other work,Agriculture,Private business or VUP,Oral agreement,42.0,Urban,Western Province,39000.0
18,Primary education,Elementary and other work,Agriculture,Private business or VUP,Oral agreement,42.0,Urban,Western Province,26000.0
23,Lower secondary education,Elementary and other work,Industry,Private business or VUP,Oral agreement,30.0,Urban,Western Province,39000.0
21,Primary education,Elementary and other work,Agriculture,Private business or VUP,Oral agreement,40.0,Rural,Western Province,39000.0
30,Upper secondary education,Elementary and other work,Industry,Private business or VUP,Oral agreement,24.0,Urban,Western Province,52000.0
24,Lower secondary education,"Education, health and social services",Services,Private business or VUP,Oral agreement,21.0,Urban,Western Province,40000.0
17,Lower secondary education,Elementary and other work,Services,Household,Oral agreement,42.0,Urban,Western Province,15000.0
24,Upper secondary education,Skilled trades and operators,Services,Private business or VUP,Oral agreement,48.0,Urban,Western Province,60000.0
28,Primary education,Elementary and other work,Agriculture,Private business or VUP,Oral agreement,36.0,Urban,Western Province,39000.0
22,Lower secondary education,Elementary and other work,Agriculture,Private business or VUP,Oral agreement,38.0,Rural,Western Province,26000.0
23,Primary education,Elementary and other work,Agriculture,Private business or VUP,Oral agreement,38.0,Rural,Western Province,31200.0
24,Primary education,Elementary and other work,Services,Private business or VUP,Oral agreement,36.0,Rural,Western Province,52000.0
23,Primary education,Agriculture,Agriculture,Private business or VUP,Oral agreement,36.0,Rural,Western Province,26000.0
29,Primary education,Elementary and other work,Agriculture,Private business or VUP,Oral agreement,36.0,Rural,Western Province,31200.0
29,Primary education,Agriculture,Agriculture,Private business or VUP,Oral agreement,30.0,Rural,Western Province,26000.0
20,Primary education,Agriculture,Agriculture,Private business or VUP,Oral agreement,18.0,Rural,Western Province,31200.0
18,Primary education,Elementary and other work,Services,Private business or VUP,Oral agreement,40.0,Rural,Western Province,52000.0
30,Upper secondary education,Elementary and other work,Agriculture,Private business or VUP,Oral agreement,35.0,Rural,Western Province,39000.0
25,Upper secondary education,Elementary and other work,Agriculture,Private business or VUP,Oral agreement,36.0,Rural,Western Province,31200.0
28,Primary education,Agriculture,Agriculture,Private business or VUP,Oral agreement,30.0,Rural,Western Province,26000.0
21,Primary education,Agriculture,Agriculture,Private business or VUP,Oral agreement,25.0,Rural,Western Province,20800.0
25,Upper secondary education,Skilled trades and operators,Industry,Private business or VUP,Oral agreement,54.0,Rural,Western Province,104000.0
30,Lower secondary education,Elementary and other work,Agriculture,Private business or VUP,Oral agreement,36.0,Urban,Western Province,26000.0
18,Primary education,Elementary and other work,Services,Household,Oral agreement,49.0,Urban,Western Province,15000.0
27,Primary education,"Education, health and social services",Services,Private business or VUP,Written contract,10.0,Urban,Western Province,45833.332
21,Upper secondary education,Sales and services,Services,Private business or VUP,Oral agreement,30.0,Urban,Western Province,20000.0
26,Primary education,Elementary and other work,Agriculture,Private business or VUP,Oral agreement,35.0,Rural,Western Province,26000.0
26,Primary education,Elementary and other work,Agriculture,Private business or VUP,Oral agreement,36.0,Rural,Western Province,26000.0
28,Primary education,Elementary and other work,Agriculture,Private business or VUP,Oral agreement,36.0,Rural,Western Province,39000.0
21,Primary education,Elementary and other work,Agriculture,Private business or VUP,Oral agreement,36.0,Rural,Western Province,26000.0
16,Primary education,Elementary and other work,Industry,Private business or VUP,Oral agreement,10.0,Rural,Western Province,26000.0
22,Upper secondary education,Elementary and other work,Agriculture,Private business or VUP,Oral agreement,35.0,Rural,Western Province,26000.0
24,Primary education,Elementary and other work,Agriculture,Private business or VUP,Oral agreement,36.0,Rural,Western Province,26000.0
20,Primary education,Agriculture,Agriculture,Other,Oral agreement,45.0,Rural,Western Province,39000.0
18,Primary education,Elementary and other work,Industry,Private business or VUP,Oral agreement,16.0,Rural,Western Province,39000.0
24,Primary education,Elementary and other work,Industry,Private business or VUP,Oral agreement,35.0,Rural,Western Province,39000.0
19,Primary education,Elementary and other work,Agriculture,Private business or VUP,Oral agreement,35.0,Rural,Western Province,26000.0
30,No formal education,Agriculture,Agriculture,Private business or VUP,Oral agreement,45.0,Rural,Western Province,26000.0
21,Primary education,Elementary and other work,Services,Private business or VUP,Oral agreement,36.0,Rural,Western Province,52000.0
29,Primary education,Agriculture,Agriculture,Private business or VUP,Oral agreement,45.0,Rural,Western Province,39000.0
19,Primary education,Agriculture,Agriculture,Private business or VUP,Oral agreement,39.0,Rural,Western Province,39000.0
26,Primary education,Agriculture,Agriculture,Private business or VUP,Oral agreement,42.0,Rural,Western Province,39000.0
22,Lower secondary education,Agriculture,Agriculture,Private business or VUP,Oral agreement,40.0,Rural,Western Province,39000.0
21,Lower secondary education,Skilled trades and operators,Industry,Private business or VUP,Oral agreement,20.0,Urban,Western Province,39000.0
30,Upper secondary education,Sales and services,Services,Private business or VUP,Written contract,60.0,Urban,Western Province,52000.0
23,Primary education,Elementary and other work,Agriculture,Private business or VUP,Oral agreement,36.0,Urban,Western Province,39000.0
19,Primary education,Elementary and other work,Agriculture,Private business or VUP,Oral agreement,36.0,Urban,Western Province,39000.0
23,Primary education,Elementary and other work,Agriculture,Private business or VUP,Oral agreement,36.0,Urban,Western Province,39000.0
24,Lower secondary education,Agriculture,Agriculture,Private business or VUP,Oral agreement,27.0,Urban,Western Province,52000.0
20,Primary education,Agriculture,Agriculture,Private business or VUP,Oral agreement,60.0,Urban,Western Province,15000.0
22,Primary education,Agriculture,Agriculture,Private business or VUP,Oral agreement,35.0,Urban,Western Province,39000.0
20,Primary education,Agriculture,Agriculture,Private business or VUP,Oral agreement,35.0,Urban,Western Province,39000.0
19,Primary education,Elementary and other work,Agriculture,Private business or VUP,Oral agreement,24.0,Urban,Western Province,39000.0
18,Primary education,Elementary and other work,Agriculture,Private business or VUP,Oral agreement,32.0,Urban,Western Province,39000.0
24,Upper secondary education,Elementary and other work,Services,Private business or VUP,Written contract,40.0,Urban,Western Province,25000.0
29,Primary education,Agriculture,Agriculture,Private business or VUP,Oral agreement,40.0,Urban,Western Province,39000.0
29,Tertiary education,Science and engineering,Industry,Private business or VUP,Written contract,40.0,Urban,Western Province,150000.0
25,Upper secondary education,"Education, health and social services",Services,Private business or VUP,Written contract,40.0,Urban,Western Province,109000.0
18,Primary education,Elementary and other work,Services,Household,Oral agreement,60.0,Urban,Western Province,10000.0
23,Primary education,Elementary and other work,Agriculture,Private business or VUP,Oral agreement,36.0,Rural,Western Province,39000.0
22,Lower secondary education,Elementary and other work,Agriculture,Private business or VUP,Oral agreement,45.0,Rural,Western Province,39000.0
20,Primary education,Agriculture,Services,Public institution,Oral agreement,40.0,Rural,Western Province,39000.0
18,Primary education,Elementary and other work,Agriculture,Private business or VUP,Oral agreement,16.0,Rural,Western Province,39000.0
21,Primary education,Agriculture,Agriculture,Private business or VUP,Oral agreement,40.0,Rural,Western Province,26000.0
26,Primary education,Elementary and other work,Industry,Private business or VUP,Oral agreement,24.0,Rural,Western Province,32500.0
30,Primary education,Agriculture,Agriculture,Private business or VUP,Oral agreement,21.0,Rural,Western Province,26000.0
16,Primary education,Agriculture,Agriculture,Private business or VUP,Oral agreement,27.0,Rural,Western Province,33800.0
20,Primary education,Agriculture,Agriculture,Private business or VUP,Oral agreement,45.0,Rural,Western Province,39000.0
21,Primary education,Agriculture,Agriculture,Private business or VUP,Oral agreement,54.0,Rural,Western Province,39000.0
17,Primary education,Elementary and other work,Services,Private business or VUP,Oral agreement,8.0,Rural,Western Province,26000.0
17,Primary education,Agriculture,Agriculture,Private business or VUP,Oral agreement,27.0,Rural,Western Province,26000.0
23,Primary education,Elementary and other work,Agriculture,Private business or VUP,Oral agreement,24.0,Rural,Northern Province,18200.0
20,Primary education,Agriculture,Agriculture,Private business or VUP,Oral agreement,36.0,Rural,Northern Province,26000.0
26,Upper secondary education,Elementary and other work,Industry,Private business or VUP,Oral agreement,48.0,Rural,Northern Province,78000.0
17,Primary education,Elementary and other work,Agriculture,Private business or VUP,Oral agreement,12.0,Rural,Northern Province,31200.0
19,Lower secondary education,Elementary and other work,Services,Household,Oral agreement,42.0,Rural,Northern Province,15000.0
30,Primary education,Skilled trades and operators,Services,Private business or VUP,Oral agreement,72.0,Rural,Northern Province,80000.0
29,Primary education,Agriculture,Agriculture,Private business or VUP,Oral agreement,36.0,Rural,Northern Province,26000.0
28,Upper secondary education,Sales and services,Services,Public institution,Written contract,40.0,Urban,Northern Province,50000.0
19,No formal education,"Education, health and social services",Services,Household,Oral agreement,42.0,Urban,Northern Province,15000.0
25,Lower secondary education,Agriculture,Agriculture,Private business or VUP,Oral agreement,36.0,Urban,Northern Province,45000.0
28,Primary education,Elementary and other work,Industry,Private business or VUP,Oral agreement,24.0,Urban,Northern Province,78000.0
30,Tertiary education,"Education, health and social services",Services,Public institution,Written contract,45.0,Rural,Northern Province,145000.0
27,Primary education,Elementary and other work,Agriculture,Private business or VUP,Oral agreement,24.0,Rural,Northern Province,31200.0
24,Primary education,Elementary and other work,Agriculture,Private business or VUP,Oral agreement,12.0,Rural,Northern Province,31200.0
17,Lower secondary education,Elementary and other work,Agriculture,Private business or VUP,Oral agreement,15.0,Rural,Northern Province,31200.0
27,Lower secondary education,Elementary and other work,Agriculture,Private business or VUP,Oral agreement,10.0,Rural,Northern Province,39000.0
26,Tertiary education,"Education, health and social services",Services,Public institution,Written contract,45.0,Rural,Northern Province,250000.0
28,Tertiary education,"Education, health and social services",Services,Public institution,Written contract,45.0,Rural,Northern Province,100000.0
20,Primary education,Elementary and other work,Services,Household,Oral agreement,35.0,Rural,Northern Province,15000.0
30,Lower secondary education,Elementary and other work,Industry,Private business or VUP,Oral agreement,48.0,Rural,Northern Province,65000.0
26,Lower secondary education,Elementary and other work,Industry,Private business or VUP,Oral agreement,50.0,Rural,Northern Province,73666.664
21,Lower secondary education,"Education, health and social services",Services,Private business or VUP,Oral agreement,8.0,Urban,Northern Province,156000.0
28,Primary education,Elementary and other work,Agriculture,Private business or VUP,Oral agreement,20.0,Urban,Northern Province,26000.0
25,Primary education,Elementary and other work,Agriculture,Private business or VUP,Oral agreement,20.0,Urban,Northern Province,26000.0
18,Primary education,Elementary and other work,Agriculture,Private business or VUP,Oral agreement,40.0,Urban,Northern Province,26000.0
24,Upper secondary education,"Education, health and social services",Services,Private business or VUP,Oral agreement,40.0,Urban,Northern Province,30000.0
16,Primary education,Elementary and other work,Industry,Private business or VUP,Oral agreement,30.0,Urban,Northern Province,52000.0
28,Upper secondary education,Sales and services,Services,Private business or VUP,Written contract,70.0,Urban,Northern Province,45000.0
18,Primary education,Elementary and other work,Industry,Private business or VUP,Oral agreement,20.0,Urban,Northern Province,65000.0
19,Primary education,Skilled trades and operators,Services,Private business or VUP,Oral agreement,36.0,Urban,Northern Province,78000.0
17,Primary education,Elementary and other work,Industry,Private business or VUP,Oral agreement,30.0,Urban,Northern Province,65000.0
29,Upper secondary education,"Education, health and social services",Services,Public-private enterprise,Written contract,45.0,Urban,Northern Province,112000.0
19,Lower secondary education,Elementary and other work,Services,Household,Oral agreement,56.0,Urban,Northern Province,15000.0
20,Primary education,Elementary and other work,Services,Private business or VUP,Oral agreement,70.0,Urban,Northern Province,65000.0
23,Lower secondary education,Elementary and other work,Agriculture,Private business or VUP,Oral agreement,36.0,Urban,Northern Province,52000.0
30,Lower secondary education,Elementary and other work,Agriculture,Private business or VUP,Oral agreement,36.0,Urban,Northern Province,39000.0
21,Primary education,Elementary and other work,Industry,Private business or VUP,Oral agreement,30.0,Urban,Northern Province,65000.0
23,Primary education,Skilled trades and operators,Services,Private business or VUP,Oral agreement,45.0,Urban,Northern Province,91000.0
29,Primary education,Elementary and other work,Services,Household,Oral agreement,21.0,Urban,Northern Province,15000.0
19,Primary education,Elementary and other work,Services,Household,Oral agreement,48.0,Urban,Northern Province,20000.0
24,Primary education,Elementary and other work,Services,Household,Oral agreement,35.0,Urban,Northern Province,20000.0
29,Tertiary education,"Education, health and social services",Services,Private business or VUP,Written contract,48.0,Urban,Northern Province,262000.0
28,Tertiary education,"Education, health and social services",Services,Public institution,Written contract,48.0,Urban,Northern Province,204000.0
25,Lower secondary education,Elementary and other work,Services,Household,Oral agreement,56.0,Urban,Northern Province,17000.0
17,Primary education,Elementary and other work,Services,Household,Oral agreement,60.0,Urban,Northern Province,15000.0
25,Tertiary education,ICT,Services,Private business or VUP,Written contract,45.0,Urban,Northern Province,120000.0
29,Tertiary education,"Education, health and social services",Services,Public institution,Written contract,48.0,Urban,Northern Province,300000.0
17,Primary education,Elementary and other work,Agriculture,Private business or VUP,Oral agreement,14.0,Rural,Northern Province,39000.0
26,Primary education,Elementary and other work,Agriculture,Private business or VUP,Oral agreement,60.0,Rural,Northern Province,39000.0
24,Primary education,Elementary and other work,Agriculture,Private business or VUP,Oral agreement,54.0,Rural,Northern Province,39000.0
23,Primary education,Agriculture,Agriculture,Private business or VUP,Oral agreement,60.0,Rural,Northern Province,15000.0
30,Lower secondary education,Elementary and other work,Agriculture,Private business or VUP,Oral agreement,42.0,Rural,Northern Province,39000.0
18,Primary education,Elementary and other work,Agriculture,Private business or VUP,Oral agreement,36.0,Rural,Northern Province,39000.0
16,Primary education,Elementary and other work,Services,Household,Oral agreement,48.0,Rural,Northern Province,10000.0
23,Primary education,Elementary and other work,Industry,Private business or VUP,Oral agreement,45.0,Rural,Northern Province,130000.0
22,Tertiary education,"Education, health and social services",Services,Public institution,Written contract,40.0,Rural,Northern Province,115000.0
24,Primary education,Skilled trades and operators,Industry,Private business or VUP,Oral agreement,24.0,Rural,Northern Province,78000.0
29,Lower secondary education,Agriculture,Agriculture,Private business or VUP,Oral agreement,7.0,Rural,Northern Province,39000.0
20,Lower secondary education,Elementary and other work,Services,Private business or VUP,Written contract,45.0,Urban,Northern Province,30000.0
28,Primary education,Elementary and other work,Industry,Private business or VUP,Oral agreement,70.0,Urban,Northern Province,47666.668
22,Primary education,Elementary and other work,Agriculture,Private business or VUP,Oral agreement,14.0,Urban,Northern Province,39000.0
29,Primary education,Skilled trades and operators,Industry,Private business or VUP,Oral agreement,60.0,Urban,Northern Province,65000.0
22,Lower secondary education,Skilled trades and operators,Industry,Private business or VUP,Oral agreement,36.0,Urban,Northern Province,130000.0
22,Primary education,Skilled trades and operators,Industry,Private business or VUP,Oral agreement,36.0,Urban,Northern Province,130000.0
25,Primary education,Elementary and other work,Industry,Private business or VUP,Oral agreement,10.0,Urban,Northern Province,52000.0
26,Primary education,Elementary and other work,Agriculture,Private business or VUP,Oral agreement,14.0,Rural,Northern Province,39000.0
29,Upper secondary education,"Education, health and social services",Services,Public institution,Written contract,40.0,Rural,Northern Province,123000.0
29,Primary education,Elementary and other work,Services,Household,Oral agreement,42.0,Rural,Northern Province,20000.0
30,Primary education,Elementary and other work,Agriculture,Private business or VUP,Oral agreement,21.0,Rural,Northern Province,39000.0
23,Primary education,Elementary and other work,Industry,Private business or VUP,Oral agreement,9.0,Rural,Northern Province,39000.0
20,Upper secondary education,Elementary and other work,Industry,Private business or VUP,Oral agreement,40.0,Rural,Northern Province,65000.0
28,Primary education,Elementary and other work,Industry,Private business or VUP,Oral agreement,10.0,Rural,Northern Province,39000.0
19,Primary education,Elementary and other work,Agriculture,Private business or VUP,Oral agreement,7.0,Rural,Northern Province,39000.0
23,Primary education,Elementary and other work,Agriculture,Private business or VUP,Oral agreement,30.0,Rural,Northern Province,26000.0
22,Primary education,Elementary and other work,Agriculture,Private business or VUP,Oral agreement,30.0,Rural,Northern Province,26000.0
29,Upper secondary education,Sales and services,Services,Public institution,Written contract,40.0,Rural,Northern Province,60000.0
24,Upper secondary education,"Education, health and social services",Services,Public institution,Written contract,40.0,Rural,Northern Province,122000.0
23,Primary education,Elementary and other work,Agriculture,Private business or VUP,Oral agreement,9.0,Rural,Northern Province,26000.0
25,Primary education,Elementary and other work,Agriculture,Private business or VUP,Oral agreement,16.0,Rural,Northern Province,26000.0
19,Lower secondary education,Agriculture,Services,Private business or VUP,Oral agreement,30.0,Rural,Northern Province,65000.0
22,Primary education,Elementary and other work,Services,Private business or VUP,Oral agreement,16.0,Rural,Northern Province,26000.0
25,Lower secondary education,Sales and services,Services,Private business or VUP,Oral agreement,16.0,Rural,Northern Province,15000.0
30,Primary education,Agriculture,Agriculture,Private business or VUP,Oral agreement,18.0,Rural,Northern Province,39000.0
20,Primary education,Agriculture,Agriculture,Private business or VUP,Oral agreement,15.0,Rural,Northern Province,26000.0
27,Primary education,Elementary and other work,Agriculture,Private business or VUP,Oral agreement,12.0,Rural,Northern Province,26000.0
23,Primary education,Agriculture,Agriculture,Private business or VUP,Oral agreement,45.0,Rural,Northern Province,10000.0
21,Primary education,Agriculture,Agriculture,Private business or VUP,Oral agreement,36.0,Rural,Northern Province,26000.0
29,Primary education,Elementary and other work,Agriculture,Private business or VUP,Oral agreement,12.0,Rural,Northern Province,39000.0
28,Upper secondary education,"Education, health and social services",Services,Public institution,Written contract,50.0,Rural,Northern Province,98000.0
20,Lower secondary education,Agriculture,Agriculture,Private business or VUP,Oral agreement,54.0,Rural,Northern Province,26000.0
30,Lower secondary education,Agriculture,Agriculture,Private business or VUP,Oral agreement,24.0,Rural,Northern Province,26000.0
20,Primary education,Elementary and other work,Services,Household,Oral agreement,25.0,Rural,Northern Province,12000.0
21,Lower secondary education,Elementary and other work,Services,Household,Oral agreement,63.0,Rural,Eastern Province,15000.0
30,Primary education,Elementary and other work,Agriculture,Private business or VUP,Oral agreement,36.0,Rural,Eastern Province,39000.0
23,Lower secondary education,Elementary and other work,Services,Household,Oral agreement,47.0,Urban,Eastern Province,30000.0
27,Upper secondary education,Sales and services,Services,Private business or VUP,Written contract,70.0,Urban,Eastern Province,220000.0
22,Lower secondary education,Sales and services,Services,Private business or VUP,Oral agreement,30.0,Urban,Eastern Province,15000.0
18,Primary education,Elementary and other work,Agriculture,Private business or VUP,Oral agreement,36.0,Rural,Eastern Province,31200.0
24,Primary education,Elementary and other work,Agriculture,Private business or VUP,Oral agreement,46.0,Rural,Eastern Province,31200.0
29,Primary education,Elementary and other work,Agriculture,Private business or VUP,Oral agreement,30.0,Rural,Eastern Province,31200.0
19,Primary education,Elementary and other work,Agriculture,Private business or VUP,Oral agreement,36.0,Rural,Eastern Province,26000.0
27,Primary education,Agriculture,Agriculture,Private business or VUP,Oral agreement,36.0,Rural,Eastern Province,26000.0
29,Upper secondary education,Elementary and other work,Services,Household,Oral agreement,56.0,Urban,Eastern Province,30000.0
28,Primary education,Elementary and other work,Services,Household,Oral agreement,56.0,Urban,Eastern Province,40000.0
28,Primary education,Elementary and other work,Agriculture,Private business or VUP,Oral agreement,36.0,Urban,Eastern Province,39000.0
19,Primary education,Agriculture,Agriculture,Private business or VUP,Oral agreement,36.0,Urban,Eastern Province,31200.0
20,Primary education,Elementary and other work,Services,Household,Oral agreement,60.0,Urban,Eastern Province,10000.0
22,Primary education,Elementary and other work,Services,Household,Oral agreement,56.0,Urban,Eastern Province,15000.0
22,Primary education,Elementary and other work,Services,Household,Oral agreement,35.0,Rural,Eastern Province,15000.0
22,Primary education,Elementary and other work,Agriculture,Private business or VUP,Oral agreement,18.0,Rural,Eastern Province,26000.0
23,Primary education,Elementary and other work,Industry,Private business or VUP,Oral agreement,84.0,Rural,Eastern Province,43333.332
29,Primary education,Agriculture,Agriculture,Private business or VUP,Oral agreement,36.0,Rural,Eastern Province,26000.0
30,Primary education,Agriculture,Agriculture,Private business or VUP,Oral agreement,42.0,Rural,Eastern Province,26000.0
22,Lower secondary education,"Business, management and office work",Services,Private business or VUP,Oral agreement,45.0,Rural,Eastern Province,30000.0
30,Primary education,Skilled trades and operators,Industry,Private business or VUP,Oral agreement,48.0,Rural,Eastern Province,78000.0
24,Primary education,Agriculture,Agriculture,Private business or VUP,Oral agreement,35.0,Rural,Eastern Province,39000.0
25,Primary education,Elementary and other work,Services,Household,Oral agreement,50.0,Rural,Eastern Province,14000.0
27,Primary education,Agriculture,Agriculture,Private business or VUP,Oral agreement,35.0,Rural,Eastern Province,26000.0
20,Primary education,Agriculture,Agriculture,Private business or VUP,Oral agreement,35.0,Rural,Eastern Province,26000.0
17,Primary education,Agriculture,Agriculture,Private business or VUP,Oral agreement,35.0,Rural,Eastern Province,26000.0
22,Primary education,Elementary and other work,Industry,Private business or VUP,Oral agreement,18.0,Rural,Eastern Province,52000.0
25,Primary education,Sales and services,Services,Private business or VUP,Oral agreement,60.0,Rural,Eastern Province,25000.0
18,Primary education,Agriculture,Agriculture,Private business or VUP,Oral agreement,30.0,Rural,Eastern Province,26000.0
22,Primary education,Agriculture,Agriculture,Private business or VUP,Oral agreement,30.0,Rural,Eastern Province,31200.0
23,Primary education,Elementary and other work,Agriculture,Private business or VUP,Oral agreement,30.0,Rural,Eastern Province,20800.0
20,Primary education,Elementary and other work,Industry,Private business or VUP,Oral agreement,40.0,Rural,Eastern Province,39000.0
30,Primary education,Elementary and other work,Agriculture,Private business or VUP,Oral agreement,48.0,Rural,Eastern Province,26000.0
24,No formal education,Elementary and other work,Agriculture,Private business or VUP,Oral agreement,42.0,Rural,Eastern Province,26000.0
19,No formal education,Elementary and other work,Agriculture,Private business or VUP,Oral agreement,42.0,Rural,Eastern Province,26000.0
22,Primary education,Elementary and other work,Agriculture,Private business or VUP,Oral agreement,42.0,Rural,Eastern Province,52000.0
21,Lower secondary education,Agriculture,Agriculture,Private business or VUP,Oral agreement,70.0,Rural,Eastern Province,20000.0
25,Primary education,Agriculture,Agriculture,Private business or VUP,Oral agreement,35.0,Rural,Eastern Province,26000.0
17,No formal education,Elementary and other work,Agriculture,Private business or VUP,Oral agreement,20.0,Rural,Eastern Province,26000.0
28,Primary education,Agriculture,Agriculture,Private business or VUP,Oral agreement,30.0,Urban,Eastern Province,39000.0
23,Primary education,Agriculture,Agriculture,Private business or VUP,Oral agreement,30.0,Urban,Eastern Province,26000.0
26,Primary education,Elementary and other work,Agriculture,Private business or VUP,Oral agreement,36.0,Urban,Eastern Province,39000.0
23,Primary education,Elementary and other work,Agriculture,Private business or VUP,Oral agreement,35.0,Urban,Eastern Province,31200.0
30,Primary education,Elementary and other work,Agriculture,Private business or VUP,Oral agreement,36.0,Urban,Eastern Province,39000.0
19,Primary education,Elementary and other work,Agriculture,Private business or VUP,Oral agreement,36.0,Urban,Eastern Province,39000.0
16,Primary education,Elementary and other work,Agriculture,Private business or VUP,Oral agreement,36.0,Urban,Eastern Province,39000.0
20,Primary education,Elementary and other work,Services,Household,Oral agreement,70.0,Rural,Eastern Province,10000.0
29,Primary education,Agriculture,Agriculture,Private business or VUP,Oral agreement,36.0,Rural,Eastern Province,26000.0
20,No formal education,Elementary and other work,Agriculture,Private business or VUP,Oral agreement,35.0,Rural,Eastern Province,26000.0
19,Primary education,Elementary and other work,Industry,Private business or VUP,Oral agreement,70.0,Rural,Eastern Province,65000.0
30,Primary education,Elementary and other work,Agriculture,Private business or VUP,Oral agreement,25.0,Rural,Eastern Province,26000.0
28,Lower secondary education,Elementary and other work,Agriculture,Private business or VUP,Oral agreement,40.0,Rural,Eastern Province,26000.0
28,Lower secondary education,Elementary and other work,Services,Household,Oral agreement,49.0,Rural,Eastern Province,15000.0
30,Upper secondary education,ICT,Services,Public institution,Written contract,70.0,Rural,Eastern Province,80000.0
22,Lower secondary education,Elementary and other work,Agriculture,Private business or VUP,Oral agreement,12.0,Rural,Eastern Province,39000.0
18,Primary education,Elementary and other work,Industry,Private business or VUP,Oral agreement,18.0,Rural,Eastern Province,52000.0
18,Lower secondary education,Elementary and other work,Agriculture,Private business or VUP,Oral agreement,18.0,Rural,Eastern Province,26000.0
26,Upper secondary education,"Education, health and social services",Services,NGO or international organisation,Oral agreement,40.0,Rural,Eastern Province,70000.0
20,Primary education,Skilled trades and operators,Industry,Private business or VUP,Oral agreement,40.0,Rural,Eastern Province,10000.0
18,Primary education,Skilled trades and operators,Industry,Private business or VUP,Oral agreement,60.0,Rural,Eastern Province,13000.0
26,Primary education,Agriculture,Agriculture,Private business or VUP,Oral agreement,49.0,Rural,Eastern Province,15000.0
24,Lower secondary education,Elementary and other work,Agriculture,Private business or VUP,Oral agreement,36.0,Rural,Eastern Province,26000.0
21,Primary education,Elementary and other work,Agriculture,Private business or VUP,Oral agreement,36.0,Rural,Eastern Province,39000.0
19,Primary education,Sales and services,Industry,Private business or VUP,Oral agreement,60.0,Rural,Eastern Province,15000.0
16,Primary education,Sales and services,Services,Private business or VUP,Oral agreement,50.0,Rural,Eastern Province,10000.0
30,Primary education,Agriculture,Agriculture,Private business or VUP,Oral agreement,30.0,Rural,Eastern Province,26000.0
27,Primary education,Agriculture,Agriculture,Private business or VUP,Oral agreement,30.0,Rural,Eastern Province,26000.0
30,No formal education,Elementary and other work,Services,Private business or VUP,Oral agreement,28.0,Rural,Eastern Province,130000.0
30,Primary education,Agriculture,Agriculture,Private business or VUP,Oral agreement,10.0,Rural,Eastern Province,39000.0
29,Primary education,Elementary and other work,Agriculture,Private business or VUP,Oral agreement,36.0,Rural,Eastern Province,26000.0
27,Primary education,Agriculture,Agriculture,Private business or VUP,Oral agreement,24.0,Rural,Eastern Province,30333.334
19,Primary education,Elementary and other work,Industry,Private business or VUP,Oral agreement,36.0,Rural,Eastern Province,34666.668
18,Lower secondary education,Elementary and other work,Agriculture,Private business or VUP,Oral agreement,35.0,Rural,Eastern Province,26000.0
16,Lower secondary education,Elementary and other work,Agriculture,Private business or VUP,Oral agreement,35.0,Rural,Eastern Province,26000.0
19,Primary education,Skilled trades and operators,Services,Private business or VUP,Written contract,45.0,Rural,Eastern Province,30000.0
16,Primary education,Elementary and other work,Services,Household,Oral agreement,10.0,Rural,Eastern Province,10000.0
18,Primary education,Elementary and other work,Agriculture,Private business or VUP,Oral agreement,15.0,Rural,Eastern Province,39000.0
28,Primary education,Elementary and other work,Agriculture,Private business or VUP,Oral agreement,20.0,Rural,Eastern Province,39000.0
22,Primary education,Agriculture,Agriculture,Private business or VUP,Oral agreement,25.0,Rural,Eastern Province,26000.0
18,Primary education,Agriculture,Agriculture,Private business or VUP,Oral agreement,25.0,Rural,Eastern Province,31200.0
29,Lower secondary education,Elementary and other work,Agriculture,Private business or VUP,Oral agreement,20.0,Rural,Eastern Province,39000.0
21,Primary education,Elementary and other work,Agriculture,Private business or VUP,Oral agreement,10.0,Rural,Eastern Province,39000.0
23,Primary education,Skilled trades and operators,Agriculture,Private business or VUP,Oral agreement,20.0,Rural,Eastern Province,52000.0
26,Lower secondary education,Elementary and other work,Agriculture,Private business or VUP,Oral agreement,20.0,Rural,Eastern Province,26000.0
28,Primary education,Elementary and other work,Agriculture,Private business or VUP,Oral agreement,20.0,Rural,Eastern Province,26000.0
19,Primary education,Elementary and other work,Agriculture,Private business or VUP,Oral agreement,30.0,Rural,Eastern Province,39000.0
23,Primary education,Elementary and other work,Agriculture,Private business or VUP,Oral agreement,20.0,Rural,Eastern Province,26000.0
24,Primary education,Elementary and other work,Agriculture,Private business or VUP,Oral agreement,18.0,Rural,Eastern Province,39000.0
20,Primary education,Elementary and other work,Agriculture,Private business or VUP,Oral agreement,36.0,Rural,Eastern Province,39000.0
30,Primary education,Elementary and other work,Agriculture,Private business or VUP,Oral agreement,42.0,Rural,Eastern Province,39000.0
24,Primary education,Elementary and other work,Agriculture,Private business or VUP,Oral agreement,42.0,Rural,Eastern Province,39000.0
30,Primary education,Elementary and other work,Agriculture,Private business or VUP,Oral agreement,36.0,Rural,Eastern Province,26000.0
25,Lower secondary education,Agriculture,Agriculture,Private business or VUP,Oral agreement,18.0,Rural,Eastern Province,39000.0
22,Lower secondary education,Elementary and other work,Agriculture,Private business or VUP,Oral agreement,24.0,Rural,Eastern Province,39000.0
17,Lower secondary education,Elementary and other work,Agriculture,Private business or VUP,Oral agreement,18.0,Rural,Eastern Province,31200.0
24,Upper secondary education,"Business, management and office work",Services,Private business or VUP,Oral agreement,48.0,Rural,Eastern Province,60000.0
19,Lower secondary education,Elementary and other work,Agriculture,Private business or VUP,Oral agreement,12.0,Rural,Eastern Province,39000.0
20,Primary education,Agriculture,Agriculture,Private business or VUP,Oral agreement,18.0,Rural,Eastern Province,26000.0
27,Primary education,Elementary and other work,Agriculture,Private business or VUP,Oral agreement,12.0,Rural,Eastern Province,26000.0
22,Lower secondary education,Agriculture,Services,Private business or VUP,Oral agreement,45.0,Rural,Eastern Province,30000.0
21,Lower secondary education,Elementary and other work,Industry,Private business or VUP,Oral agreement,29.0,Rural,Eastern Province,52000.0
30,Primary education,Elementary and other work,Agriculture,Private business or VUP,Oral agreement,45.0,Rural,Eastern Province,26000.0
19,Primary education,Elementary and other work,Agriculture,Private business or VUP,Oral agreement,30.0,Rural,Eastern Province,18200.0
18,Primary education,Elementary and other work,Agriculture,Private business or VUP,Oral agreement,15.0,Rural,Eastern Province,26000.0
16,Primary education,Elementary and other work,Agriculture,Private business or VUP,Oral agreement,30.0,Rural,Eastern Province,26000.0
24,Primary education,Elementary and other work,Agriculture,Private business or VUP,Oral agreement,36.0,Rural,Eastern Province,26000.0
23,Lower secondary education,Elementary and other work,Agriculture,Private business or VUP,Oral agreement,35.0,Rural,Eastern Province,26000.0
24,Primary education,Skilled trades and operators,Industry,Private business or VUP,Oral agreement,63.0,Rural,Eastern Province,15000.0
24,Primary education,Elementary and other work,Agriculture,Private business or VUP,Oral agreement,35.0,Rural,Eastern Province,26000.0
22,Primary education,Elementary and other work,Agriculture,Private business or VUP,Oral agreement,35.0,Rural,Eastern Province,26000.0
19,Primary education,Elementary and other work,Agriculture,Private business or VUP,Oral agreement,30.0,Rural,Eastern Province,26000.0
24,Primary education,Elementary and other work,Agriculture,Private business or VUP,Oral agreement,24.0,Rural,Eastern Province,26000.0
21,Primary education,Elementary and other work,Agriculture,Private business or VUP,Oral agreement,15.0,Rural,Eastern Province,26000.0
26,Primary education,Elementary and other work,Agriculture,Private business or VUP,Oral agreement,30.0,Rural,Eastern Province,26000.0
23,Lower secondary education,Elementary and other work,Agriculture,Private business or VUP,Oral agreement,35.0,Rural,Eastern Province,26000.0
21,Primary education,Elementary and other work,Industry,Private business or VUP,Oral agreement,45.0,Rural,Eastern Province,31200.0
23,Primary education,Elementary and other work,Agriculture,Private business or VUP,Oral agreement,35.0,Rural,Eastern Province,26000.0
27,Primary education,Elementary and other work,Agriculture,Private business or VUP,Oral agreement,36.0,Rural,Eastern Province,26000.0
30,Primary education,Elementary and other work,Agriculture,Private business or VUP,Oral agreement,30.0,Rural,Eastern Province,26000.0
16,Primary education,Elementary and other work,Agriculture,Private business or VUP,Oral agreement,20.0,Rural,Eastern Province,39000.0
20,Primary education,Elementary and other work,Agriculture,Private business or VUP,Oral agreement,35.0,Rural,Eastern Province,31200.0
18,Primary education,Skilled trades and operators,Industry,Private business or VUP,Oral agreement,35.0,Rural,Eastern Province,52000.0
25,Primary education,Elementary and other work,Industry,Private business or VUP,Oral agreement,35.0,Rural,Eastern Province,26000.0
23,Upper secondary education,Elementary and other work,Services,Private business or VUP,Written contract,40.0,Urban,Eastern Province,65000.0
18,Lower secondary education,Skilled trades and operators,Industry,Private business or VUP,Oral agreement,36.0,Urban,Eastern Province,65000.0
20,Primary education,Agriculture,Agriculture,Private business or VUP,Oral agreement,35.0,Urban,Eastern Province,10000.0
20,Primary education,Agriculture,Agriculture,Private business or VUP,Oral agreement,38.0,Rural,Eastern Province,26000.0
24,Primary education,Elementary and other work,Agriculture,Private business or VUP,Oral agreement,10.0,Rural,Eastern Province,26000.0
24,Primary education,Elementary and other work,Agriculture,Private business or VUP,Oral agreement,35.0,Rural,Eastern Province,31200.0
24,Primary education,Agriculture,Agriculture,Private business or VUP,Oral agreement,30.0,Rural,Eastern Province,31200.0
30,Primary education,Elementary and other work,Agriculture,Private business or VUP,Oral agreement,36.0,Rural,Eastern Province,31200.0
21,Primary education,Elementary and other work,Industry,Private business or VUP,Oral agreement,40.0,Rural,Eastern Province,78000.0
22,Lower secondary education,Elementary and other work,Industry,Private business or VUP,Oral agreement,42.0,Rural,Eastern Province,52000.0
22,Lower secondary education,Skilled trades and operators,Industry,Private business or VUP,Oral agreement,40.0,Urban,Eastern Province,130000.0
26,Primary education,Agriculture,Agriculture,Private business or VUP,Oral agreement,24.0,Urban,Eastern Province,21666.666
22,Primary education,Elementary and other work,Industry,Private business or VUP,Oral agreement,40.0,Urban,Eastern Province,65000.0
24,Primary education,Elementary and other work,Industry,Private business or VUP,Oral agreement,45.0,Urban,Eastern Province,65000.0
19,Lower secondary education,Elementary and other work,Services,Household,Oral agreement,42.0,Urban,Eastern Province,10000.0
21,Primary education,Skilled trades and operators,Industry,Private business or VUP,Written contract,48.0,Rural,Kigali city,50000.0
23,Primary education,Elementary and other work,Industry,Private business or VUP,Oral agreement,30.0,Rural,Kigali city,78000.0
25,Upper secondary education,Skilled trades and operators,Services,Private business or VUP,Oral agreement,45.0,Rural,Kigali city,80000.0
22,Primary education,Elementary and other work,Industry,Private business or VUP,Oral agreement,42.0,Urban,Kigali city,78000.0
30,Primary education,Elementary and other work,Industry,Private business or VUP,Oral agreement,32.0,Urban,Kigali city,78000.0
29,Primary education,Elementary and other work,Industry,Private business or VUP,Oral agreement,63.0,Urban,Kigali city,91000.0
26,Lower secondary education,Elementary and other work,Industry,Private business or VUP,Oral agreement,48.0,Urban,Kigali city,65000.0
29,Primary education,Elementary and other work,Services,Private business or VUP,Oral agreement,48.0,Urban,Kigali city,50000.0
19,Lower secondary education,Sales and services,Services,Private business or VUP,Written contract,45.0,Urban,Kigali city,60000.0
22,Primary education,Elementary and other work,Services,Household,Oral agreement,70.0,Urban,Kigali city,25000.0
24,Primary education,Elementary and other work,Services,Household,Oral agreement,70.0,Urban,Kigali city,30000.0
17,Primary education,Elementary and other work,Services,Household,Oral agreement,70.0,Urban,Kigali city,15000.0
22,Upper secondary education,Elementary and other work,Services,Private business or VUP,Oral agreement,70.0,Urban,Kigali city,30000.0
21,Primary education,Elementary and other work,Services,Private business or VUP,Oral agreement,70.0,Urban,Kigali city,25000.0
22,Primary education,Elementary and other work,Services,Household,Oral agreement,70.0,Urban,Kigali city,20000.0
27,Lower secondary education,Sales and services,Services,Private business or VUP,Written contract,50.0,Urban,Kigali city,110000.0
26,Lower secondary education,Elementary and other work,Services,Private business or VUP,Oral agreement,70.0,Urban,Kigali city,30000.0
19,Primary education,Elementary and other work,Services,Household,Oral agreement,63.0,Urban,Kigali city,15000.0
24,Upper secondary education,"Education, health and social services",Services,Private business or VUP,Written contract,40.0,Rural,Kigali city,46500.0
16,Primary education,Elementary and other work,Services,Household,Oral agreement,63.0,Rural,Kigali city,10000.0
27,Primary education,Elementary and other work,Services,Household,Oral agreement,56.0,Rural,Kigali city,25000.0
22,Primary education,Elementary and other work,Agriculture,Private business or VUP,Oral agreement,40.0,Rural,Kigali city,39000.0
23,Lower secondary education,Agriculture,Agriculture,Private business or VUP,Oral agreement,36.0,Rural,Kigali city,39000.0
21,Primary education,Agriculture,Agriculture,Private business or VUP,Oral agreement,36.0,Rural,Kigali city,41600.0
28,Upper secondary education,Skilled trades and operators,Services,Private business or VUP,Oral agreement,36.0,Urban,Kigali city,150000.0
24,Upper secondary education,Sales and services,Services,Private business or VUP,Oral agreement,60.0,Urban,Kigali city,100000.0
28,Primary education,Elementary and other work,Services,Household,Written contract,63.0,Urban,Kigali city,15000.0
23,Tertiary education,Skilled trades and operators,Industry,Private business or VUP,Oral agreement,40.0,Urban,Kigali city,260000.0
21,Primary education,Sales and services,Services,Private business or VUP,Oral agreement,48.0,Urban,Kigali city,30000.0
19,Primary education,Elementary and other work,Services,Household,Oral agreement,60.0,Urban,Kigali city,20000.0
23,Upper secondary education,Elementary and other work,Industry,Private business or VUP,Oral agreement,30.0,Urban,Kigali city,104000.0
24,Tertiary education,Elementary and other work,Industry,Private business or VUP,Oral agreement,24.0,Urban,Kigali city,208000.0
20,Primary education,Elementary and other work,Services,Household,Oral agreement,70.0,Urban,Kigali city,15000.0
23,Upper secondary education,"Business, management and office work",Services,Private business or VUP,Oral agreement,48.0,Urban,Kigali city,30000.0
28,Upper secondary education,"Education, health and social services",Services,Private business or VUP,Oral agreement,30.0,Urban,Kigali city,50000.0
24,Upper secondary education,Sales and services,Industry,Private business or VUP,Written contract,45.0,Urban,Kigali city,50000.0
30,Upper secondary education,Sales and services,Services,Private business or VUP,Oral agreement,48.0,Urban,Kigali city,100000.0
30,Upper secondary education,Skilled trades and operators,Services,Private business or VUP,Oral agreement,60.0,Urban,Kigali city,200000.0
22,Primary education,Elementary and other work,Services,Household,Oral agreement,60.0,Urban,Kigali city,20000.0
27,Upper secondary education,Sales and services,Services,Private business or VUP,Oral agreement,57.0,Urban,Kigali city,70000.0
25,Primary education,Elementary and other work,Services,Household,Oral agreement,42.0,Urban,Kigali city,30000.0
21,Primary education,Elementary and other work,Services,Household,Oral agreement,70.0,Urban,Kigali city,20000.0
30,Lower secondary education,Elementary and other work,Industry,Private business or VUP,Oral agreement,30.0,Urban,Kigali city,78000.0
29,Tertiary education,"Business, management and office work",Services,Private business or VUP,Written contract,40.0,Urban,Kigali city,150000.0
27,Tertiary education,"Business, management and office work",Services,Private business or VUP,Oral agreement,16.0,Urban,Kigali city,150000.0
30,Primary education,Skilled trades and operators,Industry,Private business or VUP,Oral agreement,24.0,Urban,Kigali city,182000.0
29,Primary education,Elementary and other work,Industry,Private business or VUP,Oral agreement,24.0,Urban,Kigali city,78000.0
21,Upper secondary education,Elementary and other work,Services,Household,Oral agreement,70.0,Urban,Kigali city,30000.0
21,Primary education,Elementary and other work,Services,Household,Oral agreement,70.0,Urban,Kigali city,30000.0
26,Upper secondary education,Elementary and other work,Industry,Private business or VUP,Oral agreement,24.0,Urban,Kigali city,78000.0
21,Primary education,Elementary and other work,Services,Household,Oral agreement,70.0,Urban,Kigali city,25000.0
24,Tertiary education,Sales and services,Services,Public institution,Written contract,45.0,Urban,Kigali city,76000.0
17,Lower secondary education,Elementary and other work,Services,Household,Oral agreement,70.0,Urban,Kigali city,18000.0
16,Primary education,Elementary and other work,Services,Household,Written contract,45.0,Urban,Kigali city,15000.0
20,Primary education,Elementary and other work,Services,Household,Oral agreement,70.0,Urban,Kigali city,20000.0
17,Lower secondary education,Elementary and other work,Services,Household,Oral agreement,70.0,Urban,Kigali city,15000.0
29,No formal education,Elementary and other work,Services,Household,Oral agreement,70.0,Urban,Kigali city,25000.0
25,Primary education,Elementary and other work,Services,Household,Oral agreement,64.0,Urban,Kigali city,25000.0
21,Lower secondary education,Elementary and other work,Services,Household,Oral agreement,54.0,Urban,Kigali city,30000.0
20,Primary education,Elementary and other work,Services,Household,Oral agreement,58.0,Urban,Kigali city,15000.0
29,Upper secondary education,Skilled trades and operators,Industry,Private business or VUP,Oral agreement,18.0,Urban,Kigali city,260000.0
20,Primary education,Elementary and other work,Industry,Private business or VUP,Oral agreement,54.0,Urban,Kigali city,91000.0
22,Primary education,Elementary and other work,Industry,Private business or VUP,Oral agreement,54.0,Urban,Kigali city,39000.0
28,Primary education,Sales and services,Services,Private business or VUP,Oral agreement,60.0,Urban,Kigali city,60000.0
27,Primary education,Elementary and other work,Services,Household,Oral agreement,70.0,Urban,Kigali city,30000.0
28,Upper secondary education,"Business, management and office work",Services,Private business or VUP,Oral agreement,60.0,Urban,Kigali city,20000.0
18,Primary education,Elementary and other work,Services,Household,Oral agreement,35.0,Urban,Kigali city,20000.0
21,Primary education,Elementary and other work,Services,Household,Oral agreement,56.0,Urban,Kigali city,20000.0
28,Lower secondary education,Elementary and other work,Services,Household,Oral agreement,42.0,Urban,Kigali city,20000.0
23,Lower secondary education,Elementary and other work,Agriculture,Private business or VUP,Oral agreement,18.0,Urban,Kigali city,39000.0
24,Lower secondary education,Elementary and other work,Services,Household,Oral agreement,70.0,Urban,Kigali city,30000.0
24,Primary education,Elementary and other work,Services,Household,Oral agreement,70.0,Urban,Kigali city,30000.0
22,Lower secondary education,Elementary and other work,Services,Household,Oral agreement,50.0,Urban,Kigali city,20000.0
17,Upper secondary education,"Education, health and social services",Services,Private business or VUP,Oral agreement,35.0,Urban,Kigali city,100000.0
23,Lower secondary education,Elementary and other work,Services,Private business or VUP,Oral agreement,50.0,Urban,Kigali city,55000.0
17,Primary education,Elementary and other work,Services,Household,Oral agreement,45.0,Urban,Kigali city,25000.0
16,Primary education,Elementary and other work,Agriculture,Private business or VUP,Oral agreement,8.0,Rural,Southern Province,33800.0
27,Primary education,Agriculture,Agriculture,Private business or VUP,Oral agreement,42.0,Rural,Southern Province,26000.0
27,Primary education,Elementary and other work,Agriculture,Private business or VUP,Oral agreement,6.0,Rural,Southern Province,26000.0
24,Lower secondary education,Agriculture,Agriculture,Private business or VUP,Oral agreement,35.0,Rural,Southern Province,39000.0
30,Tertiary education,Skilled trades and operators,Industry,Private business or VUP,Oral agreement,42.0,Rural,Southern Province,173333.33
25,No formal education,Elementary and other work,Agriculture,Private business or VUP,Oral agreement,49.0,Rural,Southern Province,26000.0
27,Primary education,Elementary and other work,Agriculture,Private business or VUP,Oral agreement,30.0,Rural,Southern Province,20800.0
23,Primary education,Elementary and other work,Agriculture,Private business or VUP,Oral agreement,30.0,Rural,Southern Province,26000.0
21,Primary education,Elementary and other work,Agriculture,Private business or VUP,Oral agreement,18.0,Rural,Southern Province,26000.0
16,Primary education,Elementary and other work,Agriculture,Private business or VUP,Oral agreement,6.0,Rural,Southern Province,26000.0
29,Primary education,Agriculture,Services,Other,Oral agreement,35.0,Rural,Southern Province,39000.0
24,Upper secondary education,Sales and services,Services,Public institution,Oral agreement,55.0,Rural,Southern Province,18500.0
22,No formal education,Elementary and other work,Agriculture,Private business or VUP,Oral agreement,35.0,Rural,Southern Province,39000.0
21,Primary education,Elementary and other work,Agriculture,Private business or VUP,Oral agreement,35.0,Rural,Southern Province,26000.0
25,Lower secondary education,Agriculture,Industry,Private business or VUP,Written contract,42.0,Rural,Southern Province,12000.0
20,Primary education,Elementary and other work,Industry,Private business or VUP,Written contract,42.0,Rural,Southern Province,9000.0
29,Primary education,Agriculture,Agriculture,Private business or VUP,Oral agreement,42.0,Rural,Southern Province,46800.0
24,Primary education,Agriculture,Agriculture,Private business or VUP,Oral agreement,42.0,Rural,Southern Province,46800.0
20,Lower secondary education,Agriculture,Agriculture,Private business or VUP,Oral agreement,42.0,Rural,Southern Province,46800.0
19,Primary education,Elementary and other work,Agriculture,Private business or VUP,Oral agreement,34.0,Rural,Southern Province,39000.0
28,Primary education,Agriculture,Agriculture,Private business or VUP,Oral agreement,35.0,Rural,Southern Province,39000.0
21,No formal education,Elementary and other work,Agriculture,Private business or VUP,Oral agreement,36.0,Rural,Southern Province,39000.0
27,Primary education,Elementary and other work,Agriculture,Private business or VUP,Oral agreement,20.0,Rural,Southern Province,31200.0
23,Primary education,Elementary and other work,Industry,Private business or VUP,Oral agreement,42.0,Rural,Southern Province,39000.0
28,Primary education,Agriculture,Agriculture,Private business or VUP,Oral agreement,35.0,Rural,Southern Province,31200.0
23,Primary education,Elementary and other work,Agriculture,Private business or VUP,Oral agreement,30.0,Rural,Southern Province,26000.0
28,Primary education,Elementary and other work,Agriculture,Private business or VUP,Oral agreement,35.0,Rural,Southern Province,26000.0
24,Primary education,Elementary and other work,Agriculture,Private business or VUP,Oral agreement,20.0,Rural,Southern Province,26000.0
22,Primary education,Elementary and other work,Agriculture,Private business or VUP,Oral agreement,25.0,Rural,Southern Province,26000.0
24,Primary education,Elementary and other work,Services,Private business or VUP,Oral agreement,28.0,Rural,Southern Province,52000.0
27,Lower secondary education,Elementary and other work,Industry,Private business or VUP,Oral agreement,36.0,Rural,Southern Province,39000.0
18,Primary education,Agriculture,Agriculture,Private business or VUP,Oral agreement,25.0,Rural,Southern Province,42683.332
26,Primary education,Agriculture,Agriculture,Private business or VUP,Oral agreement,35.0,Rural,Southern Province,26000.0
30,No formal education,Agriculture,Agriculture,Private business or VUP,Oral agreement,16.0,Rural,Southern Province,31200.0
19,Lower secondary education,Agriculture,Agriculture,Private business or VUP,Oral agreement,30.0,Rural,Southern Province,26000.0
17,Primary education,Agriculture,Agriculture,Private business or VUP,Oral agreement,49.0,Rural,Southern Province,7000.0
28,Primary education,Elementary and other work,Industry,Private business or VUP,Oral agreement,48.0,Rural,Southern Province,13000.0
22,Primary education,Agriculture,Agriculture,Private business or VUP,Oral agreement,48.0,Rural,Southern Province,26000.0
27,Primary education,Elementary and other work,Agriculture,Private business or VUP,Oral agreement,25.0,Rural,Southern Province,31200.0
21,Primary education,Elementary and other work,Services,Private business or VUP,Oral agreement,42.0,Rural,Southern Province,39000.0
27,Primary education,Elementary and other work,Agriculture,Private business or VUP,Oral agreement,36.0,Rural,Southern Province,39000.0
25,Primary education,Elementary and other work,Agriculture,Private business or VUP,Oral agreement,36.0,Rural,Southern Province,31200.0
29,No formal education,Agriculture,Agriculture,Private business or VUP,Oral agreement,24.0,Rural,Southern Province,33800.0
24,Primary education,Elementary and other work,Services,Private business or VUP,Oral agreement,12.0,Rural,Southern Province,31200.0
22,Primary education,Elementary and other work,Services,Private business or VUP,Oral agreement,12.0,Rural,Southern Province,31200.0
29,Primary education,Agriculture,Agriculture,Private business or VUP,Oral agreement,6.0,Rural,Southern Province,33800.0
17,Primary education,Elementary and other work,Agriculture,Private business or VUP,Oral agreement,36.0,Rural,Southern Province,26000.0
21,Primary education,Agriculture,Agriculture,Private business or VUP,Oral agreement,42.0,Rural,Southern Province,39000.0
17,Lower secondary education,Agriculture,Agriculture,Private business or VUP,Oral agreement,30.0,Rural,Southern Province,39000.0
29,Primary education,Elementary and other work,Services,Private business or VUP,Oral agreement,14.0,Rural,Southern Province,130000.0
19,Primary education,Elementary and other work,Services,Private business or VUP,Oral agreement,30.0,Rural,Southern Province,18200.0
29,Primary education,Agriculture,Agriculture,Private business or VUP,Oral agreement,42.0,Rural,Southern Province,31200.0
23,Primary education,Agriculture,Agriculture,Private business or VUP,Oral agreement,42.0,Rural,Southern Province,26000.0
23,Primary education,Agriculture,Agriculture,Private business or VUP,Oral agreement,36.0,Rural,Southern Province,31200.0
17,Primary education,Agriculture,Agriculture,Private business or VUP,Oral agreement,49.0,Rural,Southern Province,26000.0
19,Primary education,Elementary and other work,Agriculture,Private business or VUP,Oral agreement,30.0,Rural,Southern Province,31200.0
23,Primary education,Agriculture,Agriculture,Private business or VUP,Oral agreement,36.0,Rural,Southern Province,31200.0
23,Primary education,Agriculture,Agriculture,Private business or VUP,Oral agreement,35.0,Rural,Southern Province,26000.0
22,Primary education,Agriculture,Agriculture,Private business or VUP,Oral agreement,36.0,Rural,Southern Province,31200.0
22,Primary education,Agriculture,Agriculture,Private business or VUP,Oral agreement,36.0,Rural,Southern Province,33800.0
29,Primary education,Agriculture,Agriculture,Private business or VUP,Oral agreement,40.0,Rural,Southern Province,39000.0
28,Primary education,Agriculture,Agriculture,Private business or VUP,Oral agreement,36.0,Rural,Southern Province,39000.0
22,Primary education,Elementary and other work,Agriculture,Private business or VUP,Oral agreement,18.0,Rural,Southern Province,39000.0
18,Lower secondary education,Elementary and other work,Agriculture,Private business or VUP,Oral agreement,18.0,Rural,Southern Province,39000.0
23,Primary education,Elementary and other work,Agriculture,Private business or VUP,Oral agreement,36.0,Rural,Southern Province,31200.0
19,Primary education,Elementary and other work,Services,Private business or VUP,Oral agreement,10.0,Rural,Southern Province,7800.0
28,Primary education,Agriculture,Agriculture,Private business or VUP,Oral agreement,30.0,Rural,Southern Province,39000.0
20,Primary education,Agriculture,Agriculture,Private business or VUP,Oral agreement,30.0,Rural,Southern Province,26000.0
18,Primary education,Elementary and other work,Agriculture,Private business or VUP,Oral agreement,20.0,Rural,Southern Province,31200.0
28,Primary education,Agriculture,Agriculture,Private business or VUP,Oral agreement,42.0,Rural,Southern Province,39000.0
26,Lower secondary education,Sales and services,Services,Private business or VUP,Oral agreement,70.0,Rural,Southern Province,20000.0
30,Upper secondary education,"Business, management and office work",Services,Public institution,Written contract,40.0,Rural,Southern Province,76000.0
20,Primary education,Elementary and other work,Industry,Public-private enterprise,Oral agreement,45.0,Rural,Southern Province,24000.0
22,Lower secondary education,Agriculture,Agriculture,Private business or VUP,Oral agreement,24.0,Rural,Southern Province,15600.0
29,Primary education,Agriculture,Agriculture,Private business or VUP,Oral agreement,18.0,Rural,Southern Province,20800.0
26,Upper secondary education,Elementary and other work,Industry,NGO or international organisation,Oral agreement,40.0,Rural,Southern Province,52000.0
24,Primary education,Elementary and other work,Services,Household,Oral agreement,56.0,Rural,Southern Province,12000.0
23,Primary education,Agriculture,Agriculture,Private business or VUP,Oral agreement,35.0,Rural,Southern Province,47666.668
26,Primary education,Elementary and other work,Industry,Private business or VUP,Oral agreement,48.0,Rural,Southern Province,52000.0
22,Primary education,Elementary and other work,Agriculture,Private business or VUP,Oral agreement,35.0,Rural,Southern Province,26000.0
29,Primary education,Elementary and other work,Agriculture,Private business or VUP,Oral agreement,40.0,Rural,Southern Province,26000.0
26,Lower secondary education,Agriculture,Agriculture,Private business or VUP,Oral agreement,40.0,Rural,Southern Province,18200.0
17,Primary education,Agriculture,Agriculture,Private business or VUP,Oral agreement,36.0,Rural,Southern Province,20000.0
29,Lower secondary education,Skilled trades and operators,Industry,Private business or VUP,Written contract,63.0,Rural,Southern Province,120000.0
27,Primary education,Agriculture,Agriculture,Private business or VUP,Oral agreement,36.0,Rural,Southern Province,31200.0
21,Primary education,Elementary and other work,Agriculture,Private business or VUP,Oral agreement,20.0,Rural,Southern Province,18200.0
30,Primary education,Agriculture,Agriculture,Private business or VUP,Oral agreement,36.0,Rural,Southern Province,31200.0
18,Primary education,Elementary and other work,Services,Private business or VUP,Oral agreement,42.0,Urban,Southern Province,15000.0
21,Upper secondary education,Elementary and other work,Services,Household,Oral agreement,50.0,Urban,Southern Province,10000.0
18,Lower secondary education,Elementary and other work,Services,Household,Oral agreement,42.0,Urban,Southern Province,20000.0
17,Primary education,Elementary and other work,Services,Household,Oral agreement,54.0,Urban,Southern Province,10000.0
16,Primary education,Elementary and other work,Services,Household,Oral agreement,72.0,Urban,Southern Province,15000.0
30,Primary education,Elementary and other work,Industry,Private business or VUP,Oral agreement,18.0,Urban,Southern Province,41600.0
25,Lower secondary education,Elementary and other work,Industry,Private business or VUP,Oral agreement,63.0,Urban,Southern Province,65000.0
24,Upper secondary education,Elementary and other work,Industry,Private business or VUP,Oral agreement,48.0,Urban,Southern Province,65000.0
24,Primary education,Elementary and other work,Services,Household,Oral agreement,42.0,Urban,Southern Province,20000.0
19,Lower secondary education,Elementary and other work,Services,Household,Oral agreement,60.0,Urban,Southern Province,20000.0
22,Lower secondary education,Elementary and other work,Services,Household,Oral agreement,42.0,Urban,Southern Province,30000.0
28,Primary education,Elementary and other work,Services,Household,Oral agreement,56.0,Urban,Southern Province,20000.0
23,Primary education,Sales and services,Services,Private business or VUP,Oral agreement,70.0,Urban,Southern Province,25000.0
22,Primary education,Elementary and other work,Services,Household,Oral agreement,49.0,Urban,Southern Province,25000.0
25,Lower secondary education,Skilled trades and operators,Industry,Private business or VUP,Oral agreement,50.0,Urban,Southern Province,70000.0
19,Lower secondary education,Elementary and other work,Services,Household,Oral agreement,70.0,Urban,Southern Province,20000.0
24,Lower secondary education,Skilled trades and operators,Industry,Private business or VUP,Written contract,50.0,Urban,Southern Province,80000.0
24,Lower secondary education,Skilled trades and operators,Industry,Private business or VUP,Written contract,50.0,Urban,Southern Province,80000.0
18,Primary education,Elementary and other work,Services,Household,Oral agreement,45.0,Urban,Southern Province,20000.0
23,Primary education,Elementary and other work,Services,Household,Oral agreement,45.0,Urban,Southern Province,20000.0
28,Lower secondary education,Elementary and other work,Industry,Private business or VUP,Oral agreement,35.0,Rural,Western Province,39000.0
29,Lower secondary education,Skilled trades and operators,Services,Private business or VUP,Oral agreement,25.0,Rural,Western Province,78000.0
16,Primary education,Elementary and other work,Agriculture,Private business or VUP,Oral agreement,5.0,Rural,Western Province,26000.0
24,Primary education,Elementary and other work,Agriculture,Private business or VUP,Oral agreement,25.0,Rural,Western Province,18200.0
24,Primary education,Agriculture,Agriculture,Private business or VUP,Oral agreement,10.0,Rural,Western Province,26000.0
24,Primary education,Agriculture,Agriculture,Private business or VUP,Oral agreement,10.0,Rural,Western Province,26000.0
20,Primary education,Elementary and other work,Services,Household,Oral agreement,45.0,Rural,Western Province,12000.0
24,Lower secondary education,Skilled trades and operators,Industry,Private business or VUP,Oral agreement,30.0,Rural,Western Province,104000.0
23,Lower secondary education,Elementary and other work,Industry,Private business or VUP,Oral agreement,40.0,Rural,Western Province,52000.0
24,Lower secondary education,Agriculture,Agriculture,Private business or VUP,Oral agreement,48.0,Rural,Western Province,39000.0
22,Primary education,Skilled trades and operators,Industry,Private business or VUP,Oral agreement,40.0,Rural,Western Province,43333.332
28,Primary education,Elementary and other work,Services,Private business or VUP,Oral agreement,9.0,Rural,Western Province,26000.0
30,Upper secondary education,Elementary and other work,Industry,Private business or VUP,Oral agreement,45.0,Rural,Western Province,22100.0
24,Lower secondary education,Elementary and other work,Agriculture,Private business or VUP,Oral agreement,45.0,Rural,Western Province,26000.0
25,Upper secondary education,Elementary and other work,Agriculture,Private business or VUP,Oral agreement,36.0,Rural,Western Province,26000.0
29,Primary education,Agriculture,Agriculture,Private business or VUP,Oral agreement,27.0,Rural,Western Province,26000.0
22,Primary education,Agriculture,Agriculture,Private business or VUP,Oral agreement,40.0,Rural,Western Province,52000.0
22,Primary education,Elementary and other work,Services,Household,Oral agreement,42.0,Rural,Western Province,37000.0
21,Primary education,Elementary and other work,Agriculture,Private business or VUP,Oral agreement,30.0,Rural,Western Province,18200.0
28,Primary education,Sales and services,Agriculture,Private business or VUP,Oral agreement,35.0,Rural,Western Province,26000.0
19,Primary education,Elementary and other work,Services,Household,Oral agreement,35.0,Rural,Western Province,15000.0
29,Lower secondary education,Elementary and other work,Industry,Private business or VUP,Oral agreement,40.0,Rural,Western Province,78000.0
23,Primary education,Agriculture,Agriculture,Private business or VUP,Oral agreement,21.0,Rural,Western Province,52000.0
20,Primary education,Elementary and other work,Services,Private business or VUP,Oral agreement,30.0,Rural,Western Province,26000.0
20,Primary education,Elementary and other work,Agriculture,Private business or VUP,Oral agreement,21.0,Rural,Western Province,26000.0
18,Primary education,Agriculture,Agriculture,Private business or VUP,Oral agreement,28.0,Rural,Western Province,26000.0
22,Primary education,Elementary and other work,Agriculture,Private business or VUP,Oral agreement,35.0,Rural,Western Province,52000.0
18,Primary education,Elementary and other work,Agriculture,Private business or VUP,Oral agreement,15.0,Rural,Western Province,26000.0
22,Lower secondary education,Elementary and other work,Agriculture,Private business or VUP,Oral agreement,42.0,Rural,Western Province,39000.0
19,Lower secondary education,Agriculture,Agriculture,Private business or VUP,Oral agreement,42.0,Rural,Western Province,52000.0
20,No formal education,Agriculture,Agriculture,Private business or VUP,Oral agreement,54.0,Rural,Western Province,7000.0
29,Primary education,Elementary and other work,Agriculture,Private business or VUP,Oral agreement,36.0,Rural,Western Province,39000.0
27,No formal education,Elementary and other work,Agriculture,Private business or VUP,Oral agreement,14.0,Urban,Western Province,26000.0
30,Primary education,Elementary and other work,Agriculture,Private business or VUP,Oral agreement,36.0,Urban,Western Province,31200.0
19,Primary education,Elementary and other work,Agriculture,Private business or VUP,Oral agreement,48.0,Urban,Western Province,31200.0
23,Upper secondary education,Elementary and other work,Services,Private business or VUP,Oral agreement,49.0,Urban,Western Province,20000.0
18,Primary education,Elementary and other work,Agriculture,Private business or VUP,Oral agreement,42.0,Urban,Western Province,31200.0
25,Primary education,Elementary and other work,Services,Household,Oral agreement,48.0,Urban,Western Province,25000.0
21,Tertiary education,"Business, management and office work",Services,Public institution,Oral agreement,45.0,Urban,Western Province,150000.0
21,Primary education,Elementary and other work,Services,Household,Oral agreement,50.0,Urban,Western Province,20000.0
27,Upper secondary education,Sales and services,Services,Private business or VUP,Oral agreement,35.0,Urban,Western Province,21666.666
25,Upper secondary education,Skilled trades and operators,Industry,Private business or VUP,Oral agreement,40.0,Urban,Western Province,130000.0
21,Primary education,Elementary and other work,Agriculture,Private business or VUP,Oral agreement,21.0,Rural,Western Province,39000.0
23,Primary education,Skilled trades and operators,Industry,Private business or VUP,Oral agreement,25.0,Rural,Western Province,52000.0
17,Primary education,Elementary and other work,Industry,Private business or VUP,Oral agreement,18.0,Rural,Western Province,39000.0
30,No formal education,Elementary and other work,Agriculture,Private business or VUP,Oral agreement,36.0,Rural,Western Province,26000.0
25,Primary education,Elementary and other work,Agriculture,Private business or VUP,Oral agreement,24.0,Rural,Western Province,26000.0
20,Primary education,Elementary and other work,Services,Private business or VUP,Oral agreement,14.0,Rural,Western Province,13000.0
16,Primary education,Elementary and other work,Services,Private business or VUP,Oral agreement,10.0,Rural,Western Province,13000.0
24,Primary education,Elementary and other work,Agriculture,Private business or VUP,Oral agreement,28.0,Rural,Western Province,52000.0
21,Primary education,Elementary and other work,Agriculture,Private business or VUP,Oral agreement,42.0,Rural,Western Province,44200.0
22,Primary education,Elementary and other work,Agriculture,Private business or VUP,Oral agreement,48.0,Rural,Western Province,39000.0
28,Primary education,Elementary and other work,Agriculture,Private business or VUP,Oral agreement,35.0,Rural,Western Province,31200.0
30,No formal education,Elementary and other work,Agriculture,Private business or VUP,Oral agreement,14.0,Rural,Western Province,33800.0
28,Primary education,Elementary and other work,Agriculture,Private business or VUP,Oral agreement,21.0,Rural,Western Province,31200.0
27,Primary education,Elementary and other work,Agriculture,Private business or VUP,Oral agreement,21.0,Rural,Western Province,31200.0
25,Primary education,Elementary and other work,Agriculture,Private business or VUP,Oral agreement,24.0,Rural,Western Province,31200.0
20,Primary education,Elementary and other work,Agriculture,Private business or VUP,Oral agreement,37.0,Rural,Western Province,31200.0
23,Primary education,Elementary and other work,Agriculture,Private business or VUP,Oral agreement,36.0,Rural,Western Province,39000.0
28,Lower secondary education,Elementary and other work,Agriculture,Private business or VUP,Oral agreement,21.0,Rural,Western Province,31200.0
24,Upper secondary education,Elementary and other work,Agriculture,Private business or VUP,Oral agreement,38.0,Rural,Western Province,39000.0
28,Upper secondary education,Elementary and other work,Services,Public institution,Oral agreement,48.0,Rural,Western Province,25000.0
21,Lower secondary education,Agriculture,Agriculture,Private business or VUP,Oral agreement,36.0,Rural,Western Province,33800.0
25,Primary education,Skilled trades and operators,Industry,Private business or VUP,Oral agreement,48.0,Rural,Western Province,78000.0
29,Primary education,Agriculture,Agriculture,Private business or VUP,Oral agreement,36.0,Urban,Western Province,31200.0
29,Primary education,Elementary and other work,Agriculture,Private business or VUP,Oral agreement,35.0,Rural,Western Province,26000.0
21,Lower secondary education,Elementary and other work,Industry,Private business or VUP,Oral agreement,6.0,Rural,Western Province,52000.0
21,Primary education,Elementary and other work,Industry,Private business or VUP,Oral agreement,40.0,Rural,Western Province,26000.0
28,Primary education,Sales and services,Services,Public-private enterprise,Written contract,40.0,Urban,Western Province,25000.0
20,Primary education,Elementary and other work,Industry,Private business or VUP,Oral agreement,45.0,Urban,Western Province,39000.0
27,Primary education,Elementary and other work,Services,Private business or VUP,Oral agreement,70.0,Urban,Western Province,52000.0
24,Primary education,Elementary and other work,Agriculture,Private business or VUP,Oral agreement,24.0,Urban,Western Province,39000.0
22,Primary education,Elementary and other work,Services,Private business or VUP,Oral agreement,70.0,Urban,Western Province,15000.0
28,Primary education,Elementary and other work,Industry,Private business or VUP,Oral agreement,54.0,Rural,Western Province,52000.0
28,Tertiary education,"Business, management and office work",Services,Private business or VUP,Written contract,40.0,Rural,Western Province,150000.0
17,Primary education,Elementary and other work,Services,Household,Oral agreement,56.0,Rural,Western Province,15000.0
30,Primary education,Agriculture,Agriculture,Private business or VUP,Oral agreement,56.0,Rural,Western Province,10000.0
16,Lower secondary education,Sales and services,Services,Private business or VUP,Oral agreement,48.0,Rural,Western Province,30000.0
23,Primary education,Elementary and other work,Industry,Private business or VUP,Oral agreement,40.0,Rural,Western Province,65000.0
26,Upper secondary education,"Education, health and social services",Services,Public institution,Written contract,45.0,Rural,Western Province,108000.0
19,Primary education,Elementary and other work,Services,Household,Oral agreement,42.0,Urban,Western Province,15000.0
27,Upper secondary education,"Business, management and office work",Services,Private business or VUP,Oral agreement,42.0,Urban,Western Province,52000.0
27,Primary education,Elementary and other work,Services,Private business or VUP,Oral agreement,45.0,Urban,Western Province,20000.0
25,Primary education,Agriculture,Agriculture,Private business or VUP,Oral agreement,2.0,Urban,Western Province,65000.0
24,Primary education,Agriculture,Agriculture,Private business or VUP,Oral agreement,35.0,Urban,Western Province,39000.0
23,Lower secondary education,Agriculture,Agriculture,Private business or VUP,Oral agreement,35.0,Urban,Western Province,39000.0
30,Upper secondary education,Agriculture,Agriculture,Private business or VUP,Oral agreement,28.0,Urban,Western Province,39000.0
28,Upper secondary education,Elementary and other work,Agriculture,Private business or VUP,Oral agreement,28.0,Urban,Western Province,39000.0
26,Primary education,Agriculture,Agriculture,Private business or VUP,Oral agreement,35.0,Urban,Western Province,39000.0
19,Primary education,Elementary and other work,Agriculture,Private business or VUP,Oral agreement,21.0,Urban,Western Province,39000.0
25,Lower secondary education,Elementary and other work,Agriculture,Private business or VUP,Oral agreement,42.0,Urban,Western Province,39000.0
23,Primary education,Elementary and other work,Agriculture,Private business or VUP,Oral agreement,42.0,Urban,Western Province,39000.0
29,Primary education,Elementary and other work,Agriculture,Private business or VUP,Oral agreement,10.0,Rural,Western Province,39000.0
30,Primary education,Agriculture,Agriculture,Private business or VUP,Oral agreement,33.0,Rural,Western Province,52000.0
17,Primary education,Agriculture,Agriculture,Private business or VUP,Oral agreement,10.0,Rural,Western Province,52000.0
24,Primary education,Elementary and other work,Services,Private business or VUP,Oral agreement,40.0,Rural,Western Province,40000.0
26,Primary education,Elementary and other work,Industry,Private business or VUP,Oral agreement,70.0,Rural,Northern Province,78000.0
17,Lower secondary education,Elementary and other work,Services,Household,Oral agreement,70.0,Rural,Northern Province,17000.0
24,Upper secondary education,"Business, management and office work",Services,NGO or international organisation,Written contract,12.0,Rural,Northern Province,21666.666
25,Primary education,Elementary and other work,Agriculture,Private business or VUP,Oral agreement,36.0,Rural,Northern Province,26000.0
22,Primary education,Elementary and other work,Agriculture,Private business or VUP,Oral agreement,36.0,Rural,Northern Province,20800.0
25,Lower secondary education,Elementary and other work,Agriculture,Private business or VUP,Oral agreement,18.0,Rural,Northern Province,20800.0
19,Primary education,"Education, health and social services",Services,Household,Oral agreement,42.0,Rural,Northern Province,10000.0
30,Primary education,Elementary and other work,Agriculture,Private business or VUP,Oral agreement,28.0,Rural,Northern Province,26000.0
22,Primary education,Elementary and other work,Agriculture,Private business or VUP,Oral agreement,24.0,Rural,Northern Province,26000.0
23,Primary education,Elementary and other work,Services,Household,Oral agreement,28.0,Rural,Northern Province,12000.0
19,Lower secondary education,Elementary and other work,Services,Household,Oral agreement,32.0,Rural,Northern Province,26000.0
19,Primary education,Elementary and other work,Agriculture,Private business or VUP,Oral agreement,12.0,Rural,Northern Province,26000.0
28,Primary education,Elementary and other work,Agriculture,Private business or VUP,Oral agreement,28.0,Rural,Northern Province,26000.0
28,No formal education,Elementary and other work,Services,Private business or VUP,Oral agreement,35.0,Rural,Northern Province,11000.0
19,Primary education,Skilled trades and operators,Industry,Private business or VUP,Written contract,60.0,Rural,Northern Province,20000.0
24,Primary education,Skilled trades and operators,Industry,Private business or VUP,Oral agreement,48.0,Rural,Northern Province,60000.0
22,Lower secondary education,Agriculture,Agriculture,Private business or VUP,Oral agreement,48.0,Rural,Northern Province,30000.0
24,Lower secondary education,Skilled trades and operators,Industry,Private business or VUP,Oral agreement,50.0,Rural,Northern Province,78000.0
22,Primary education,Elementary and other work,Agriculture,Private business or VUP,Oral agreement,20.0,Rural,Northern Province,20800.0
21,Upper secondary education,Elementary and other work,Agriculture,Private business or VUP,Oral agreement,15.0,Rural,Northern Province,26000.0
23,Tertiary education,"Business, management and office work",Services,Private business or VUP,Written contract,54.0,Rural,Northern Province,35000.0
23,Primary education,Elementary and other work,Agriculture,Private business or VUP,Oral agreement,36.0,Rural,Northern Province,26000.0
30,Lower secondary education,Elementary and other work,Agriculture,Private business or VUP,Oral agreement,36.0,Rural,Northern Province,26000.0
22,Primary education,Elementary and other work,Agriculture,Private business or VUP,Oral agreement,36.0,Rural,Northern Province,18200.0
20,Lower secondary education,Sales and services,Services,Private business or VUP,Oral agreement,48.0,Rural,Northern Province,26000.0
20,Lower secondary education,Elementary and other work,Services,Household,Oral agreement,70.0,Urban,Northern Province,20000.0
26,Upper secondary education,Skilled trades and operators,Industry,Private business or VUP,Oral agreement,48.0,Urban,Northern Province,104000.0
20,Lower secondary education,Elementary and other work,Services,Household,Oral agreement,48.0,Urban,Northern Province,20000.0
18,Primary education,Agriculture,Agriculture,Private business or VUP,Oral agreement,48.0,Urban,Northern Province,15000.0
19,Lower secondary education,Agriculture,Agriculture,Private business or VUP,Oral agreement,48.0,Urban,Northern Province,15000.0
29,Primary education,Elementary and other work,Services,Private business or VUP,Oral agreement,36.0,Urban,Northern Province,78000.0
29,Primary education,Elementary and other work,Services,Household,Written contract,40.0,Urban,Northern Province,25000.0
22,Primary education,Elementary and other work,Agriculture,Private business or VUP,Oral agreement,15.0,Rural,Northern Province,39000.0
21,Primary education,Elementary and other work,Industry,Private business or VUP,Oral agreement,36.0,Rural,Northern Province,52000.0
17,Primary education,Agriculture,Agriculture,Private business or VUP,Oral agreement,40.0,Rural,Northern Province,39000.0
20,Primary education,Agriculture,Agriculture,Private business or VUP,Oral agreement,30.0,Rural,Northern Province,39000.0
29,Primary education,Elementary and other work,Industry,Private business or VUP,Oral agreement,24.0,Rural,Northern Province,78000.0
24,Primary education,Elementary and other work,Industry,Private business or VUP,Oral agreement,20.0,Rural,Northern Province,65000.0
17,Primary education,Elementary and other work,Services,Household,Oral agreement,35.0,Urban,Northern Province,15000.0
28,No formal education,Agriculture,Agriculture,Private business or VUP,Oral agreement,12.0,Rural,Northern Province,39000.0
28,Primary education,Agriculture,Agriculture,Private business or VUP,Oral agreement,9.0,Rural,Northern Province,39000.0
18,Primary education,Elementary and other work,Agriculture,Private business or VUP,Oral agreement,24.0,Rural,Northern Province,39000.0
17,Primary education,Elementary and other work,Agriculture,Private business or VUP,Oral agreement,16.0,Rural,Northern Province,39000.0
22,Tertiary education,Science and engineering,Industry,Private business or VUP,Oral agreement,20.0,Urban,Northern Province,208000.0
20,Upper secondary education,Skilled trades and operators,Industry,Private business or VUP,Written contract,40.0,Urban,Northern Province,100000.0
20,Primary education,Elementary and other work,Agriculture,Private business or VUP,Oral agreement,15.0,Urban,Northern Province,31200.0
28,Primary education,Elementary and other work,Industry,Private business or VUP,Oral agreement,50.0,Urban,Northern Province,52000.0
28,Lower secondary education,Elementary and other work,Services,Household,Oral agreement,35.0,Rural,Northern Province,20000.0
25,Primary education,Elementary and other work,Agriculture,Private business or VUP,Oral agreement,15.0,Rural,Northern Province,39000.0
30,Primary education,Agriculture,Agriculture,Private business or VUP,Oral agreement,36.0,Rural,Northern Province,52000.0
30,No formal education,Agriculture,Agriculture,Private business or VUP,Oral agreement,18.0,Rural,Northern Province,26000.0
28,Lower secondary education,Agriculture,Agriculture,Private business or VUP,Oral agreement,12.0,Rural,Northern Province,39000.0
27,Upper secondary education,Sales and services,Services,Public institution,Written contract,45.0,Rural,Northern Province,20000.0
17,Primary education,Agriculture,Agriculture,Private business or VUP,Oral agreement,18.0,Rural,Northern Province,26000.0
23,Primary education,Elementary and other work,Services,Private business or VUP,Oral agreement,14.0,Rural,Northern Province,31200.0
24,Primary education,Elementary and other work,Services,Private business or VUP,Oral agreement,16.0,Rural,Northern Province,39000.0
23,Primary education,Agriculture,Agriculture,Private business or VUP,Oral agreement,16.0,Rural,Northern Province,13000.0
17,Primary education,Elementary and other work,Agriculture,Private business or VUP,Oral agreement,36.0,Rural,Northern Province,31200.0
18,Primary education,Elementary and other work,Agriculture,Private business or VUP,Oral agreement,42.0,Rural,Northern Province,26000.0
25,Primary education,Elementary and other work,Services,Household,Oral agreement,42.0,Rural,Northern Province,8000.0
19,Primary education,Elementary and other work,Agriculture,Private business or VUP,Oral agreement,36.0,Rural,Northern Province,39000.0
25,Lower secondary education,Elementary and other work,Agriculture,Private business or VUP,Oral agreement,14.0,Rural,Northern Province,39000.0
29,Primary education,Elementary and other work,Agriculture,Private business or VUP,Oral agreement,36.0,Rural,Northern Province,31200.0
27,Primary education,Elementary and other work,Agriculture,Private business or VUP,Oral agreement,18.0,Rural,Northern Province,26000.0
27,Primary education,Elementary and other work,Agriculture,Private business or VUP,Oral agreement,12.0,Rural,Northern Province,26000.0
18,Lower secondary education,Elementary and other work,Agriculture,Private business or VUP,Oral agreement,30.0,Rural,Northern Province,26000.0
29,Primary education,Elementary and other work,Agriculture,Private business or VUP,Oral agreement,24.0,Rural,Northern Province,26000.0
29,Primary education,Elementary and other work,Agriculture,Private business or VUP,Oral agreement,12.0,Rural,Northern Province,39000.0
25,Primary education,Elementary and other work,Industry,Private business or VUP,Oral agreement,24.0,Rural,Northern Province,52000.0
22,Lower secondary education,Elementary and other work,Services,Public institution,Oral agreement,35.0,Rural,Northern Province,36400.0
18,Lower secondary education,Elementary and other work,Services,Public institution,Oral agreement,35.0,Rural,Northern Province,36400.0
27,Primary education,Agriculture,Agriculture,Private business or VUP,Oral agreement,30.0,Rural,Northern Province,31200.0
19,Primary education,Agriculture,Agriculture,Private business or VUP,Oral agreement,5.0,Rural,Northern Province,31200.0
28,Primary education,Elementary and other work,Agriculture,Private business or VUP,Oral agreement,30.0,Rural,Northern Province,26000.0
26,Primary education,Elementary and other work,Agriculture,Private business or VUP,Oral agreement,24.0,Rural,Northern Province,26000.0
22,Lower secondary education,Elementary and other work,Agriculture,Private business or VUP,Oral agreement,30.0,Rural,Northern Province,26000.0
19,Pre-primary,Elementary and other work,Agriculture,Private business or VUP,Oral agreement,30.0,Rural,Northern Province,39000.0
20,Lower secondary education,Elementary and other work,Services,Household,Oral agreement,36.0,Urban,Eastern Province,20000.0
18,Primary education,Elementary and other work,Services,Household,Oral agreement,28.0,Urban,Eastern Province,10000.0
26,Upper secondary education,"Education, health and social services",Services,Public institution,Written contract,45.0,Urban,Eastern Province,93000.0
18,Primary education,Sales and services,Services,Private business or VUP,Oral agreement,9.0,Urban,Eastern Province,20000.0
23,Primary education,Agriculture,Agriculture,Private business or VUP,Oral agreement,25.0,Rural,Eastern Province,26000.0
26,Primary education,Sales and services,Services,Private business or VUP,Oral agreement,36.0,Rural,Eastern Province,30000.0
28,Upper secondary education,"Education, health and social services",Services,Public institution,Written contract,45.0,Rural,Eastern Province,110000.0
25,Primary education,Elementary and other work,Services,Household,Oral agreement,54.0,Rural,Eastern Province,15000.0
30,Primary education,Agriculture,Agriculture,Private business or VUP,Oral agreement,43.0,Rural,Eastern Province,39000.0
17,Primary education,Elementary and other work,Services,Household,Oral agreement,58.0,Rural,Eastern Province,10000.0
21,Primary education,Elementary and other work,Services,Household,Oral agreement,35.0,Rural,Eastern Province,25000.0
28,Tertiary education,"Business, management and office work",Services,NGO or international organisation,Written contract,48.0,Rural,Eastern Province,212000.0
26,Primary education,Agriculture,Agriculture,Private business or VUP,Oral agreement,30.0,Urban,Eastern Province,39000.0
24,No formal education,Elementary and other work,Agriculture,Private business or VUP,Oral agreement,18.0,Urban,Eastern Province,39000.0
29,Primary education,Elementary and other work,Industry,Private business or VUP,Oral agreement,50.0,Urban,Eastern Province,156000.0
18,Primary education,Elementary and other work,Services,Household,Oral agreement,54.0,Rural,Eastern Province,20000.0
27,Primary education,Elementary and other work,Agriculture,Private business or VUP,Oral agreement,12.0,Rural,Eastern Province,26000.0
19,Primary education,Elementary and other work,Agriculture,Private business or VUP,Oral agreement,60.0,Rural,Eastern Province,39000.0
17,Lower secondary education,Elementary and other work,Industry,Private business or VUP,Oral agreement,30.0,Rural,Eastern Province,78000.0
26,Primary education,Elementary and other work,Agriculture,Private business or VUP,Oral agreement,40.0,Urban,Eastern Province,31200.0
30,Upper secondary education,"Business, management and office work",Industry,Private business or VUP,Oral agreement,40.0,Rural,Eastern Province,52000.0
27,Primary education,Elementary and other work,Agriculture,Private business or VUP,Oral agreement,42.0,Rural,Eastern Province,26000.0
29,Primary education,Elementary and other work,Agriculture,Private business or VUP,Oral agreement,30.0,Rural,Eastern Province,39000.0
20,Lower secondary education,Elementary and other work,Agriculture,Private business or VUP,Oral agreement,36.0,Rural,Eastern Province,31200.0
27,Primary education,Agriculture,Agriculture,Private business or VUP,Oral agreement,18.0,Rural,Eastern Province,26000.0
30,Primary education,Agriculture,Agriculture,Private business or VUP,Oral agreement,45.0,Urban,Eastern Province,26000.0
30,Primary education,Agriculture,Agriculture,Private business or VUP,Oral agreement,45.0,Urban,Eastern Province,26000.0
23,Primary education,Elementary and other work,Services,Household,Oral agreement,49.0,Urban,Eastern Province,10000.0
30,Upper secondary education,Skilled trades and operators,Industry,Private business or VUP,Oral agreement,54.0,Urban,Eastern Province,130000.0
27,Primary education,Sales and services,Services,Private business or VUP,Written contract,54.0,Urban,Eastern Province,30000.0
30,Primary education,Elementary and other work,Agriculture,Private business or VUP,Oral agreement,35.0,Urban,Eastern Province,26000.0
24,Primary education,Agriculture,Agriculture,Private business or VUP,Oral agreement,28.0,Urban,Eastern Province,26000.0
25,Tertiary education,"Education, health and social services",Services,Public institution,Written contract,40.0,Urban,Eastern Province,114000.0
24,Upper secondary education,Science and engineering,Industry,Private business or VUP,Oral agreement,35.0,Urban,Eastern Province,120000.0
23,Primary education,Elementary and other work,Services,Household,Oral agreement,63.0,Urban,Eastern Province,10000.0
26,Primary education,Sales and services,Services,Private business or VUP,Written contract,70.0,Urban,Eastern Province,25000.0
28,Primary education,Agriculture,Agriculture,Private business or VUP,Oral agreement,30.0,Rural,Eastern Province,26000.0
22,Primary education,Agriculture,Agriculture,Private business or VUP,Oral agreement,30.0,Rural,Eastern Province,26000.0
23,Primary education,Agriculture,Agriculture,Private business or VUP,Oral agreement,30.0,Rural,Eastern Province,26000.0
21,Primary education,Elementary and other work,Agriculture,Private business or VUP,Oral agreement,36.0,Rural,Eastern Province,26000.0
26,Lower secondary education,Elementary and other work,Agriculture,Private business or VUP,Oral agreement,30.0,Rural,Eastern Province,26000.0
30,No formal education,Elementary and other work,Agriculture,Private business or VUP,Oral agreement,42.0,Rural,Eastern Province,39000.0
26,No formal education,Elementary and other work,Agriculture,Private business or VUP,Oral agreement,30.0,Rural,Eastern Province,52000.0
24,Primary education,Agriculture,Agriculture,Private business or VUP,Oral agreement,30.0,Rural,Eastern Province,39000.0
21,Primary education,Agriculture,Agriculture,Private business or VUP,Oral agreement,30.0,Rural,Eastern Province,39000.0
19,Primary education,Agriculture,Agriculture,Private business or VUP,Oral agreement,30.0,Rural,Eastern Province,26000.0
16,Primary education,Agriculture,Agriculture,Private business or VUP,Oral agreement,30.0,Rural,Eastern Province,26000.0
28,Upper secondary education,"Education, health and social services",Services,Public institution,Written contract,40.0,Urban,Eastern Province,114400.0
19,Upper secondary education,"Education, health and social services",Services,Public institution,Oral agreement,40.0,Urban,Eastern Province,50000.0
30,Primary education,Elementary and other work,Industry,Private business or VUP,Oral agreement,36.0,Urban,Eastern Province,39000.0
27,Upper secondary education,Sales and services,Services,Public institution,Written contract,40.0,Urban,Eastern Province,122000.0
26,Tertiary education,"Education, health and social services",Services,Public institution,Written contract,40.0,Urban,Eastern Province,211000.0
21,No formal education,Elementary and other work,Services,Household,Oral agreement,36.0,Rural,Eastern Province,7000.0
29,Primary education,Elementary and other work,Agriculture,Private business or VUP,Oral agreement,15.0,Rural,Eastern Province,20800.0
26,Primary education,Elementary and other work,Agriculture,Private business or VUP,Oral agreement,36.0,Rural,Eastern Province,26000.0
26,Primary education,Elementary and other work,Agriculture,Private business or VUP,Oral agreement,30.0,Rural,Eastern Province,26000.0
28,Upper secondary education,"Education, health and social services",Services,Public institution,Written contract,40.0,Rural,Eastern Province,117000.0
18,Primary education,Elementary and other work,Agriculture,Private business or VUP,Oral agreement,36.0,Rural,Eastern Province,26000.0
29,Primary education,Agriculture,Agriculture,Private business or VUP,Oral agreement,20.0,Rural,Eastern Province,26000.0
24,Primary education,Elementary and other work,Industry,Private business or VUP,Oral agreement,27.0,Rural,Eastern Province,52000.0
30,Lower secondary education,Science and engineering,Industry,Private business or VUP,Oral agreement,20.0,Rural,Eastern Province,78000.0
20,Primary education,Elementary and other work,Agriculture,Private business or VUP,Oral agreement,20.0,Rural,Eastern Province,39000.0
25,Lower secondary education,Elementary and other work,Industry,Private business or VUP,Oral agreement,45.0,Rural,Eastern Province,65000.0
18,Primary education,Elementary and other work,Agriculture,Private business or VUP,Oral agreement,15.0,Rural,Eastern Province,26000.0
26,Lower secondary education,Elementary and other work,Agriculture,Private business or VUP,Oral agreement,15.0,Rural,Eastern Province,39000.0
22,Primary education,Elementary and other work,Agriculture,Private business or VUP,Oral agreement,10.0,Rural,Eastern Province,39000.0
30,Primary education,Elementary and other work,Agriculture,Private business or VUP,Oral agreement,25.0,Rural,Eastern Province,39000.0
28,Primary education,Elementary and other work,Agriculture,Private business or VUP,Oral agreement,25.0,Rural,Eastern Province,39000.0
23,Primary education,Elementary and other work,Agriculture,Private business or VUP,Oral agreement,35.0,Rural,Eastern Province,26000.0
29,Primary education,Agriculture,Agriculture,Private business or VUP,Oral agreement,35.0,Rural,Eastern Province,26000.0
19,Primary education,Agriculture,Agriculture,Private business or VUP,Oral agreement,24.0,Rural,Eastern Province,26000.0
28,Lower secondary education,Elementary and other work,Agriculture,Private business or VUP,Oral agreement,36.0,Rural,Eastern Province,52000.0
20,Lower secondary education,Skilled trades and operators,Industry,Private business or VUP,Oral agreement,40.0,Rural,Eastern Province,30000.0
30,Lower secondary education,Elementary and other work,Agriculture,Private business or VUP,Oral agreement,36.0,Rural,Eastern Province,52000.0
24,Primary education,Elementary and other work,Agriculture,Private business or VUP,Oral agreement,15.0,Urban,Eastern Province,26000.0
18,Lower secondary education,Elementary and other work,Agriculture,Private business or VUP,Oral agreement,20.0,Urban,Eastern Province,26000.0
26,Lower secondary education,Elementary and other work,Agriculture,Private business or VUP,Oral agreement,35.0,Urban,Eastern Province,26000.0
19,Primary education,Elementary and other work,Agriculture,Private business or VUP,Oral agreement,36.0,Urban,Eastern Province,26000.0
28,Lower secondary education,Agriculture,Agriculture,Private business or VUP,Oral agreement,35.0,Rural,Eastern Province,52000.0
30,Primary education,Elementary and other work,Agriculture,Private business or VUP,Oral agreement,6.0,Rural,Eastern Province,39000.0
22,Primary education,Elementary and other work,Agriculture,Private business or VUP,Oral agreement,6.0,Rural,Eastern Province,31200.0
20,Primary education,Elementary and other work,Agriculture,Private business or VUP,Oral agreement,36.0,Rural,Eastern Province,31200.0
23,Primary education,Elementary and other work,Agriculture,Private business or VUP,Oral agreement,30.0,Rural,Eastern Province,26000.0
19,Primary education,Agriculture,Agriculture,Private business or VUP,Oral agreement,36.0,Rural,Eastern Province,52000.0
29,Lower secondary education,Elementary and other work,Agriculture,Private business or VUP,Oral agreement,18.0,Rural,Eastern Province,52000.0
30,Lower secondary education,Agriculture,Agriculture,Private business or VUP,Oral agreement,8.0,Rural,Eastern Province,52000.0
21,Primary education,Elementary and other work,Agriculture,Private business or VUP,Oral agreement,18.0,Rural,Eastern Province,52000.0
19,Primary education,Elementary and other work,Agriculture,Private business or VUP,Oral agreement,18.0,Rural,Eastern Province,39000.0
18,Lower secondary education,Elementary and other work,Agriculture,Private business or VUP,Oral agreement,30.0,Rural,Eastern Province,39000.0
27,Upper secondary education,"Education, health and social services",Services,Public institution,Written contract,40.0,Rural,Eastern Province,118000.0
22,Lower secondary education,Elementary and other work,Agriculture,Private business or VUP,Oral agreement,6.0,Rural,Eastern Province,31200.0
26,Primary education,Agriculture,Agriculture,Private business or VUP,Oral agreement,16.0,Rural,Eastern Province,26000.0
30,Primary education,Sales and services,Services,Private business or VUP,Oral agreement,45.0,Rural,Eastern Province,70000.0
28,Lower secondary education,Elementary and other work,Agriculture,Private business or VUP,Oral agreement,63.0,Rural,Eastern Province,31200.0
24,Primary education,Elementary and other work,Agriculture,Private business or VUP,Oral agreement,12.0,Rural,Eastern Province,20800.0
20,Primary education,Agriculture,Agriculture,Private business or VUP,Oral agreement,19.0,Rural,Eastern Province,26000.0
18,Primary education,Agriculture,Agriculture,Private business or VUP,Oral agreement,24.0,Rural,Eastern Province,39000.0
27,Tertiary education,Science and engineering,Industry,Private business or VUP,Written contract,48.0,Rural,Eastern Province,206000.0
22,Primary education,Agriculture,Agriculture,Private business or VUP,Oral agreement,24.0,Rural,Eastern Province,26000.0
21,Primary education,Elementary and other work,Agriculture,Private business or VUP,Oral agreement,35.0,Rural,Eastern Province,26000.0
18,Primary education,Elementary and other work,Agriculture,Private business or VUP,Oral agreement,35.0,Rural,Eastern Province,26000.0
28,Primary education,Elementary and other work,Agriculture,Private business or VUP,Oral agreement,36.0,Rural,Eastern Province,26000.0
22,Primary education,Elementary and other work,Agriculture,Private business or VUP,Oral agreement,36.0,Rural,Eastern Province,26000.0
30,Primary education,Elementary and other work,Agriculture,Private business or VUP,Oral agreement,36.0,Rural,Eastern Province,26000.0
27,Primary education,Elementary and other work,Agriculture,Private business or VUP,Oral agreement,28.0,Rural,Eastern Province,20800.0
25,Primary education,Elementary and other work,Agriculture,Private business or VUP,Oral agreement,28.0,Rural,Eastern Province,20800.0
22,Primary education,Elementary and other work,Agriculture,Private business or VUP,Oral agreement,20.0,Rural,Eastern Province,20800.0
19,Primary education,Elementary and other work,Agriculture,Private business or VUP,Oral agreement,20.0,Rural,Eastern Province,20800.0
23,Primary education,Elementary and other work,Agriculture,Private business or VUP,Oral agreement,25.0,Rural,Eastern Province,23400.0
23,Primary education,Elementary and other work,Agriculture,Private business or VUP,Oral agreement,15.0,Rural,Eastern Province,23400.0
19,Primary education,Agriculture,Agriculture,Private business or VUP,Oral agreement,25.0,Rural,Eastern Province,18200.0
18,Primary education,Agriculture,Agriculture,Private business or VUP,Oral agreement,20.0,Rural,Eastern Province,20800.0
26,No formal education,Agriculture,Agriculture,Private business or VUP,Oral agreement,42.0,Rural,Eastern Province,26000.0
19,Primary education,Agriculture,Agriculture,Private business or VUP,Oral agreement,10.0,Rural,Eastern Province,26000.0
28,Primary education,Elementary and other work,Agriculture,Private business or VUP,Oral agreement,36.0,Rural,Eastern Province,26000.0
16,Primary education,Agriculture,Agriculture,Private business or VUP,Oral agreement,12.0,Rural,Eastern Province,7800.0
27,Lower secondary education,Elementary and other work,Agriculture,Private business or VUP,Oral agreement,35.0,Rural,Eastern Province,18200.0
27,No formal education,Elementary and other work,Agriculture,Private business or VUP,Oral agreement,30.0,Rural,Eastern Province,31200.0
22,Primary education,Sales and services,Services,Private business or VUP,Oral agreement,50.0,Rural,Eastern Province,13000.0
18,Primary education,Elementary and other work,Agriculture,Private business or VUP,Oral agreement,28.0,Rural,Eastern Province,39000.0
19,Primary education,Elementary and other work,Agriculture,Private business or VUP,Oral agreement,24.0,Rural,Eastern Province,39000.0
23,Primary education,Elementary and other work,Services,Private business or VUP,Oral agreement,54.0,Rural,Eastern Province,21666.666
24,Primary education,Elementary and other work,Industry,Private business or VUP,Oral agreement,36.0,Rural,Eastern Province,52000.0
17,No formal education,Agriculture,Agriculture,Other,Written contract,42.0,Urban,Eastern Province,78000.0
25,No formal education,Sales and services,Services,Private business or VUP,Written contract,60.0,Urban,Eastern Province,72000.0
22,Primary education,Elementary and other work,Industry,Private business or VUP,Oral agreement,54.0,Urban,Eastern Province,43333.332
20,Primary education,Elementary and other work,Agriculture,Private business or VUP,Oral agreement,12.0,Urban,Eastern Province,31200.0
17,Primary education,Elementary and other work,Services,Household,Oral agreement,70.0,Urban,Eastern Province,25000.0
17,Lower secondary education,Elementary and other work,Services,Household,Oral agreement,40.0,Urban,Eastern Province,20000.0
18,Primary education,Elementary and other work,Services,Household,Oral agreement,45.0,Urban,Eastern Province,20000.0
29,Primary education,Elementary and other work,Services,Household,Oral agreement,46.0,Urban,Eastern Province,25000.0
21,Lower secondary education,Skilled trades and operators,Services,Private business or VUP,Oral agreement,40.0,Urban,Eastern Province,78000.0
18,Primary education,Elementary and other work,Services,Household,Oral agreement,48.0,Urban,Eastern Province,15000.0
27,Lower secondary education,Science and engineering,Agriculture,Private business or VUP,Oral agreement,3.0,Rural,Eastern Province,60000.0
16,Primary education,Agriculture,Agriculture,Private business or VUP,Oral agreement,70.0,Rural,Eastern Province,12000.0
30,Primary education,Agriculture,Services,Private business or VUP,Oral agreement,60.0,Rural,Eastern Province,47883.332
17,Primary education,Agriculture,Agriculture,Private business or VUP,Oral agreement,42.0,Rural,Eastern Province,39000.0
20,Primary education,Elementary and other work,Agriculture,Private business or VUP,Oral agreement,15.0,Urban,Eastern Province,39000.0
20,Primary education,Elementary and other work,Agriculture,Private business or VUP,Oral agreement,36.0,Urban,Eastern Province,39000.0
23,Primary education,Elementary and other work,Agriculture,Private business or VUP,Oral agreement,21.0,Urban,Eastern Province,39000.0
19,Upper secondary education,Elementary and other work,Services,Household,Oral agreement,50.0,Urban,Kigali city,20000.0
18,Primary education,Agriculture,Agriculture,Private business or VUP,Oral agreement,50.0,Urban,Kigali city,15000.0
16,Primary education,Elementary and other work,Industry,Private business or VUP,Oral agreement,48.0,Urban,Kigali city,78000.0
16,Primary education,Elementary and other work,Services,Private business or VUP,Oral agreement,6.0,Urban,Kigali city,15600.0
25,Lower secondary education,Sales and services,Services,Private business or VUP,Oral agreement,7.0,Urban,Kigali city,130000.0
30,Primary education,Skilled trades and operators,Services,Private business or VUP,Oral agreement,40.0,Urban,Kigali city,52000.0
21,Upper secondary education,"Business, management and office work",Services,Private business or VUP,Oral agreement,60.0,Urban,Kigali city,70000.0
24,Lower secondary education,Elementary and other work,Services,Private business or VUP,Oral agreement,50.0,Urban,Kigali city,35000.0
22,Lower secondary education,Elementary and other work,Services,Private business or VUP,Oral agreement,50.0,Urban,Kigali city,35000.0
22,Primary education,Elementary and other work,Services,Private business or VUP,Oral agreement,50.0,Urban,Kigali city,35000.0
19,Primary education,Sales and services,Services,Private business or VUP,Oral agreement,48.0,Urban,Kigali city,182000.0
28,Lower secondary education,Skilled trades and operators,Services,Private business or VUP,Oral agreement,48.0,Urban,Kigali city,260000.0
26,Upper secondary education,Sales and services,Services,Private business or VUP,Written contract,84.0,Urban,Kigali city,50000.0
27,Primary education,Elementary and other work,Services,Household,Oral agreement,70.0,Urban,Kigali city,30000.0
27,Tertiary education,Sales and services,Services,Private business or VUP,Oral agreement,18.0,Urban,Kigali city,130000.0
26,Lower secondary education,Skilled trades and operators,Services,Private business or VUP,Oral agreement,45.0,Urban,Kigali city,208000.0
24,Lower secondary education,Elementary and other work,Services,Private business or VUP,Oral agreement,40.0,Urban,Kigali city,78000.0
28,Primary education,Elementary and other work,Services,Household,Oral agreement,35.0,Urban,Kigali city,17000.0
19,Lower secondary education,Skilled trades and operators,Services,Private business or VUP,Oral agreement,32.0,Urban,Kigali city,35000.0
18,Primary education,Sales and services,Services,Private business or VUP,Oral agreement,78.0,Urban,Kigali city,40000.0
21,Upper secondary education,Elementary and other work,Services,Private business or VUP,Oral agreement,32.0,Urban,Kigali city,78000.0
23,Tertiary education,"Business, management and office work",Services,Private business or VUP,Oral agreement,48.0,Urban,Kigali city,200000.0
21,Lower secondary education,Elementary and other work,Services,Household,Oral agreement,70.0,Urban,Kigali city,25000.0
16,Primary education,Elementary and other work,Services,Household,Oral agreement,28.0,Urban,Kigali city,20000.0
27,Lower secondary education,Elementary and other work,Services,Private business or VUP,Oral agreement,54.0,Urban,Kigali city,50000.0
30,Primary education,Skilled trades and operators,Services,Private business or VUP,Oral agreement,14.0,Urban,Kigali city,52000.0
29,Lower secondary education,Elementary and other work,Services,Private business or VUP,Oral agreement,84.0,Urban,Kigali city,25000.0
23,Primary education,Elementary and other work,Services,Household,Oral agreement,28.0,Urban,Kigali city,15000.0
23,Primary education,Elementary and other work,Services,Household,Oral agreement,63.0,Urban,Kigali city,15000.0
24,Upper secondary education,"Business, management and office work",Services,Private business or VUP,Oral agreement,20.0,Urban,Kigali city,260000.0
23,Tertiary education,"Business, management and office work",Services,Public institution,Written contract,40.0,Urban,Kigali city,250000.0
23,Primary education,Skilled trades and operators,Services,Private business or VUP,Written contract,63.0,Urban,Kigali city,120000.0
24,Upper secondary education,Elementary and other work,Industry,Private business or VUP,Oral agreement,27.0,Urban,Kigali city,104000.0
26,Primary education,Elementary and other work,Services,Household,Oral agreement,70.0,Urban,Kigali city,20000.0
18,Primary education,Elementary and other work,Services,Household,Oral agreement,60.0,Urban,Kigali city,13000.0
20,Tertiary education,"Business, management and office work",Services,Public institution,Written contract,40.0,Urban,Kigali city,100000.0
21,Primary education,Sales and services,Services,Private business or VUP,Oral agreement,60.0,Urban,Kigali city,30000.0
25,Tertiary education,"Business, management and office work",Services,Private business or VUP,Written contract,40.0,Urban,Kigali city,200000.0
26,Tertiary education,"Business, management and office work",Services,Private business or VUP,Written contract,40.0,Urban,Kigali city,100000.0
24,Primary education,Elementary and other work,Services,Household,Oral agreement,42.0,Urban,Kigali city,30000.0
25,Primary education,Elementary and other work,Services,Household,Oral agreement,54.0,Urban,Kigali city,35000.0
18,Lower secondary education,Elementary and other work,Services,Household,Oral agreement,56.0,Urban,Kigali city,20000.0
21,Primary education,Elementary and other work,Services,Household,Oral agreement,56.0,Urban,Kigali city,40000.0
29,Tertiary education,"Business, management and office work",Services,Public institution,Written contract,48.0,Urban,Kigali city,120000.0
21,Primary education,Elementary and other work,Services,Household,Oral agreement,49.0,Urban,Kigali city,20000.0
24,Tertiary education,"Business, management and office work",Services,Private business or VUP,Oral agreement,45.0,Urban,Kigali city,182000.0
21,Lower secondary education,Elementary and other work,Services,Household,Oral agreement,64.0,Urban,Kigali city,30000.0
19,Primary education,Agriculture,Agriculture,Private business or VUP,Oral agreement,12.0,Rural,Southern Province,26000.0
22,Primary education,Elementary and other work,Services,Private business or VUP,Oral agreement,30.0,Rural,Southern Province,20000.0
27,No formal education,Agriculture,Agriculture,Private business or VUP,Oral agreement,63.0,Rural,Southern Province,15000.0
21,Primary education,Elementary and other work,Services,Private business or VUP,Oral agreement,15.0,Rural,Southern Province,26000.0
25,Primary education,Elementary and other work,Industry,Private business or VUP,Oral agreement,48.0,Rural,Southern Province,52000.0
17,Primary education,Elementary and other work,Services,Household,Oral agreement,35.0,Rural,Southern Province,7000.0
27,Upper secondary education,"Education, health and social services",Services,Public institution,Written contract,45.0,Rural,Southern Province,100000.0
27,Upper secondary education,Skilled trades and operators,Industry,Private business or VUP,Oral agreement,54.0,Rural,Southern Province,130000.0
21,Upper secondary education,Sales and services,Services,Private business or VUP,Oral agreement,65.0,Rural,Southern Province,70000.0
24,No formal education,Agriculture,Agriculture,Private business or VUP,Oral agreement,20.0,Rural,Southern Province,39000.0
21,Primary education,Agriculture,Agriculture,Private business or VUP,Written contract,36.0,Rural,Southern Province,26000.0
23,Upper secondary education,Elementary and other work,Industry,Other,Oral agreement,30.0,Rural,Southern Province,52000.0
21,Lower secondary education,Agriculture,Industry,Other,Oral agreement,30.0,Rural,Southern Province,39000.0
24,Primary education,Sales and services,Services,Private business or VUP,Oral agreement,42.0,Rural,Southern Province,26000.0
23,Primary education,Elementary and other work,Industry,Private business or VUP,Oral agreement,30.0,Rural,Southern Province,39000.0
23,Lower secondary education,Elementary and other work,Agriculture,Private business or VUP,Oral agreement,7.0,Rural,Southern Province,26000.0
29,Primary education,Agriculture,Agriculture,Private business or VUP,Oral agreement,21.0,Rural,Southern Province,31200.0
28,Primary education,Agriculture,Agriculture,Private business or VUP,Oral agreement,36.0,Rural,Southern Province,26000.0
25,Primary education,Agriculture,Agriculture,Private business or VUP,Oral agreement,24.0,Rural,Southern Province,26000.0
22,Upper secondary education,"Education, health and social services",Services,Public institution,Written contract,40.0,Rural,Southern Province,108000.0
26,Upper secondary education,Elementary and other work,Industry,Private business or VUP,Oral agreement,20.0,Rural,Southern Province,52000.0
30,Primary education,Agriculture,Agriculture,Private business or VUP,Oral agreement,36.0,Rural,Southern Province,26000.0
29,Upper secondary education,Skilled trades and operators,Services,Private business or VUP,Written contract,48.0,Urban,Southern Province,200000.0
24,Upper secondary education,Sales and services,Services,Private business or VUP,Oral agreement,60.0,Urban,Southern Province,20000.0
22,Lower secondary education,Elementary and other work,Services,Private business or VUP,Oral agreement,8.0,Rural,Southern Province,78000.0
23,Primary education,Agriculture,Agriculture,Private business or VUP,Oral agreement,36.0,Rural,Southern Province,26000.0
22,Lower secondary education,Agriculture,Agriculture,Private business or VUP,Oral agreement,36.0,Rural,Southern Province,26000.0
19,Primary education,Agriculture,Agriculture,Private business or VUP,Oral agreement,36.0,Rural,Southern Province,26000.0
25,Tertiary education,Sales and services,Services,Private business or VUP,Oral agreement,40.0,Urban,Southern Province,90000.0
23,Upper secondary education,Sales and services,Services,Private business or VUP,Oral agreement,40.0,Urban,Southern Province,50000.0
29,Primary education,Skilled trades and operators,Services,Private business or VUP,Oral agreement,72.0,Urban,Southern Province,130000.0
22,Primary education,Agriculture,Agriculture,Private business or VUP,Oral agreement,35.0,Rural,Southern Province,52000.0
26,Primary education,Elementary and other work,Industry,Private business or VUP,Oral agreement,40.0,Rural,Southern Province,78000.0
20,Lower secondary education,Elementary and other work,Industry,Private business or VUP,Oral agreement,35.0,Rural,Southern Province,78000.0
17,Primary education,Elementary and other work,Industry,Private business or VUP,Oral agreement,36.0,Rural,Southern Province,52000.0
28,Lower secondary education,Agriculture,Agriculture,Private business or VUP,Oral agreement,12.0,Rural,Southern Province,26000.0
24,Primary education,Agriculture,Agriculture,Private business or VUP,Oral agreement,12.0,Rural,Southern Province,26000.0
24,Primary education,Agriculture,Agriculture,Private business or VUP,Oral agreement,30.0,Rural,Southern Province,20800.0
20,Upper secondary education,Agriculture,Agriculture,Private business or VUP,Oral agreement,36.0,Rural,Southern Province,31200.0
20,Primary education,Agriculture,Industry,Private business or VUP,Oral agreement,35.0,Rural,Southern Province,39000.0
23,Primary education,Agriculture,Agriculture,Private business or VUP,Oral agreement,12.0,Rural,Southern Province,26000.0
18,Lower secondary education,Elementary and other work,Services,Household,Oral agreement,63.0,Rural,Southern Province,10000.0
18,Primary education,Agriculture,Agriculture,Private business or VUP,Oral agreement,30.0,Rural,Southern Province,26000.0
18,Primary education,Agriculture,Agriculture,Private business or VUP,Oral agreement,42.0,Rural,Southern Province,26000.0
22,Primary education,Agriculture,Agriculture,Private business or VUP,Oral agreement,30.0,Rural,Southern Province,26000.0
22,Primary education,Agriculture,Agriculture,Private business or VUP,Oral agreement,12.0,Rural,Southern Province,26000.0
26,Primary education,Agriculture,Agriculture,Private business or VUP,Oral agreement,42.0,Rural,Southern Province,31200.0
19,Primary education,Agriculture,Agriculture,Private business or VUP,Oral agreement,42.0,Rural,Southern Province,31200.0
17,Primary education,Agriculture,Agriculture,Private business or VUP,Oral agreement,42.0,Rural,Southern Province,31200.0
21,Upper secondary education,Sales and services,Services,Public institution,Oral agreement,40.0,Rural,Southern Province,20000.0
20,Primary education,Elementary and other work,Industry,Private business or VUP,Oral agreement,48.0,Rural,Southern Province,52000.0
24,Primary education,Agriculture,Agriculture,Private business or VUP,Oral agreement,56.0,Urban,Southern Province,20000.0
16,Primary education,Elementary and other work,Services,Household,Oral agreement,45.0,Urban,Southern Province,20000.0
22,Upper secondary education,Elementary and other work,Industry,Private business or VUP,Oral agreement,30.0,Urban,Southern Province,65000.0
25,Lower secondary education,Sales and services,Services,Private business or VUP,Oral agreement,32.0,Rural,Western Province,52000.0
20,Lower secondary education,Agriculture,Agriculture,Private business or VUP,Oral agreement,15.0,Rural,Western Province,31200.0
17,Primary education,Agriculture,Agriculture,Private business or VUP,Oral agreement,21.0,Rural,Western Province,33800.0
22,Primary education,Agriculture,Agriculture,Private business or VUP,Oral agreement,25.0,Rural,Western Province,26000.0
23,Primary education,Agriculture,Agriculture,Private business or VUP,Oral agreement,40.0,Rural,Western Province,31200.0
29,Upper secondary education,"Education, health and social services",Services,Public-private enterprise,Written contract,40.0,Rural,Western Province,123000.0
16,Lower secondary education,Agriculture,Agriculture,Private business or VUP,Oral agreement,15.0,Rural,Western Province,26000.0
21,Primary education,Agriculture,Agriculture,Private business or VUP,Oral agreement,18.0,Rural,Western Province,26000.0
18,Primary education,Elementary and other work,Services,Private business or VUP,Oral agreement,18.0,Rural,Western Province,26000.0
17,Primary education,Agriculture,Agriculture,Private business or VUP,Oral agreement,36.0,Rural,Western Province,26000.0
28,Tertiary education,"Education, health and social services",Services,Public institution,Written contract,40.0,Rural,Western Province,230000.0
24,Tertiary education,"Education, health and social services",Services,Public institution,Written contract,40.0,Rural,Western Province,210000.0
20,Lower secondary education,Elementary and other work,Industry,Private business or VUP,Oral agreement,48.0,Rural,Western Province,78000.0
23,Lower secondary education,Agriculture,Agriculture,Private business or VUP,Oral agreement,62.0,Rural,Western Province,39000.0
19,Primary education,Elementary and other work,Industry,Private business or VUP,Oral agreement,49.0,Rural,Western Province,39000.0
18,Primary education,Elementary and other work,Industry,Private business or VUP,Oral agreement,20.0,Rural,Western Province,26000.0
17,Primary education,Agriculture,Agriculture,Private business or VUP,Oral agreement,20.0,Rural,Western Province,20800.0
20,Primary education,Agriculture,Agriculture,Private business or VUP,Oral agreement,40.0,Rural,Western Province,52000.0
26,Upper secondary education,Elementary and other work,Services,Private business or VUP,Written contract,60.0,Urban,Western Province,50000.0
30,Upper secondary education,Skilled trades and operators,Industry,Private business or VUP,Oral agreement,45.0,Urban,Western Province,130000.0
26,Lower secondary education,Elementary and other work,Industry,Private business or VUP,Oral agreement,5.0,Urban,Western Province,65000.0
19,Primary education,Elementary and other work,Services,Private business or VUP,Oral agreement,18.0,Rural,Western Province,39000.0
16,Primary education,Elementary and other work,Industry,Private business or VUP,Oral agreement,36.0,Rural,Western Province,39000.0
26,Primary education,Elementary and other work,Industry,Private business or VUP,Oral agreement,44.0,Rural,Western Province,39000.0
30,Lower secondary education,Skilled trades and operators,Industry,Private business or VUP,Oral agreement,50.0,Rural,Western Province,78000.0
17,Primary education,Elementary and other work,Services,Private business or VUP,Oral agreement,36.0,Rural,Western Province,52000.0
16,Primary education,Elementary and other work,Industry,Private business or VUP,Oral agreement,35.0,Rural,Western Province,52000.0
20,Primary education,Elementary and other work,Services,Household,Oral agreement,49.0,Urban,Western Province,15000.0
28,Primary education,Elementary and other work,Industry,Private business or VUP,Oral agreement,48.0,Urban,Western Province,65000.0
28,Primary education,Elementary and other work,Industry,Private business or VUP,Oral agreement,40.0,Urban,Western Province,65000.0
22,Lower secondary education,"Education, health and social services",Services,Private business or VUP,Written contract,40.0,Urban,Western Province,86666.664
30,Upper secondary education,Agriculture,Agriculture,Private business or VUP,Oral agreement,40.0,Urban,Western Province,39000.0
23,Upper secondary education,Agriculture,Agriculture,Private business or VUP,Oral agreement,40.0,Urban,Western Province,39000.0
19,Upper secondary education,Agriculture,Agriculture,Private business or VUP,Oral agreement,40.0,Rural,Western Province,52000.0
19,Primary education,Agriculture,Agriculture,Private business or VUP,Oral agreement,16.0,Rural,Western Province,26000.0
29,Lower secondary education,Agriculture,Agriculture,Private business or VUP,Oral agreement,35.0,Rural,Western Province,26000.0
16,Primary education,Agriculture,Agriculture,Private business or VUP,Oral agreement,35.0,Rural,Western Province,26000.0
20,Lower secondary education,Agriculture,Agriculture,Private business or VUP,Oral agreement,36.0,Rural,Western Province,39000.0
24,Upper secondary education,Sales and services,Services,Private business or VUP,Oral agreement,30.0,Urban,Western Province,15000.0
30,Primary education,Agriculture,Agriculture,Private business or VUP,Oral agreement,16.0,Urban,Western Province,26000.0
19,Upper secondary education,Skilled trades and operators,Industry,Private business or VUP,Oral agreement,10.0,Rural,Western Province,78000.0
24,Primary education,Elementary and other work,Services,Private business or VUP,Oral agreement,54.0,Rural,Western Province,31200.0
29,Primary education,Agriculture,Agriculture,Private business or VUP,Oral agreement,6.0,Rural,Western Province,31200.0
30,Primary education,Agriculture,Agriculture,Private business or VUP,Oral agreement,16.0,Rural,Western Province,26000.0
30,Primary education,Agriculture,Industry,Other,Oral agreement,2.0,Rural,Western Province,15000.0
17,Primary education,Agriculture,Agriculture,Private business or VUP,Oral agreement,48.0,Rural,Western Province,30333.334
24,Primary education,Skilled trades and operators,Industry,Private business or VUP,Oral agreement,22.0,Rural,Western Province,8666.667
29,Primary education,Sales and services,Services,Private business or VUP,Oral agreement,40.0,Urban,Western Province,80000.0
17,Lower secondary education,Elementary and other work,Services,Household,Oral agreement,48.0,Rural,Western Province,10000.0
25,Tertiary education,Sales and services,Services,Private business or VUP,Written contract,36.0,Urban,Western Province,100000.0
25,Tertiary education,Sales and services,Services,Private business or VUP,Written contract,36.0,Urban,Western Province,100000.0
20,Upper secondary education,Sales and services,Services,Private business or VUP,Written contract,36.0,Urban,Western Province,150000.0
24,Primary education,Elementary and other work,Services,Private business or VUP,Oral agreement,15.0,Rural,Western Province,39000.0
27,Lower secondary education,Agriculture,Agriculture,Private business or VUP,Oral agreement,10.0,Rural,Western Province,20800.0
24,Primary education,Elementary and other work,Industry,Private business or VUP,Oral agreement,50.0,Rural,Western Province,52000.0
29,Primary education,Agriculture,Agriculture,Private business or VUP,Oral agreement,27.0,Rural,Western Province,39000.0
18,Primary education,Skilled trades and operators,Industry,Private business or VUP,Written contract,50.0,Rural,Northern Province,70000.0
24,Primary education,Elementary and other work,Industry,Private business or VUP,Oral agreement,48.0,Rural,Northern Province,65000.0
20,Primary education,Agriculture,Agriculture,Private business or VUP,Oral agreement,21.0,Rural,Northern Province,18200.0
29,Primary education,Agriculture,Agriculture,Private business or VUP,Oral agreement,12.0,Rural,Northern Province,18200.0
22,Lower secondary education,Agriculture,Agriculture,Private business or VUP,Oral agreement,12.0,Rural,Northern Province,18200.0
18,Lower secondary education,Agriculture,Agriculture,Private business or VUP,Oral agreement,12.0,Rural,Northern Province,18200.0
18,Primary education,Agriculture,Agriculture,Private business or VUP,Oral agreement,15.0,Rural,Northern Province,26000.0
16,Primary education,Agriculture,Agriculture,Private business or VUP,Oral agreement,36.0,Rural,Northern Province,26000.0
17,Primary education,Agriculture,Agriculture,Private business or VUP,Oral agreement,6.0,Rural,Northern Province,18200.0
18,Primary education,Agriculture,Agriculture,Private business or VUP,Oral agreement,15.0,Rural,Northern Province,39000.0
27,Upper secondary education,Agriculture,Agriculture,Private business or VUP,Oral agreement,25.0,Rural,Northern Province,26000.0
23,Primary education,Agriculture,Agriculture,Private business or VUP,Oral agreement,36.0,Rural,Northern Province,18200.0
23,Primary education,Agriculture,Services,Private business or VUP,Oral agreement,32.0,Rural,Northern Province,52000.0
18,Primary education,Agriculture,Agriculture,Private business or VUP,Oral agreement,18.0,Rural,Northern Province,26000.0
25,Tertiary education,Elementary and other work,Industry,Private business or VUP,Oral agreement,9.0,Urban,Northern Province,65000.0
25,No formal education,Elementary and other work,Services,Household,Oral agreement,63.0,Urban,Northern Province,20000.0
27,Tertiary education,"Business, management and office work",Industry,Private business or VUP,Written contract,40.0,Urban,Northern Province,250000.0
21,Lower secondary education,Elementary and other work,Industry,Private business or VUP,Oral agreement,30.0,Urban,Northern Province,52000.0
26,Primary education,Elementary and other work,Services,Private business or VUP,Oral agreement,3.0,Rural,Northern Province,7800.0
23,Primary education,Elementary and other work,Industry,Private business or VUP,Oral agreement,24.0,Rural,Northern Province,65000.0
16,Lower secondary education,Elementary and other work,Services,Household,Oral agreement,77.0,Rural,Northern Province,12000.0
28,Primary education,Agriculture,Agriculture,Private business or VUP,Oral agreement,18.0,Rural,Northern Province,39000.0
20,Primary education,Agriculture,Services,Public institution,Written contract,70.0,Rural,Northern Province,25000.0
22,Primary education,Agriculture,Agriculture,Private business or VUP,Oral agreement,25.0,Rural,Northern Province,26000.0
20,Primary education,Agriculture,Agriculture,Private business or VUP,Oral agreement,25.0,Rural,Northern Province,26000.0
30,Primary education,Elementary and other work,Industry,Private business or VUP,Oral agreement,20.0,Rural,Northern Province,26000.0
21,Lower secondary education,Agriculture,Agriculture,Private business or VUP,Oral agreement,18.0,Rural,Northern Province,26000.0
20,Primary education,Agriculture,Agriculture,Private business or VUP,Oral agreement,28.0,Rural,Northern Province,39000.0
17,Primary education,Agriculture,Agriculture,Private business or VUP,Oral agreement,28.0,Rural,Northern Province,39000.0
21,Lower secondary education,Skilled trades and operators,Industry,Private business or VUP,Oral agreement,49.0,Rural,Northern Province,62400.0
30,Lower secondary education,Agriculture,Agriculture,Private business or VUP,Oral agreement,12.0,Rural,Eastern Province,31200.0
26,Primary education,Elementary and other work,Industry,Private business or VUP,Oral agreement,60.0,Urban,Eastern Province,65000.0
20,Lower secondary education,Agriculture,Agriculture,Private business or VUP,Oral agreement,25.0,Rural,Eastern Province,26000.0
22,Primary education,Elementary and other work,Industry,Private business or VUP,Oral agreement,42.0,Rural,Eastern Province,65000.0
17,Primary education,Elementary and other work,Services,Private business or VUP,Oral agreement,45.0,Rural,Eastern Province,52000.0
20,Primary education,Elementary and other work,Industry,Private business or VUP,Oral agreement,24.0,Rural,Eastern Province,39000.0
19,Primary education,Elementary and other work,Industry,Private business or VUP,Oral agreement,24.0,Rural,Eastern Province,26000.0
22,Primary education,Agriculture,Agriculture,Private business or VUP,Oral agreement,30.0,Rural,Eastern Province,26000.0
18,Primary education,Elementary and other work,Services,Private business or VUP,Oral agreement,40.0,Urban,Eastern Province,15000.0
25,Tertiary education,"Business, management and office work",Services,Private business or VUP,Written contract,45.0,Urban,Eastern Province,100000.0
25,Upper secondary education,Sales and services,Services,Private business or VUP,Oral agreement,72.0,Urban,Eastern Province,25000.0
21,No formal education,Agriculture,Agriculture,Private business or VUP,Oral agreement,45.0,Urban,Eastern Province,15000.0
22,Primary education,Agriculture,Agriculture,Private business or VUP,Oral agreement,15.0,Rural,Eastern Province,20800.0
25,Primary education,Agriculture,Agriculture,Private business or VUP,Oral agreement,70.0,Rural,Eastern Province,10000.0
22,Primary education,Agriculture,Agriculture,Private business or VUP,Oral agreement,30.0,Rural,Eastern Province,15600.0
27,Primary education,Agriculture,Agriculture,Private business or VUP,Oral agreement,36.0,Rural,Eastern Province,20800.0
25,No formal education,Agriculture,Agriculture,Private business or VUP,Oral agreement,70.0,Rural,Eastern Province,20000.0
24,Tertiary education,"Business, management and office work",Services,Public institution,Written contract,40.0,Rural,Eastern Province,100000.0
20,Lower secondary education,Elementary and other work,Services,Private business or VUP,Oral agreement,46.0,Rural,Eastern Province,20000.0
24,Lower secondary education,Agriculture,Agriculture,Private business or VUP,Oral agreement,45.0,Rural,Eastern Province,52000.0
18,Pre-primary,Agriculture,Agriculture,Private business or VUP,Oral agreement,30.0,Rural,Eastern Province,39000.0
23,No formal education,Agriculture,Agriculture,Private business or VUP,Oral agreement,36.0,Rural,Eastern Province,20800.0
18,Primary education,Elementary and other work,Industry,Private business or VUP,Oral agreement,56.0,Rural,Eastern Province,31200.0
18,Primary education,Agriculture,Agriculture,Private business or VUP,Oral agreement,30.0,Rural,Eastern Province,26000.0
17,Primary education,Agriculture,Agriculture,Private business or VUP,Oral agreement,18.0,Rural,Eastern Province,26000.0
28,Upper secondary education,"Business, management and office work",Industry,Private business or VUP,Written contract,40.0,Urban,Eastern Province,85000.0
19,Primary education,"Education, health and social services",Services,Private business or VUP,Oral agreement,12.0,Urban,Eastern Province,40000.0
22,Upper secondary education,Elementary and other work,Services,Private business or VUP,Written contract,45.0,Urban,Eastern Province,50000.0
19,Upper secondary education,Elementary and other work,Industry,Private business or VUP,Oral agreement,40.0,Urban,Eastern Province,45500.0
18,Lower secondary education,Elementary and other work,Services,Household,Oral agreement,49.0,Urban,Eastern Province,20000.0
24,Upper secondary education,Skilled trades and operators,Industry,Private business or VUP,Oral agreement,56.0,Urban,Eastern Province,65000.0
22,Upper secondary education,Skilled trades and operators,Industry,Private business or VUP,Oral agreement,56.0,Urban,Eastern Province,65000.0
27,Primary education,Agriculture,Agriculture,Private business or VUP,Oral agreement,20.0,Rural,Eastern Province,20800.0
27,Primary education,Agriculture,Agriculture,Private business or VUP,Oral agreement,18.0,Rural,Eastern Province,20800.0
24,Primary education,Agriculture,Agriculture,Private business or VUP,Oral agreement,25.0,Rural,Eastern Province,26000.0
24,Primary education,Agriculture,Agriculture,Private business or VUP,Oral agreement,25.0,Rural,Eastern Province,26000.0
30,Primary education,Agriculture,Agriculture,Private business or VUP,Oral agreement,36.0,Rural,Eastern Province,26000.0
19,Primary education,Agriculture,Agriculture,Private business or VUP,Oral agreement,20.0,Rural,Eastern Province,18200.0
22,Primary education,Agriculture,Agriculture,Private business or VUP,Oral agreement,30.0,Rural,Eastern Province,18200.0
19,Lower secondary education,Agriculture,Agriculture,Private business or VUP,Oral agreement,12.0,Rural,Eastern Province,20800.0
21,Upper secondary education,Sales and services,Services,Private business or VUP,Oral agreement,66.0,Rural,Eastern Province,8666.667
22,Primary education,Elementary and other work,Industry,Private business or VUP,Oral agreement,20.0,Rural,Eastern Province,26000.0
19,Primary education,Agriculture,Agriculture,Private business or VUP,Oral agreement,30.0,Rural,Eastern Province,31200.0
22,Primary education,Agriculture,Agriculture,Private business or VUP,Oral agreement,20.0,Rural,Eastern Province,52000.0
21,Primary education,Skilled trades and operators,Industry,Private business or VUP,Oral agreement,8.0,Rural,Eastern Province,78000.0
28,Lower secondary education,Agriculture,Agriculture,Private business or VUP,Oral agreement,24.0,Rural,Eastern Province,26000.0
22,Upper secondary education,Agriculture,Agriculture,Private business or VUP,Oral agreement,30.0,Rural,Eastern Province,26000.0
25,No formal education,Agriculture,Agriculture,Private business or VUP,Oral agreement,32.0,Urban,Eastern Province,20800.0
17,Primary education,Elementary and other work,Services,Household,Oral agreement,48.0,Urban,Eastern Province,25000.0
30,Tertiary education,"Education, health and social services",Services,Public institution,Written contract,40.0,Urban,Eastern Province,170000.0
23,Primary education,Elementary and other work,Services,Household,Oral agreement,49.0,Urban,Kigali city,10000.0
22,Primary education,Elementary and other work,Services,Household,Oral agreement,60.0,Urban,Kigali city,25000.0
25,Upper secondary education,Skilled trades and operators,Industry,Private business or VUP,Oral agreement,40.0,Urban,Kigali city,50000.0
29,Primary education,Sales and services,Services,Private business or VUP,Oral agreement,20.0,Urban,Kigali city,52000.0
27,Primary education,Skilled trades and operators,Services,Private business or VUP,Oral agreement,58.0,Urban,Kigali city,130000.0
21,Primary education,Sales and services,Services,NGO or international organisation,Oral agreement,48.0,Urban,Kigali city,40000.0
29,Lower secondary education,"Business, management and office work",Services,Private business or VUP,Oral agreement,40.0,Urban,Kigali city,150000.0
28,Lower secondary education,Elementary and other work,Services,Private business or VUP,Oral agreement,45.0,Urban,Kigali city,60000.0
21,Upper secondary education,Sales and services,Services,Private business or VUP,Oral agreement,60.0,Urban,Kigali city,70000.0
20,Primary education,Elementary and other work,Services,Household,Oral agreement,40.0,Urban,Kigali city,30000.0
28,Upper secondary education,Sales and services,Services,Private business or VUP,Written contract,35.0,Urban,Kigali city,200000.0
18,Primary education,Elementary and other work,Services,Household,Oral agreement,55.0,Urban,Kigali city,15000.0
28,Upper secondary education,Elementary and other work,Services,Private business or VUP,Oral agreement,48.0,Urban,Kigali city,104000.0
18,Primary education,Elementary and other work,Services,Household,Oral agreement,48.0,Urban,Kigali city,20000.0
26,Upper secondary education,Elementary and other work,Services,Private business or VUP,Oral agreement,54.0,Urban,Kigali city,156000.0
22,Primary education,Agriculture,Agriculture,Private business or VUP,Oral agreement,6.0,Rural,Kigali city,39000.0
19,Lower secondary education,Elementary and other work,Services,Household,Oral agreement,42.0,Urban,Kigali city,15000.0
28,Upper secondary education,Sales and services,Services,Private business or VUP,Oral agreement,69.0,Urban,Kigali city,104000.0
25,Upper secondary education,Sales and services,Services,Private business or VUP,Oral agreement,38.0,Urban,Kigali city,52000.0
30,Primary education,Sales and services,Services,Private business or VUP,Oral agreement,45.0,Urban,Kigali city,50000.0
28,Lower secondary education,Sales and services,Services,Private business or VUP,Oral agreement,30.0,Urban,Kigali city,90000.0
22,Upper secondary education,Elementary and other work,Services,Private business or VUP,Oral agreement,24.0,Urban,Kigali city,78000.0
25,Upper secondary education,Sales and services,Services,Private business or VUP,Written contract,70.0,Urban,Kigali city,60000.0
25,Upper secondary education,Sales and services,Services,Private business or VUP,Written contract,70.0,Urban,Kigali city,60000.0
25,Upper secondary education,"Business, management and office work",Industry,Private business or VUP,Written contract,72.0,Urban,Kigali city,180000.0
24,Upper secondary education,Skilled trades and operators,Industry,Private business or VUP,Written contract,48.0,Urban,Kigali city,300000.0
30,Upper secondary education,"Education, health and social services",Services,Private business or VUP,Oral agreement,10.0,Urban,Kigali city,260000.0
24,Tertiary education,ICT,Industry,Private business or VUP,Written contract,45.0,Urban,Kigali city,200000.0
28,Lower secondary education,Skilled trades and operators,Industry,Private business or VUP,Oral agreement,63.0,Urban,Kigali city,40300.0
29,Lower secondary education,Elementary and other work,Services,Household,Oral agreement,70.0,Urban,Kigali city,35000.0
22,Primary education,Elementary and other work,Services,Household,Oral agreement,61.0,Urban,Kigali city,30000.0
16,Primary education,Elementary and other work,Services,Household,Oral agreement,49.0,Urban,Kigali city,20000.0
22,Primary education,Sales and services,Services,Private business or VUP,Oral agreement,70.0,Urban,Kigali city,25000.0
21,Lower secondary education,Elementary and other work,Industry,Private business or VUP,Oral agreement,18.0,Urban,Kigali city,91000.0
18,Primary education,Elementary and other work,Industry,Private business or VUP,Oral agreement,27.0,Urban,Kigali city,91000.0
29,Upper secondary education,"Education, health and social services",Services,Private business or VUP,Written contract,40.0,Urban,Kigali city,90000.0
20,Primary education,Elementary and other work,Services,Household,Oral agreement,28.0,Urban,Kigali city,20000.0
24,Primary education,Elementary and other work,Services,Household,Oral agreement,48.0,Urban,Kigali city,30000.0
20,Primary education,Skilled trades and operators,Industry,Private business or VUP,Oral agreement,45.0,Rural,Southern Province,52000.0
18,Primary education,Elementary and other work,Services,Household,Oral agreement,60.0,Rural,Southern Province,15000.0
29,Tertiary education,"Education, health and social services",Services,Public-private enterprise,Written contract,40.0,Rural,Southern Province,108000.0
24,Primary education,Agriculture,Agriculture,Private business or VUP,Oral agreement,12.0,Rural,Southern Province,31200.0
16,Primary education,Agriculture,Agriculture,Private business or VUP,Oral agreement,56.0,Rural,Southern Province,15000.0
22,Primary education,Elementary and other work,Industry,Private business or VUP,Oral agreement,24.0,Rural,Southern Province,39000.0
19,Lower secondary education,Sales and services,Services,Private business or VUP,Oral agreement,28.0,Rural,Southern Province,39000.0
30,Primary education,Agriculture,Agriculture,Private business or VUP,Oral agreement,6.0,Rural,Southern Province,33800.0
21,Lower secondary education,Agriculture,Agriculture,Private business or VUP,Oral agreement,49.0,Rural,Southern Province,31200.0
19,Primary education,Elementary and other work,Services,Household,Oral agreement,49.0,Rural,Southern Province,15000.0
19,Primary education,Agriculture,Agriculture,Private business or VUP,Oral agreement,36.0,Rural,Southern Province,31200.0
21,Lower secondary education,Agriculture,Industry,Private business or VUP,Oral agreement,66.0,Rural,Southern Province,44200.0
21,Primary education,Skilled trades and operators,Industry,Private business or VUP,Oral agreement,12.0,Rural,Southern Province,44200.0
27,Lower secondary education,Agriculture,Agriculture,Private business or VUP,Oral agreement,18.0,Rural,Southern Province,20800.0
17,Primary education,Agriculture,Agriculture,Private business or VUP,Oral agreement,30.0,Rural,Southern Province,31200.0
18,Primary education,Agriculture,Agriculture,Private business or VUP,Oral agreement,36.0,Rural,Southern Province,31200.0
29,Primary education,Elementary and other work,Industry,Private business or VUP,Oral agreement,48.0,Rural,Southern Province,39000.0
23,Lower secondary education,Elementary and other work,Services,Private business or VUP,Written contract,30.0,Rural,Southern Province,40000.0
22,Lower secondary education,Agriculture,Agriculture,Private business or VUP,Oral agreement,30.0,Rural,Southern Province,26000.0
19,Lower secondary education,Elementary and other work,Services,Household,Oral agreement,56.0,Rural,Southern Province,15000.0
21,Primary education,Elementary and other work,Services,Private business or VUP,Oral agreement,21.0,Rural,Southern Province,26000.0
22,Primary education,Elementary and other work,Services,Household,Oral agreement,48.0,Rural,Southern Province,10000.0
26,Lower secondary education,Elementary and other work,Services,Private business or VUP,Oral agreement,10.0,Rural,Southern Province,20800.0
20,Primary education,Elementary and other work,Services,Household,Oral agreement,42.0,Rural,Southern Province,15000.0
26,Primary education,Agriculture,Agriculture,Private business or VUP,Oral agreement,30.0,Rural,Southern Province,39000.0
27,Lower secondary education,Agriculture,Agriculture,Private business or VUP,Oral agreement,36.0,Rural,Southern Province,26000.0
19,Primary education,Agriculture,Services,Private business or VUP,Oral agreement,16.0,Rural,Southern Province,26000.0
17,Primary education,Agriculture,Agriculture,Private business or VUP,Oral agreement,25.0,Rural,Southern Province,31200.0
21,Lower secondary education,Agriculture,Agriculture,Private business or VUP,Oral agreement,36.0,Rural,Southern Province,26000.0
17,Lower secondary education,Agriculture,Agriculture,Private business or VUP,Oral agreement,20.0,Rural,Southern Province,18200.0
22,Primary education,Agriculture,Agriculture,Private business or VUP,Oral agreement,36.0,Rural,Southern Province,26000.0
24,Lower secondary education,Agriculture,Agriculture,Private business or VUP,Oral agreement,36.0,Rural,Southern Province,26000.0
25,Primary education,Agriculture,Agriculture,Private business or VUP,Oral agreement,36.0,Rural,Southern Province,26000.0
24,Upper secondary education,Skilled trades and operators,Industry,Private business or VUP,Oral agreement,40.0,Rural,Southern Province,182000.0
21,Primary education,Agriculture,Agriculture,Private business or VUP,Oral agreement,30.0,Rural,Southern Province,18200.0
28,Primary education,Elementary and other work,Industry,Private business or VUP,Oral agreement,25.0,Rural,Southern Province,52000.0
19,Primary education,Elementary and other work,Industry,Private business or VUP,Oral agreement,35.0,Rural,Southern Province,52000.0
18,Primary education,Elementary and other work,Industry,Private business or VUP,Oral agreement,35.0,Rural,Southern Province,39000.0
26,Primary education,Agriculture,Agriculture,Private business or VUP,Oral agreement,30.0,Rural,Southern Province,20800.0
20,Primary education,Elementary and other work,Industry,Private business or VUP,Oral agreement,27.0,Rural,Southern Province,52000.0
18,Primary education,Elementary and other work,Industry,Private business or VUP,Oral agreement,14.0,Rural,Southern Province,39000.0
18,Primary education,Elementary and other work,Services,Household,Oral agreement,42.0,Rural,Southern Province,16000.0
28,Tertiary education,Sales and services,Services,Public institution,Written contract,60.0,Rural,Southern Province,80000.0
22,Lower secondary education,Elementary and other work,Industry,Private business or VUP,Oral agreement,35.0,Rural,Southern Province,39000.0
25,Primary education,Agriculture,Agriculture,Private business or VUP,Oral agreement,42.0,Rural,Southern Province,26000.0
18,Primary education,Elementary and other work,Services,Household,Oral agreement,42.0,Urban,Southern Province,20000.0
16,Primary education,Elementary and other work,Services,Household,Oral agreement,56.0,Urban,Southern Province,15000.0
18,Primary education,Elementary and other work,Industry,Private business or VUP,Oral agreement,38.0,Urban,Southern Province,65000.0
20,Lower secondary education,Elementary and other work,Industry,Private business or VUP,Oral agreement,9.0,Urban,Southern Province,78000.0
17,Lower secondary education,Elementary and other work,Industry,Private business or VUP,Oral agreement,32.0,Rural,Southern Province,39000.0
22,Primary education,Elementary and other work,Services,Private business or VUP,Oral agreement,15.0,Rural,Southern Province,26000.0
20,Primary education,Elementary and other work,Services,Household,Oral agreement,70.0,Rural,Southern Province,23000.0
23,Primary education,Elementary and other work,Services,Private business or VUP,Oral agreement,42.0,Rural,Southern Province,65000.0
30,Primary education,Agriculture,Agriculture,Private business or VUP,Oral agreement,42.0,Rural,Southern Province,31200.0
17,Lower secondary education,Agriculture,Agriculture,Private business or VUP,Oral agreement,6.0,Rural,Southern Province,26000.0
25,Primary education,Agriculture,Agriculture,Private business or VUP,Oral agreement,30.0,Rural,Southern Province,39000.0
21,Primary education,Elementary and other work,Services,Household,Oral agreement,70.0,Urban,Southern Province,25000.0
30,Primary education,Agriculture,Agriculture,Private business or VUP,Oral agreement,15.0,Urban,Southern Province,39000.0
18,Primary education,Elementary and other work,Services,Household,Oral agreement,63.0,Urban,Southern Province,15000.0
27,Primary education,Elementary and other work,Services,Household,Oral agreement,70.0,Urban,Southern Province,12000.0
29,Upper secondary education,Agriculture,Agriculture,Private business or VUP,Oral agreement,12.0,Rural,Western Province,20800.0
26,Lower secondary education,Agriculture,Agriculture,Private business or VUP,Oral agreement,30.0,Rural,Western Province,20800.0
16,Lower secondary education,Agriculture,Agriculture,Private business or VUP,Oral agreement,25.0,Rural,Western Province,20800.0
27,Lower secondary education,Agriculture,Agriculture,Private business or VUP,Oral agreement,32.0,Rural,Western Province,26000.0
18,Primary education,Agriculture,Agriculture,Private business or VUP,Oral agreement,30.0,Rural,Western Province,26000.0
21,Primary education,Elementary and other work,Services,Private business or VUP,Oral agreement,24.0,Urban,Western Province,26000.0
18,Primary education,Elementary and other work,Services,Private business or VUP,Oral agreement,24.0,Urban,Western Province,26000.0
23,Primary education,Agriculture,Agriculture,Private business or VUP,Oral agreement,30.0,Urban,Western Province,26000.0
17,Primary education,Elementary and other work,Services,Private business or VUP,Oral agreement,42.0,Rural,Western Province,26000.0
20,Primary education,Agriculture,Agriculture,Private business or VUP,Oral agreement,20.0,Rural,Western Province,26000.0
20,Primary education,Agriculture,Agriculture,Private business or VUP,Oral agreement,36.0,Rural,Western Province,44200.0
17,Primary education,Elementary and other work,Services,Private business or VUP,Oral agreement,39.0,Rural,Western Province,26000.0
27,Upper secondary education,Elementary and other work,Industry,Private business or VUP,Oral agreement,30.0,Rural,Western Province,52000.0
24,Primary education,Agriculture,Agriculture,Private business or VUP,Oral agreement,42.0,Rural,Western Province,52000.0
16,Primary education,Elementary and other work,Services,Private business or VUP,Oral agreement,40.0,Rural,Western Province,39000.0
20,Primary education,Elementary and other work,Industry,Private business or VUP,Oral agreement,54.0,Rural,Western Province,43333.332
24,Primary education,Elementary and other work,Industry,Private business or VUP,Oral agreement,40.0,Rural,Western Province,39000.0
18,Primary education,Elementary and other work,Industry,Private business or VUP,Oral agreement,36.0,Rural,Western Province,39000.0
28,Primary education,Agriculture,Agriculture,Private business or VUP,Oral agreement,24.0,Urban,Western Province,39000.0
20,Primary education,Elementary and other work,Industry,Private business or VUP,Oral agreement,27.0,Rural,Western Province,65000.0
20,Primary education,Elementary and other work,Industry,Private business or VUP,Oral agreement,40.0,Rural,Western Province,39000.0
23,Primary education,Elementary and other work,Industry,Private business or VUP,Oral agreement,27.0,Rural,Western Province,52000.0
22,Lower secondary education,Elementary and other work,Industry,Private business or VUP,Oral agreement,36.0,Rural,Western Province,52000.0
23,Lower secondary education,Elementary and other work,Industry,Private business or VUP,Oral agreement,54.0,Urban,Western Province,65000.0
16,Primary education,Agriculture,Services,Private business or VUP,Oral agreement,16.0,Rural,Western Province,39000.0
25,Primary education,Elementary and other work,Industry,Private business or VUP,Oral agreement,33.0,Rural,Western Province,52000.0
19,Primary education,Agriculture,Agriculture,Private business or VUP,Oral agreement,28.0,Rural,Western Province,39000.0
23,Upper secondary education,Agriculture,Agriculture,Private business or VUP,Oral agreement,15.0,Rural,Western Province,39000.0
28,Upper secondary education,Agriculture,Services,Private business or VUP,Oral agreement,35.0,Rural,Western Province,20000.0
24,Lower secondary education,Agriculture,Agriculture,Private business or VUP,Oral agreement,40.0,Rural,Western Province,52000.0
22,Primary education,Elementary and other work,Services,Private business or VUP,Oral agreement,24.0,Urban,Western Province,52000.0
28,Upper secondary education,Agriculture,Agriculture,Private business or VUP,Oral agreement,51.0,Urban,Western Province,26000.0
26,Primary education,Elementary and other work,Services,Private business or VUP,Oral agreement,15.0,Urban,Western Province,39000.0
17,Primary education,Sales and services,Services,Private business or VUP,Oral agreement,8.0,Urban,Western Province,20800.0
19,Primary education,Elementary and other work,Services,Private business or VUP,Oral agreement,20.0,Rural,Western Province,39000.0
24,Primary education,Elementary and other work,Industry,Private business or VUP,Oral agreement,45.0,Rural,Western Province,65000.0
30,Tertiary education,"Education, health and social services",Services,Public institution,Written contract,45.0,Rural,Western Province,111000.0
26,Upper secondary education,"Education, health and social services",Services,Public institution,Written contract,45.0,Rural,Western Province,111000.0
24,Lower secondary education,Elementary and other work,Industry,Private business or VUP,Oral agreement,40.0,Rural,Western Province,86666.664
28,Lower secondary education,Agriculture,Agriculture,Private business or VUP,Oral agreement,18.0,Rural,Western Province,26000.0
22,Upper secondary education,Agriculture,Agriculture,Private business or VUP,Oral agreement,6.0,Rural,Western Province,31200.0
17,Primary education,Agriculture,Agriculture,Private business or VUP,Oral agreement,21.0,Rural,Western Province,12000.0
19,Lower secondary education,Skilled trades and operators,Services,Private business or VUP,Oral agreement,21.0,Rural,Western Province,78000.0
24,Lower secondary education,Agriculture,Agriculture,Private business or VUP,Oral agreement,25.0,Urban,Western Province,26000.0
21,Primary education,Elementary and other work,Industry,Private business or VUP,Oral agreement,32.0,Urban,Western Province,52000.0
23,Primary education,Agriculture,Industry,Cooperative,Oral agreement,60.0,Rural,Western Province,39000.0
24,Primary education,Agriculture,Agriculture,Private business or VUP,Oral agreement,15.0,Rural,Western Province,26000.0
24,Upper secondary education,Agriculture,Agriculture,Private business or VUP,Oral agreement,36.0,Rural,Western Province,36400.0
17,Primary education,Agriculture,Agriculture,Private business or VUP,Oral agreement,18.0,Rural,Northern Province,26000.0
30,Primary education,Agriculture,Agriculture,Private business or VUP,Oral agreement,18.0,Rural,Northern Province,26000.0
18,Lower secondary education,Agriculture,Agriculture,Private business or VUP,Oral agreement,30.0,Rural,Northern Province,26000.0
28,Primary education,Agriculture,Agriculture,Private business or VUP,Written contract,35.0,Rural,Northern Province,20800.0
24,Upper secondary education,Elementary and other work,Industry,Private business or VUP,Oral agreement,35.0,Rural,Northern Province,39000.0
20,Primary education,Elementary and other work,Industry,Private business or VUP,Oral agreement,40.0,Rural,Northern Province,78000.0
23,Primary education,Elementary and other work,Services,Private business or VUP,Written contract,25.0,Rural,Northern Province,15000.0
16,Lower secondary education,Elementary and other work,Services,Household,Oral agreement,70.0,Rural,Northern Province,15000.0
21,Primary education,Elementary and other work,Industry,Private business or VUP,Oral agreement,35.0,Rural,Northern Province,39000.0
30,Upper secondary education,"Business, management and office work",Industry,Private business or VUP,Oral agreement,48.0,Rural,Northern Province,30000.0
26,Tertiary education,"Education, health and social services",Services,Public institution,Written contract,40.0,Urban,Northern Province,104000.0
18,Lower secondary education,Elementary and other work,Services,Household,Oral agreement,70.0,Urban,Northern Province,15000.0
22,Lower secondary education,Elementary and other work,Services,Household,Oral agreement,45.0,Urban,Northern Province,15000.0
20,Lower secondary education,Elementary and other work,Services,Household,Oral agreement,40.0,Urban,Northern Province,15000.0
28,Upper secondary education,Elementary and other work,Services,Public institution,Written contract,42.0,Rural,Northern Province,20000.0
25,Primary education,Agriculture,Agriculture,Private business or VUP,Oral agreement,20.0,Rural,Northern Province,39000.0
29,Primary education,Agriculture,Agriculture,Private business or VUP,Oral agreement,5.0,Rural,Northern Province,52000.0
30,Primary education,Sales and services,Services,Private business or VUP,Oral agreement,70.0,Rural,Northern Province,20000.0
18,Lower secondary education,Agriculture,Agriculture,Private business or VUP,Oral agreement,36.0,Rural,Northern Province,39000.0
23,Primary education,Agriculture,Agriculture,Private business or VUP,Oral agreement,24.0,Rural,Northern Province,26000.0
24,Upper secondary education,Agriculture,Agriculture,Private business or VUP,Oral agreement,45.0,Rural,Northern Province,31200.0
21,Tertiary education,"Education, health and social services",Services,Public-private enterprise,Written contract,40.0,Rural,Northern Province,109000.0
19,Primary education,Elementary and other work,Services,Private business or VUP,Oral agreement,54.0,Urban,Northern Province,26000.0
21,Primary education,Agriculture,Agriculture,Private business or VUP,Oral agreement,30.0,Urban,Northern Province,39000.0
16,Primary education,Elementary and other work,Services,Private business or VUP,Oral agreement,12.0,Urban,Northern Province,13000.0
19,Primary education,Agriculture,Agriculture,Private business or VUP,Oral agreement,7.0,Urban,Northern Province,26000.0
27,Lower secondary education,Elementary and other work,Industry,Private business or VUP,Oral agreement,48.0,Urban,Northern Province,65000.0
20,Upper secondary education,"Education, health and social services",Services,Private business or VUP,Oral agreement,7.0,Urban,Northern Province,20000.0
30,Primary education,Skilled trades and operators,Industry,Private business or VUP,Oral agreement,60.0,Urban,Northern Province,70000.0
25,Upper secondary education,ICT,Services,Private business or VUP,Oral agreement,60.0,Urban,Northern Province,40000.0
30,Primary education,Agriculture,Agriculture,Private business or VUP,Oral agreement,42.0,Rural,Northern Province,39000.0
28,Primary education,Agriculture,Agriculture,Private business or VUP,Oral agreement,42.0,Rural,Northern Province,39000.0
17,Primary education,Agriculture,Agriculture,Private business or VUP,Oral agreement,35.0,Rural,Northern Province,52000.0
16,Primary education,Agriculture,Agriculture,Private business or VUP,Oral agreement,42.0,Rural,Northern Province,52000.0
27,Lower secondary education,Agriculture,Agriculture,Private business or VUP,Oral agreement,54.0,Rural,Northern Province,39000.0
23,Primary education,Agriculture,Agriculture,Private business or VUP,Oral agreement,36.0,Rural,Northern Province,39000.0
21,Primary education,Agriculture,Agriculture,Private business or VUP,Oral agreement,20.0,Rural,Northern Province,26000.0
30,Primary education,Skilled trades and operators,Industry,Private business or VUP,Oral agreement,27.0,Urban,Northern Province,130000.0
25,Upper secondary education,"Education, health and social services",Services,Public institution,Written contract,30.0,Urban,Northern Province,15000.0
18,Primary education,Agriculture,Agriculture,Private business or VUP,Oral agreement,16.0,Urban,Northern Province,39000.0
19,Primary education,Agriculture,Agriculture,Private business or VUP,Oral agreement,12.0,Rural,Northern Province,20800.0
29,Primary education,Elementary and other work,Industry,Private business or VUP,Oral agreement,18.0,Rural,Northern Province,39000.0
16,Lower secondary education,Elementary and other work,Industry,Private business or VUP,Oral agreement,60.0,Rural,Northern Province,65000.0
23,Lower secondary education,Elementary and other work,Industry,Private business or VUP,Oral agreement,30.0,Rural,Northern Province,34666.668
25,Primary education,Agriculture,Agriculture,Private business or VUP,Oral agreement,42.0,Rural,Northern Province,26000.0
23,Primary education,Agriculture,Agriculture,Private business or VUP,Oral agreement,36.0,Rural,Northern Province,26000.0
26,Primary education,Agriculture,Agriculture,Private business or VUP,Oral agreement,18.0,Rural,Northern Province,26000.0
27,Lower secondary education,Agriculture,Agriculture,Private business or VUP,Oral agreement,30.0,Rural,Northern Province,26000.0
18,Primary education,Elementary and other work,Services,Household,Oral agreement,56.0,Rural,Eastern Province,15000.0
24,Primary education,Sales and services,Services,Private business or VUP,Oral agreement,40.0,Rural,Eastern Province,86666.664
25,No formal education,Elementary and other work,Services,Household,Oral agreement,70.0,Urban,Eastern Province,30000.0
24,Upper secondary education,ICT,Services,Public institution,Written contract,70.0,Urban,Eastern Province,65000.0
24,Upper secondary education,"Education, health and social services",Services,Public institution,Written contract,40.0,Urban,Eastern Province,85000.0
20,Lower secondary education,Skilled trades and operators,Industry,Private business or VUP,Written contract,45.0,Urban,Eastern Province,60000.0
18,Primary education,Elementary and other work,Industry,Private business or VUP,Oral agreement,54.0,Rural,Eastern Province,78000.0
24,Primary education,Agriculture,Agriculture,Private business or VUP,Oral agreement,6.0,Rural,Eastern Province,31200.0
21,Primary education,Agriculture,Agriculture,Private business or VUP,Oral agreement,6.0,Rural,Eastern Province,31200.0
30,Primary education,Elementary and other work,Services,Household,Oral agreement,56.0,Urban,Eastern Province,30000.0
26,Upper secondary education,Sales and services,Services,Private business or VUP,Oral agreement,48.0,Urban,Eastern Province,52000.0
22,Primary education,Elementary and other work,Services,Household,Oral agreement,64.0,Urban,Eastern Province,15000.0
16,Primary education,Agriculture,Agriculture,Private business or VUP,Oral agreement,35.0,Rural,Eastern Province,13000.0
29,Lower secondary education,Agriculture,Agriculture,Private business or VUP,Oral agreement,43.0,Rural,Eastern Province,31200.0
22,Primary education,Agriculture,Agriculture,Private business or VUP,Oral agreement,36.0,Rural,Eastern Province,31200.0
25,Lower secondary education,Agriculture,Agriculture,Private business or VUP,Oral agreement,50.0,Rural,Eastern Province,26000.0
20,Primary education,Agriculture,Agriculture,Private business or VUP,Oral agreement,56.0,Rural,Eastern Province,20800.0
20,Primary education,Agriculture,Agriculture,Private business or VUP,Oral agreement,36.0,Urban,Eastern Province,18200.0
22,Primary education,Agriculture,Agriculture,Private business or VUP,Oral agreement,4.0,Urban,Eastern Province,18200.0
16,Primary education,Elementary and other work,Services,Household,Oral agreement,20.0,Rural,Eastern Province,10000.0
18,Lower secondary education,Agriculture,Agriculture,Private business or VUP,Oral agreement,6.0,Rural,Eastern Province,18200.0
22,Primary education,Elementary and other work,Industry,Private business or VUP,Oral agreement,60.0,Rural,Eastern Province,52000.0
19,Primary education,Agriculture,Agriculture,Private business or VUP,Oral agreement,6.0,Rural,Eastern Province,15600.0
23,Lower secondary education,Elementary and other work,Services,Household,Oral agreement,6.0,Rural,Eastern Province,15000.0
16,Primary education,Elementary and other work,Services,Private business or VUP,Oral agreement,35.0,Rural,Eastern Province,26000.0
30,Primary education,Skilled trades and operators,Industry,Private business or VUP,Oral agreement,40.0,Rural,Eastern Province,104000.0
16,Primary education,Elementary and other work,Services,Household,Oral agreement,50.0,Rural,Eastern Province,15000.0
17,Lower secondary education,Elementary and other work,Industry,Private business or VUP,Oral agreement,2.0,Rural,Eastern Province,13000.0
20,Primary education,Agriculture,Agriculture,Private business or VUP,Oral agreement,30.0,Rural,Eastern Province,31200.0
17,Primary education,Elementary and other work,Services,Household,Oral agreement,45.0,Rural,Eastern Province,20000.0
16,Primary education,Elementary and other work,Industry,Private business or VUP,Oral agreement,32.0,Rural,Eastern Province,39000.0
22,Primary education,Agriculture,Agriculture,Private business or VUP,Oral agreement,15.0,Rural,Eastern Province,26000.0
29,Upper secondary education,ICT,Services,Public institution,Written contract,84.0,Urban,Eastern Province,70000.0
18,Primary education,Elementary and other work,Services,Household,Oral agreement,56.0,Urban,Eastern Province,20000.0
23,Primary education,Elementary and other work,Services,Private business or VUP,Oral agreement,60.0,Urban,Eastern Province,60000.0
21,Primary education,Agriculture,Agriculture,Private business or VUP,Oral agreement,21.0,Rural,Eastern Province,8666.667
22,Primary education,Agriculture,Agriculture,Private business or VUP,Oral agreement,25.0,Urban,Eastern Province,26000.0
16,Primary education,Elementary and other work,Services,Household,Oral agreement,63.0,Urban,Eastern Province,15000.0
25,Primary education,Agriculture,Agriculture,Private business or VUP,Oral agreement,36.0,Urban,Eastern Province,26000.0
20,Primary education,Elementary and other work,Services,Private business or VUP,Oral agreement,40.0,Urban,Eastern Province,34666.668
24,Primary education,Elementary and other work,Industry,Private business or VUP,Oral agreement,41.0,Urban,Eastern Province,52000.0
29,Lower secondary education,Agriculture,Agriculture,Private business or VUP,Oral agreement,36.0,Urban,Eastern Province,31200.0
24,Primary education,Elementary and other work,Services,Household,Oral agreement,49.0,Urban,Kigali city,20000.0
23,Lower secondary education,Sales and services,Services,Private business or VUP,Oral agreement,60.0,Urban,Kigali city,40000.0
22,Primary education,Sales and services,Services,Private business or VUP,Oral agreement,84.0,Urban,Kigali city,40000.0
19,Primary education,Elementary and other work,Services,Household,Oral agreement,48.0,Urban,Kigali city,15000.0
26,Lower secondary education,Sales and services,Services,Private business or VUP,Oral agreement,40.0,Urban,Kigali city,130000.0
18,Lower secondary education,Sales and services,Services,Private business or VUP,Oral agreement,21.0,Urban,Kigali city,130000.0
27,Primary education,Elementary and other work,Industry,Private business or VUP,Oral agreement,54.0,Urban,Kigali city,104000.0
30,Lower secondary education,Sales and services,Services,Private business or VUP,Oral agreement,6.0,Urban,Kigali city,52000.0
24,Primary education,Sales and services,Services,Private business or VUP,Oral agreement,84.0,Urban,Kigali city,26000.0
21,Primary education,Sales and services,Services,Private business or VUP,Oral agreement,84.0,Urban,Kigali city,26000.0
26,Lower secondary education,Elementary and other work,Industry,Private business or VUP,Oral agreement,36.0,Rural,Kigali city,52000.0
27,Primary education,Elementary and other work,Industry,Private business or VUP,Oral agreement,30.0,Rural,Kigali city,39000.0
30,Lower secondary education,Elementary and other work,Industry,Private business or VUP,Oral agreement,36.0,Rural,Kigali city,17333.334
27,Primary education,Skilled trades and operators,Industry,Private business or VUP,Oral agreement,48.0,Rural,Kigali city,65000.0
20,Primary education,Elementary and other work,Industry,Private business or VUP,Oral agreement,48.0,Rural,Kigali city,91000.0
29,Upper secondary education,"Business, management and office work",Services,Private business or VUP,Written contract,60.0,Urban,Kigali city,100000.0
27,Lower secondary education,Skilled trades and operators,Services,Private business or VUP,Oral agreement,75.0,Urban,Kigali city,80000.0
30,Upper secondary education,"Education, health and social services",Services,Private business or VUP,Oral agreement,20.0,Urban,Kigali city,38000.0
28,Primary education,Agriculture,Agriculture,Private business or VUP,Oral agreement,48.0,Urban,Kigali city,52000.0
17,Primary education,Elementary and other work,Services,Private business or VUP,Oral agreement,48.0,Urban,Kigali city,39000.0
21,Primary education,Skilled trades and operators,Services,Private business or VUP,Oral agreement,60.0,Urban,Kigali city,130000.0
22,Primary education,Elementary and other work,Services,Household,Oral agreement,14.0,Urban,Kigali city,43333.332
20,Upper secondary education,Sales and services,Services,Private business or VUP,Oral agreement,18.0,Urban,Kigali city,130000.0
26,Tertiary education,"Education, health and social services",Services,Private business or VUP,Written contract,48.0,Urban,Kigali city,130000.0
27,Primary education,Skilled trades and operators,Industry,Private business or VUP,Oral agreement,30.0,Urban,Kigali city,104000.0
30,Primary education,Skilled trades and operators,Industry,Private business or VUP,Oral agreement,35.0,Urban,Kigali city,104000.0
19,Upper secondary education,Skilled trades and operators,Services,Private business or VUP,Oral agreement,45.0,Urban,Kigali city,260000.0
21,Upper secondary education,"Business, management and office work",Industry,Private business or VUP,Written contract,48.0,Urban,Kigali city,60000.0
24,Upper secondary education,"Education, health and social services",Services,Private business or VUP,Written contract,40.0,Urban,Kigali city,60000.0
20,Primary education,Elementary and other work,Services,Household,Oral agreement,35.0,Urban,Kigali city,10000.0
28,Upper secondary education,Sales and services,Services,Private business or VUP,Written contract,45.0,Urban,Kigali city,40000.0
18,Primary education,Elementary and other work,Services,Household,Oral agreement,35.0,Urban,Kigali city,15000.0
27,Upper secondary education,Elementary and other work,Services,Household,Oral agreement,42.0,Urban,Kigali city,50000.0
30,Upper secondary education,"Education, health and social services",Services,Public institution,Written contract,48.0,Urban,Kigali city,117000.0
19,Primary education,Elementary and other work,Services,Household,Oral agreement,20.0,Urban,Kigali city,20000.0
26,Primary education,Elementary and other work,Industry,Private business or VUP,Oral agreement,48.0,Rural,Kigali city,52000.0
19,Primary education,Skilled trades and operators,Industry,Private business or VUP,Oral agreement,36.0,Rural,Kigali city,39000.0
19,Primary education,Skilled trades and operators,Industry,Private business or VUP,Oral agreement,36.0,Rural,Kigali city,39000.0
16,Primary education,Skilled trades and operators,Industry,Private business or VUP,Oral agreement,36.0,Rural,Kigali city,39000.0
29,Primary education,Agriculture,Agriculture,Private business or VUP,Oral agreement,12.0,Rural,Kigali city,39000.0
22,Lower secondary education,Elementary and other work,Industry,Private business or VUP,Oral agreement,42.0,Rural,Kigali city,52000.0
21,Primary education,Elementary and other work,Services,Private business or VUP,Oral agreement,35.0,Rural,Kigali city,39000.0
30,Primary education,Elementary and other work,Industry,Private business or VUP,Oral agreement,44.0,Rural,Kigali city,78000.0
20,Primary education,Elementary and other work,Industry,Private business or VUP,Oral agreement,56.0,Rural,Kigali city,78000.0
17,Primary education,Elementary and other work,Industry,Private business or VUP,Oral agreement,42.0,Rural,Kigali city,78000.0
21,Primary education,Elementary and other work,Services,Household,Oral agreement,40.0,Rural,Kigali city,20000.0
20,Primary education,Elementary and other work,Industry,Private business or VUP,Oral agreement,48.0,Rural,Kigali city,104000.0
21,Lower secondary education,Elementary and other work,Agriculture,Private business or VUP,Oral agreement,60.0,Urban,Kigali city,39000.0
25,Upper secondary education,Sales and services,Services,Private business or VUP,Oral agreement,60.0,Urban,Kigali city,50000.0
26,Primary education,Elementary and other work,Industry,Private business or VUP,Oral agreement,30.0,Urban,Kigali city,52000.0
27,Lower secondary education,Elementary and other work,Industry,Private business or VUP,Oral agreement,18.0,Urban,Kigali city,104000.0
24,Primary education,Elementary and other work,Services,Private business or VUP,Oral agreement,48.0,Urban,Kigali city,39000.0
19,Upper secondary education,Sales and services,Services,Private business or VUP,Oral agreement,39.0,Urban,Kigali city,39000.0
25,Primary education,Elementary and other work,Services,NGO or international organisation,Oral agreement,45.0,Urban,Kigali city,40000.0
19,Upper secondary education,"Education, health and social services",Services,NGO or international organisation,Written contract,40.0,Urban,Kigali city,50000.0
27,Tertiary education,"Education, health and social services",Services,Private business or VUP,Written contract,45.0,Urban,Kigali city,190000.0
20,Primary education,Elementary and other work,Services,Household,Written contract,28.0,Urban,Kigali city,30000.0
19,Primary education,Elementary and other work,Services,Household,Oral agreement,40.0,Urban,Kigali city,20000.0
20,Lower secondary education,Elementary and other work,Services,Household,Oral agreement,35.0,Urban,Kigali city,25000.0
23,Upper secondary education,Elementary and other work,Services,Household,Oral agreement,63.0,Urban,Kigali city,80000.0
18,Primary education,Sales and services,Services,Private business or VUP,Oral agreement,56.0,Urban,Kigali city,30000.0
23,Primary education,Elementary and other work,Services,Private business or VUP,Written contract,48.0,Urban,Kigali city,50000.0
27,Primary education,Elementary and other work,Services,Household,Oral agreement,21.0,Urban,Kigali city,20000.0
27,Primary education,Elementary and other work,Services,Household,Oral agreement,16.0,Urban,Kigali city,30000.0
18,Primary education,Elementary and other work,Services,Household,Oral agreement,56.0,Urban,Kigali city,30000.0
26,Upper secondary education,Sales and services,Services,Private business or VUP,Oral agreement,50.0,Urban,Kigali city,76000.0
17,Lower secondary education,Elementary and other work,Services,Household,Oral agreement,28.0,Urban,Kigali city,20000.0
21,Lower secondary education,Elementary and other work,Services,Household,Oral agreement,63.0,Urban,Kigali city,25000.0
21,Primary education,Elementary and other work,Services,Household,Oral agreement,42.0,Urban,Kigali city,30000.0
27,Upper secondary education,Skilled trades and operators,Services,Private business or VUP,Written contract,40.0,Urban,Kigali city,150000.0
26,Tertiary education,"Education, health and social services",Services,Public institution,Oral agreement,40.0,Urban,Kigali city,350000.0
20,Primary education,Elementary and other work,Services,Household,Oral agreement,56.0,Urban,Kigali city,20000.0
17,Primary education,Elementary and other work,Services,Household,Oral agreement,45.0,Urban,Kigali city,20000.0
22,Upper secondary education,Elementary and other work,Services,Household,Oral agreement,35.0,Urban,Kigali city,15000.0
19,Primary education,Elementary and other work,Services,Household,Oral agreement,65.0,Urban,Kigali city,20000.0
25,Upper secondary education,Sales and services,Services,Private business or VUP,Oral agreement,66.0,Urban,Kigali city,40000.0
20,Upper secondary education,Sales and services,Services,Private business or VUP,Oral agreement,66.0,Urban,Kigali city,40000.0
23,Upper secondary education,Sales and services,Services,Private business or VUP,Oral agreement,53.0,Urban,Kigali city,130000.0
21,Lower secondary education,Sales and services,Services,Private business or VUP,Oral agreement,70.0,Urban,Kigali city,60000.0
22,Lower secondary education,Elementary and other work,Services,Household,Oral agreement,65.0,Urban,Kigali city,15000.0
20,Primary education,Elementary and other work,Services,Household,Oral agreement,35.0,Urban,Kigali city,15000.0
23,Lower secondary education,Sales and services,Services,Private business or VUP,Oral agreement,45.0,Urban,Kigali city,60000.0
27,Primary education,Agriculture,Agriculture,Private business or VUP,Oral agreement,30.0,Rural,Southern Province,26000.0
21,Primary education,Agriculture,Agriculture,Private business or VUP,Oral agreement,15.0,Rural,Southern Province,20800.0
25,Primary education,Agriculture,Agriculture,Private business or VUP,Oral agreement,18.0,Rural,Southern Province,31200.0
26,Primary education,Elementary and other work,Industry,Private business or VUP,Oral agreement,70.0,Rural,Southern Province,29900.0
24,Primary education,Agriculture,Agriculture,Private business or VUP,Oral agreement,30.0,Rural,Southern Province,26000.0
22,Primary education,Agriculture,Agriculture,Private business or VUP,Oral agreement,3.0,Rural,Southern Province,26000.0
26,Primary education,Agriculture,Agriculture,Private business or VUP,Oral agreement,36.0,Rural,Southern Province,20800.0
25,Primary education,Agriculture,Agriculture,Private business or VUP,Oral agreement,42.0,Rural,Southern Province,39000.0
20,Lower secondary education,Agriculture,Agriculture,Private business or VUP,Oral agreement,24.0,Rural,Southern Province,52000.0
26,Primary education,Agriculture,Agriculture,Private business or VUP,Oral agreement,48.0,Rural,Southern Province,26000.0
28,Primary education,Agriculture,Agriculture,Private business or VUP,Oral agreement,25.0,Rural,Southern Province,26000.0
18,Lower secondary education,Sales and services,Services,Private business or VUP,Oral agreement,56.0,Rural,Southern Province,15000.0
20,Upper secondary education,"Business, management and office work",Services,Public institution,Oral agreement,35.0,Rural,Southern Province,100000.0
28,Upper secondary education,Sales and services,Services,Private business or VUP,Oral agreement,56.0,Rural,Southern Province,50000.0
17,Primary education,Elementary and other work,Services,Household,Oral agreement,60.0,Rural,Southern Province,20000.0
29,Primary education,Agriculture,Agriculture,Private business or VUP,Oral agreement,15.0,Rural,Southern Province,26000.0
22,Primary education,Agriculture,Agriculture,Private business or VUP,Oral agreement,25.0,Rural,Southern Province,26000.0
30,Primary education,Elementary and other work,Industry,Private business or VUP,Oral agreement,27.0,Rural,Southern Province,78000.0
28,Primary education,Agriculture,Agriculture,Private business or VUP,Oral agreement,15.0,Rural,Southern Province,31200.0
20,Primary education,Agriculture,Agriculture,Private business or VUP,Oral agreement,40.0,Rural,Southern Province,39000.0
21,No formal education,Elementary and other work,Services,Private business or VUP,Oral agreement,35.0,Rural,Southern Province,52000.0
30,Primary education,Agriculture,Agriculture,Private business or VUP,Oral agreement,30.0,Rural,Southern Province,31200.0
26,Upper secondary education,Skilled trades and operators,Industry,Private business or VUP,Oral agreement,27.0,Rural,Southern Province,52000.0
20,Primary education,Agriculture,Agriculture,Private business or VUP,Oral agreement,24.0,Rural,Southern Province,31200.0
20,Lower secondary education,Agriculture,Agriculture,Private business or VUP,Oral agreement,60.0,Rural,Southern Province,31200.0
17,Primary education,Elementary and other work,Services,Private business or VUP,Oral agreement,12.0,Rural,Southern Province,15600.0
25,Primary education,"Education, health and social services",Services,Private business or VUP,Oral agreement,10.0,Rural,Southern Province,15000.0
30,Primary education,Agriculture,Agriculture,Private business or VUP,Oral agreement,24.0,Rural,Southern Province,31200.0
28,Lower secondary education,Elementary and other work,Industry,Private business or VUP,Oral agreement,35.0,Rural,Southern Province,52000.0
24,Primary education,Elementary and other work,Services,Household,Oral agreement,40.0,Rural,Southern Province,9000.0
18,Primary education,Elementary and other work,Services,Household,Oral agreement,35.0,Rural,Southern Province,10000.0
20,Upper secondary education,ICT,Services,Private business or VUP,Written contract,84.0,Urban,Southern Province,100000.0
18,Primary education,Sales and services,Services,Private business or VUP,Oral agreement,42.0,Urban,Southern Province,20000.0
17,Lower secondary education,Elementary and other work,Services,Household,Oral agreement,42.0,Urban,Southern Province,15000.0
27,Primary education,Agriculture,Agriculture,Private business or VUP,Oral agreement,30.0,Rural,Southern Province,26000.0
23,Lower secondary education,Agriculture,Industry,Private business or VUP,Oral agreement,30.0,Rural,Southern Province,26000.0
27,Primary education,Agriculture,Agriculture,Private business or VUP,Oral agreement,35.0,Rural,Southern Province,20800.0
28,No formal education,Elementary and other work,Services,Household,Oral agreement,56.0,Urban,Southern Province,10000.0
17,Primary education,Elementary and other work,Services,Household,Oral agreement,56.0,Urban,Southern Province,15000.0
19,Lower secondary education,Elementary and other work,Services,Household,Oral agreement,35.0,Urban,Southern Province,15000.0
25,Primary education,Agriculture,Agriculture,Private business or VUP,Oral agreement,36.0,Rural,Southern Province,26000.0
24,Primary education,Agriculture,Agriculture,Private business or VUP,Oral agreement,36.0,Rural,Southern Province,26000.0
21,Primary education,Agriculture,Agriculture,Private business or VUP,Oral agreement,36.0,Rural,Southern Province,26000.0
24,Primary education,Agriculture,Agriculture,Private business or VUP,Oral agreement,36.0,Rural,Southern Province,26000.0
22,Primary education,Agriculture,Agriculture,Private business or VUP,Oral agreement,36.0,Rural,Southern Province,26000.0
18,Primary education,Agriculture,Agriculture,Private business or VUP,Oral agreement,36.0,Rural,Southern Province,26000.0
17,Primary education,Sales and services,Agriculture,Private business or VUP,Oral agreement,6.0,Rural,Southern Province,20800.0
22,Primary education,Agriculture,Agriculture,Private business or VUP,Oral agreement,30.0,Rural,Southern Province,26000.0
19,Primary education,Agriculture,Agriculture,Private business or VUP,Oral agreement,30.0,Rural,Southern Province,26000.0
24,Primary education,Agriculture,Agriculture,Private business or VUP,Oral agreement,30.0,Rural,Southern Province,26000.0
23,Primary education,Agriculture,Agriculture,Private business or VUP,Oral agreement,6.0,Rural,Southern Province,26000.0
21,Primary education,Agriculture,Agriculture,Private business or VUP,Oral agreement,36.0,Rural,Southern Province,26000.0
30,Primary education,Agriculture,Agriculture,Private business or VUP,Oral agreement,36.0,Rural,Southern Province,26000.0
22,Primary education,Elementary and other work,Services,Household,Oral agreement,60.0,Rural,Southern Province,15000.0
30,No formal education,Agriculture,Agriculture,Private business or VUP,Oral agreement,36.0,Rural,Southern Province,26000.0
22,Primary education,Agriculture,Agriculture,Private business or VUP,Oral agreement,36.0,Rural,Southern Province,31200.0
29,Primary education,Agriculture,Agriculture,Private business or VUP,Oral agreement,36.0,Rural,Southern Province,26000.0
28,Primary education,Agriculture,Agriculture,Private business or VUP,Oral agreement,36.0,Rural,Southern Province,26000.0
27,Lower secondary education,Elementary and other work,Industry,Other,Oral agreement,25.0,Rural,Southern Province,15000.0
30,Primary education,Agriculture,Agriculture,Private business or VUP,Oral agreement,30.0,Rural,Southern Province,26000.0
30,No formal education,Elementary and other work,Industry,Private business or VUP,Oral agreement,30.0,Rural,Southern Province,78000.0
24,Lower secondary education,Skilled trades and operators,Industry,Private business or VUP,Oral agreement,36.0,Rural,Southern Province,26000.0
30,Primary education,Elementary and other work,Industry,Private business or VUP,Oral agreement,27.0,Rural,Southern Province,52000.0
26,Primary education,Agriculture,Agriculture,Private business or VUP,Oral agreement,30.0,Rural,Southern Province,39000.0
20,Lower secondary education,Agriculture,Agriculture,Private business or VUP,Oral agreement,38.0,Rural,Southern Province,39000.0
19,Primary education,Elementary and other work,Services,Household,Oral agreement,40.0,Rural,Southern Province,15000.0
19,Primary education,Elementary and other work,Services,Household,Oral agreement,60.0,Urban,Southern Province,20000.0
17,Primary education,Agriculture,Agriculture,Private business or VUP,Oral agreement,60.0,Urban,Southern Province,20000.0
20,Lower secondary education,Agriculture,Agriculture,Private business or VUP,Oral agreement,25.0,Urban,Southern Province,39000.0
22,Lower secondary education,Elementary and other work,Services,Household,Oral agreement,35.0,Urban,Southern Province,30000.0
28,Upper secondary education,"Education, health and social services",Services,Public institution,Written contract,40.0,Urban,Southern Province,116000.0
28,Lower secondary education,Sales and services,Services,Private business or VUP,Oral agreement,54.0,Urban,Southern Province,50000.0
20,Primary education,Agriculture,Agriculture,Other,Oral agreement,30.0,Rural,Southern Province,52000.0
19,Lower secondary education,Elementary and other work,Services,Household,Oral agreement,42.0,Urban,Southern Province,20000.0
19,Lower secondary education,Elementary and other work,Services,Household,Oral agreement,42.0,Urban,Southern Province,20000.0
27,Primary education,Elementary and other work,Services,Household,Oral agreement,56.0,Urban,Southern Province,50000.0
16,Primary education,Elementary and other work,Services,Household,Oral agreement,42.0,Urban,Southern Province,10000.0
27,Upper secondary education,Skilled trades and operators,Industry,Private business or VUP,Oral agreement,63.0,Urban,Southern Province,220000.0
22,Primary education,Sales and services,Services,Private business or VUP,Oral agreement,84.0,Urban,Southern Province,20000.0
23,Primary education,Elementary and other work,Services,Household,Oral agreement,42.0,Urban,Southern Province,25000.0
26,Primary education,Elementary and other work,Services,Household,Oral agreement,30.0,Urban,Southern Province,25000.0
28,Primary education,Elementary and other work,Services,Household,Oral agreement,28.0,Urban,Southern Province,20000.0
20,Primary education,Elementary and other work,Services,Private business or VUP,Oral agreement,49.0,Urban,Southern Province,30000.0
30,Upper secondary education,Skilled trades and operators,Industry,Private business or VUP,Oral agreement,70.0,Urban,Southern Province,104000.0
26,Lower secondary education,Sales and services,Services,Private business or VUP,Oral agreement,84.0,Urban,Southern Province,25000.0
22,Primary education,Agriculture,Agriculture,Private business or VUP,Oral agreement,36.0,Rural,Southern Province,20800.0
21,Primary education,Elementary and other work,Industry,Private business or VUP,Oral agreement,35.0,Rural,Southern Province,26000.0
29,Primary education,Elementary and other work,Industry,Private business or VUP,Oral agreement,36.0,Rural,Southern Province,26000.0
27,Upper secondary education,"Education, health and social services",Services,Public institution,Oral agreement,35.0,Rural,Southern Province,35000.0
20,Primary education,Elementary and other work,Industry,Private business or VUP,Oral agreement,77.0,Rural,Southern Province,78000.0
25,Lower secondary education,Agriculture,Agriculture,Private business or VUP,Oral agreement,12.0,Rural,Southern Province,26000.0
28,Primary education,Elementary and other work,Industry,Private business or VUP,Oral agreement,30.0,Urban,Southern Province,39000.0
30,Primary education,Agriculture,Agriculture,Private business or VUP,Oral agreement,40.0,Urban,Southern Province,104000.0
20,Primary education,Elementary and other work,Industry,Private business or VUP,Oral agreement,30.0,Urban,Southern Province,78000.0
22,Lower secondary education,Elementary and other work,Services,Household,Oral agreement,40.0,Urban,Southern Province,20000.0
28,Primary education,Skilled trades and operators,Industry,Private business or VUP,Oral agreement,45.0,Urban,Southern Province,156000.0
17,Primary education,Elementary and other work,Services,Household,Oral agreement,49.0,Urban,Southern Province,15000.0
21,Lower secondary education,Elementary and other work,Services,Household,Oral agreement,56.0,Urban,Southern Province,20000.0
21,Primary education,Agriculture,Agriculture,Private business or VUP,Oral agreement,7.0,Rural,Western Province,26000.0
25,Primary education,Elementary and other work,Industry,Private business or VUP,Oral agreement,54.0,Rural,Western Province,78000.0
18,Primary education,Elementary and other work,Services,Household,Oral agreement,49.0,Rural,Western Province,15000.0
23,Primary education,Agriculture,Agriculture,Private business or VUP,Oral agreement,35.0,Urban,Western Province,40000.0
20,Primary education,Elementary and other work,Industry,Private business or VUP,Oral agreement,20.0,Urban,Western Province,65000.0
27,Upper secondary education,Skilled trades and operators,Industry,Private business or VUP,Oral agreement,36.0,Urban,Western Province,130000.0
17,Primary education,Elementary and other work,Services,Household,Oral agreement,56.0,Urban,Western Province,20000.0
24,Upper secondary education,"Education, health and social services",Services,Public institution,Written contract,40.0,Urban,Western Province,105000.0
29,Upper secondary education,"Education, health and social services",Services,Private business or VUP,Written contract,46.0,Urban,Western Province,162000.0
25,Upper secondary education,Sales and services,Services,Private business or VUP,Written contract,60.0,Urban,Western Province,40000.0
23,Lower secondary education,Skilled trades and operators,Industry,Private business or VUP,Written contract,63.0,Urban,Western Province,80000.0
22,Primary education,Agriculture,Agriculture,Private business or VUP,Oral agreement,36.0,Rural,Western Province,31200.0
22,Lower secondary education,Sales and services,Services,Private business or VUP,Oral agreement,9.0,Rural,Western Province,30000.0
21,Primary education,Elementary and other work,Industry,Private business or VUP,Oral agreement,7.0,Rural,Western Province,26000.0
17,Lower secondary education,Sales and services,Services,Private business or VUP,Oral agreement,1.0,Rural,Western Province,26000.0
20,Tertiary education,"Business, management and office work",Services,Private business or VUP,Oral agreement,56.0,Rural,Western Province,50000.0
16,Primary education,Agriculture,Agriculture,Private business or VUP,Oral agreement,30.0,Rural,Western Province,32500.0
17,Primary education,Agriculture,Agriculture,Private business or VUP,Oral agreement,15.0,Rural,Western Province,31200.0
27,Primary education,Agriculture,Agriculture,Private business or VUP,Oral agreement,5.0,Rural,Western Province,39000.0
25,Lower secondary education,Agriculture,Agriculture,Private business or VUP,Oral agreement,5.0,Rural,Western Province,31200.0
29,Primary education,Agriculture,Agriculture,Private business or VUP,Oral agreement,5.0,Rural,Western Province,26000.0
16,Primary education,Elementary and other work,Industry,Private business or VUP,Oral agreement,48.0,Rural,Western Province,39000.0
18,Primary education,Elementary and other work,Services,Private business or VUP,Oral agreement,10.0,Rural,Western Province,20800.0
30,Primary education,Agriculture,Agriculture,Private business or VUP,Oral agreement,20.0,Rural,Western Province,52000.0
20,Primary education,Agriculture,Agriculture,Private business or VUP,Oral agreement,36.0,Rural,Western Province,39000.0
21,Primary education,Elementary and other work,Services,Private business or VUP,Oral agreement,24.0,Rural,Western Province,13000.0
23,Upper secondary education,Elementary and other work,Industry,Private business or VUP,Oral agreement,48.0,Rural,Western Province,52000.0
22,Primary education,Agriculture,Agriculture,Private business or VUP,Oral agreement,20.0,Rural,Western Province,26000.0
22,Lower secondary education,Sales and services,Services,NGO or international organisation,Written contract,54.0,Rural,Western Province,30000.0
28,Primary education,Agriculture,Agriculture,Private business or VUP,Oral agreement,30.0,Rural,Western Province,26000.0
26,Primary education,Agriculture,Agriculture,Private business or VUP,Oral agreement,48.0,Rural,Western Province,39000.0
25,Primary education,Agriculture,Agriculture,Private business or VUP,Oral agreement,33.0,Rural,Western Province,26000.0
28,Primary education,Agriculture,Agriculture,Private business or VUP,Oral agreement,25.0,Rural,Western Province,20800.0
30,Primary education,Agriculture,Agriculture,Private business or VUP,Oral agreement,25.0,Rural,Western Province,23400.0
23,Primary education,Agriculture,Agriculture,Private business or VUP,Oral agreement,20.0,Rural,Western Province,23400.0
25,Lower secondary education,Agriculture,Agriculture,Private business or VUP,Oral agreement,15.0,Rural,Western Province,23400.0
24,Primary education,Elementary and other work,Industry,Private business or VUP,Oral agreement,35.0,Rural,Western Province,26000.0
23,Primary education,Agriculture,Agriculture,Private business or VUP,Oral agreement,20.0,Rural,Western Province,20800.0
24,Primary education,Agriculture,Agriculture,Other,Oral agreement,38.0,Rural,Western Province,46800.0
29,Upper secondary education,Agriculture,Agriculture,Private business or VUP,Oral agreement,25.0,Rural,Western Province,20800.0
25,Upper secondary education,"Education, health and social services",Services,Public institution,Written contract,40.0,Rural,Western Province,115000.0
26,Lower secondary education,Agriculture,Agriculture,Private business or VUP,Oral agreement,36.0,Rural,Western Province,39000.0
30,Primary education,Agriculture,Agriculture,Private business or VUP,Oral agreement,42.0,Rural,Western Province,52000.0
19,Primary education,Agriculture,Agriculture,Private business or VUP,Oral agreement,48.0,Rural,Western Province,39000.0
24,Lower secondary education,Agriculture,Agriculture,Private business or VUP,Oral agreement,45.0,Rural,Western Province,39000.0
17,Primary education,Elementary and other work,Services,Private business or VUP,Oral agreement,28.0,Urban,Western Province,26000.0
20,Primary education,Elementary and other work,Industry,Private business or VUP,Oral agreement,40.0,Urban,Western Province,41600.0
29,Primary education,Agriculture,Agriculture,Private business or VUP,Oral agreement,30.0,Urban,Western Province,39000.0
29,Primary education,Skilled trades and operators,Industry,Private business or VUP,Oral agreement,48.0,Urban,Western Province,104000.0
22,Primary education,Elementary and other work,Industry,Private business or VUP,Oral agreement,40.0,Urban,Western Province,26000.0
16,Primary education,Elementary and other work,Services,Private business or VUP,Oral agreement,16.0,Rural,Western Province,26000.0
29,Upper secondary education,Skilled trades and operators,Industry,Private business or VUP,Oral agreement,60.0,Urban,Western Province,130000.0
23,Tertiary education,"Education, health and social services",Services,Public institution,Written contract,40.0,Urban,Western Province,100000.0
29,Primary education,Agriculture,Agriculture,Private business or VUP,Oral agreement,48.0,Urban,Western Province,52000.0
21,Upper secondary education,Sales and services,Services,Private business or VUP,Oral agreement,48.0,Urban,Western Province,60000.0
23,Lower secondary education,Sales and services,Services,Private business or VUP,Oral agreement,48.0,Urban,Western Province,52000.0
30,Lower secondary education,Skilled trades and operators,Industry,Private business or VUP,Oral agreement,36.0,Urban,Western Province,30000.0
28,Tertiary education,"Education, health and social services",Services,Public-private enterprise,Written contract,40.0,Urban,Western Province,262000.0
24,Primary education,Elementary and other work,Industry,Private business or VUP,Oral agreement,30.0,Rural,Western Province,65000.0
24,Primary education,Agriculture,Agriculture,Private business or VUP,Oral agreement,18.0,Rural,Western Province,39000.0
21,Primary education,Elementary and other work,Services,Private business or VUP,Oral agreement,15.0,Rural,Western Province,52000.0
17,Primary education,Elementary and other work,Services,Private business or VUP,Oral agreement,3.0,Rural,Western Province,52000.0
20,Primary education,Elementary and other work,Services,Private business or VUP,Oral agreement,15.0,Rural,Western Province,31200.0
24,Primary education,Elementary and other work,Services,Private business or VUP,Oral agreement,10.0,Rural,Western Province,31200.0
28,Primary education,Elementary and other work,Services,Private business or VUP,Oral agreement,27.0,Rural,Western Province,52000.0
19,Primary education,Agriculture,Agriculture,Private business or VUP,Oral agreement,24.0,Rural,Western Province,39000.0
16,Primary education,Agriculture,Agriculture,Private business or VUP,Oral agreement,24.0,Rural,Western Province,39000.0
29,Primary education,Elementary and other work,Industry,Private business or VUP,Oral agreement,21.0,Rural,Western Province,52000.0
16,Primary education,Skilled trades and operators,Agriculture,Private business or VUP,Oral agreement,25.0,Rural,Western Province,52000.0
28,Lower secondary education,Skilled trades and operators,Agriculture,Private business or VUP,Oral agreement,24.0,Rural,Western Province,52000.0
29,Lower secondary education,Agriculture,Agriculture,Private business or VUP,Oral agreement,21.0,Rural,Western Province,39000.0
16,Primary education,Agriculture,Agriculture,Private business or VUP,Oral agreement,40.0,Rural,Western Province,39000.0
17,Primary education,Agriculture,Agriculture,Private business or VUP,Oral agreement,35.0,Rural,Western Province,26000.0
25,No formal education,Elementary and other work,Services,Private business or VUP,Oral agreement,30.0,Rural,Western Province,13000.0
18,Lower secondary education,Agriculture,Agriculture,Private business or VUP,Oral agreement,45.0,Rural,Western Province,52000.0
26,Primary education,Agriculture,Agriculture,Private business or VUP,Oral agreement,40.0,Rural,Western Province,39000.0
21,Lower secondary education,Agriculture,Agriculture,Private business or VUP,Oral agreement,35.0,Rural,Western Province,39000.0
22,Lower secondary education,Agriculture,Agriculture,Private business or VUP,Oral agreement,35.0,Rural,Western Province,52000.0
29,Primary education,Agriculture,Agriculture,Private business or VUP,Oral agreement,35.0,Rural,Western Province,39000.0
28,Upper secondary education,Skilled trades and operators,Industry,Private business or VUP,Oral agreement,36.0,Urban,Western Province,182000.0
30,Upper secondary education,Sales and services,Services,Private business or VUP,Oral agreement,48.0,Urban,Western Province,40000.0
26,Upper secondary education,Sales and services,Services,Private business or VUP,Oral agreement,48.0,Urban,Western Province,26000.0
26,Lower secondary education,Sales and services,Services,Private business or VUP,Oral agreement,60.0,Urban,Western Province,40000.0
30,Upper secondary education,"Business, management and office work",Industry,Private business or VUP,Oral agreement,40.0,Urban,Western Province,60000.0
22,Lower secondary education,Elementary and other work,Industry,Private business or VUP,Oral agreement,36.0,Urban,Western Province,52000.0
20,Primary education,Agriculture,Industry,Private business or VUP,Written contract,20.0,Rural,Western Province,25000.0
17,Primary education,Sales and services,Agriculture,Private business or VUP,Oral agreement,60.0,Rural,Western Province,21666.666
27,Lower secondary education,Agriculture,Agriculture,Private business or VUP,Oral agreement,65.0,Rural,Western Province,10000.0
24,Lower secondary education,Agriculture,Agriculture,Private business or VUP,Oral agreement,35.0,Rural,Western Province,36400.0
24,Primary education,Agriculture,Agriculture,Private business or VUP,Oral agreement,36.0,Rural,Western Province,26000.0
19,Lower secondary education,Elementary and other work,Services,Private business or VUP,Oral agreement,36.0,Rural,Western Province,52000.0
17,Primary education,Agriculture,Industry,Private business or VUP,Oral agreement,60.0,Rural,Western Province,30333.334
21,Primary education,Elementary and other work,Industry,Private business or VUP,Oral agreement,6.0,Rural,Western Province,26000.0
25,Primary education,Agriculture,Agriculture,Private business or VUP,Oral agreement,10.0,Rural,Western Province,39000.0
18,Primary education,Agriculture,Agriculture,Private business or VUP,Oral agreement,20.0,Rural,Western Province,20800.0
21,Primary education,Agriculture,Agriculture,Private business or VUP,Oral agreement,21.0,Rural,Western Province,26000.0
24,Upper secondary education,Skilled trades and operators,Services,Private business or VUP,Oral agreement,54.0,Rural,Western Province,43333.332
30,Lower secondary education,Agriculture,Agriculture,Private business or VUP,Oral agreement,6.0,Rural,Western Province,20800.0
18,Primary education,Skilled trades and operators,Industry,Private business or VUP,Oral agreement,42.0,Rural,Western Province,43333.332
23,Upper secondary education,Skilled trades and operators,Industry,Private business or VUP,Oral agreement,54.0,Rural,Western Province,130000.0
29,Primary education,Agriculture,Agriculture,Private business or VUP,Oral agreement,5.0,Rural,Western Province,26000.0
16,Primary education,Agriculture,Services,Other,Oral agreement,35.0,Rural,Western Province,27000.0
24,Primary education,Sales and services,Services,Private business or VUP,Oral agreement,33.0,Rural,Western Province,39000.0
21,Primary education,Agriculture,Agriculture,Private business or VUP,Oral agreement,40.0,Urban,Western Province,39000.0
17,Primary education,Agriculture,Agriculture,Private business or VUP,Oral agreement,48.0,Urban,Western Province,31200.0
25,Upper secondary education,Agriculture,Agriculture,Private business or VUP,Oral agreement,32.0,Urban,Western Province,39000.0
18,Primary education,Elementary and other work,Industry,Private business or VUP,Oral agreement,60.0,Urban,Western Province,52000.0
23,Tertiary education,"Education, health and social services",Services,Public institution,Written contract,40.0,Urban,Western Province,117000.0
25,Primary education,Elementary and other work,Industry,Private business or VUP,Oral agreement,40.0,Rural,Western Province,39000.0
17,No formal education,Elementary and other work,Services,Household,Oral agreement,35.0,Rural,Western Province,10000.0
27,No formal education,Elementary and other work,Services,Household,Oral agreement,35.0,Rural,Western Province,15000.0
24,Primary education,Elementary and other work,Services,Private business or VUP,Oral agreement,70.0,Rural,Western Province,39000.0
20,Primary education,Sales and services,Services,Private business or VUP,Oral agreement,63.0,Rural,Western Province,15000.0
19,Primary education,Elementary and other work,Services,Household,Oral agreement,21.0,Rural,Western Province,12000.0
27,Tertiary education,"Education, health and social services",Services,Public institution,Written contract,40.0,Urban,Western Province,100000.0
26,Tertiary education,"Education, health and social services",Services,Private business or VUP,Oral agreement,40.0,Urban,Western Province,60000.0
22,Lower secondary education,Sales and services,Agriculture,Private business or VUP,Written contract,84.0,Rural,Western Province,65000.0
23,Primary education,Agriculture,Agriculture,Private business or VUP,Oral agreement,84.0,Rural,Western Province,15000.0
20,Upper secondary education,"Education, health and social services",Services,Public institution,Oral agreement,40.0,Rural,Western Province,52000.0
21,Primary education,Agriculture,Agriculture,Private business or VUP,Oral agreement,12.0,Rural,Western Province,13000.0
30,Primary education,Elementary and other work,Services,Private business or VUP,Oral agreement,48.0,Rural,Western Province,43333.332
30,Primary education,Agriculture,Agriculture,Private business or VUP,Oral agreement,20.0,Rural,Western Province,31200.0
17,Primary education,Sales and services,Services,Private business or VUP,Oral agreement,18.0,Urban,Western Province,78000.0
29,Primary education,Elementary and other work,Services,Private business or VUP,Oral agreement,54.0,Urban,Western Province,21666.666
29,Primary education,Agriculture,Agriculture,Private business or VUP,Oral agreement,12.0,Urban,Western Province,39000.0
20,Primary education,Elementary and other work,Services,Private business or VUP,Oral agreement,7.0,Rural,Western Province,39000.0
23,Upper secondary education,"Education, health and social services",Services,Private business or VUP,Written contract,40.0,Rural,Western Province,128000.0
27,Lower secondary education,Elementary and other work,Industry,Private business or VUP,Oral agreement,30.0,Rural,Western Province,65000.0
24,Primary education,Agriculture,Agriculture,Private business or VUP,Oral agreement,30.0,Rural,Western Province,31200.0
29,Lower secondary education,Sales and services,Services,Public institution,Written contract,75.0,Rural,Western Province,20000.0
19,Primary education,Agriculture,Agriculture,Private business or VUP,Oral agreement,48.0,Rural,Western Province,10400.0
29,Tertiary education,"Education, health and social services",Services,Public institution,Written contract,40.0,Rural,Western Province,111000.0
22,Primary education,Agriculture,Agriculture,Private business or VUP,Oral agreement,30.0,Rural,Western Province,31200.0
24,Primary education,Elementary and other work,Industry,Private business or VUP,Oral agreement,30.0,Rural,Western Province,52000.0
28,No formal education,Agriculture,Agriculture,Private business or VUP,Oral agreement,36.0,Rural,Western Province,39000.0
24,Primary education,Agriculture,Agriculture,Private business or VUP,Oral agreement,40.0,Rural,Western Province,31200.0
29,Primary education,Agriculture,Agriculture,Private business or VUP,Oral agreement,18.0,Rural,Western Province,39000.0
28,Primary education,Agriculture,Agriculture,Private business or VUP,Oral agreement,12.0,Rural,Western Province,39000.0
22,Primary education,Agriculture,Agriculture,Private business or VUP,Oral agreement,12.0,Rural,Western Province,39000.0
21,Primary education,Agriculture,Agriculture,Private business or VUP,Oral agreement,35.0,Rural,Northern Province,20800.0
30,Primary education,Elementary and other work,Industry,Private business or VUP,Written contract,40.0,Rural,Northern Province,25000.0
27,Primary education,Agriculture,Agriculture,Private business or VUP,Oral agreement,30.0,Rural,Northern Province,26000.0
26,Primary education,Agriculture,Agriculture,Private business or VUP,Oral agreement,12.0,Rural,Northern Province,26000.0
27,Lower secondary education,Agriculture,Agriculture,Private business or VUP,Oral agreement,44.0,Rural,Northern Province,26000.0
20,Primary education,Agriculture,Agriculture,Cooperative,Oral agreement,24.0,Rural,Northern Province,26000.0
25,Upper secondary education,"Education, health and social services",Services,Public institution,Written contract,40.0,Rural,Northern Province,100000.0
17,Primary education,Agriculture,Agriculture,Private business or VUP,Oral agreement,30.0,Rural,Northern Province,26000.0
24,Primary education,Agriculture,Agriculture,Private business or VUP,Oral agreement,48.0,Rural,Northern Province,26000.0
23,Upper secondary education,"Business, management and office work",Services,Public-private enterprise,Written contract,55.0,Rural,Northern Province,77000.0
26,Primary education,Agriculture,Agriculture,Private business or VUP,Oral agreement,30.0,Rural,Northern Province,26000.0
20,Primary education,Elementary and other work,Services,Household,Oral agreement,45.0,Rural,Northern Province,30000.0
29,Primary education,Elementary and other work,Services,Household,Oral agreement,35.0,Urban,Northern Province,30000.0
24,Primary education,Elementary and other work,Services,Household,Oral agreement,35.0,Urban,Northern Province,25000.0
21,Lower secondary education,Agriculture,Agriculture,Private business or VUP,Oral agreement,30.0,Rural,Northern Province,26000.0
19,Lower secondary education,Agriculture,Agriculture,Private business or VUP,Oral agreement,30.0,Rural,Northern Province,26000.0
30,Primary education,Elementary and other work,Industry,Private business or VUP,Oral agreement,50.0,Rural,Northern Province,52000.0
18,Primary education,Agriculture,Agriculture,Private business or VUP,Oral agreement,36.0,Rural,Northern Province,26000.0
26,Upper secondary education,Agriculture,Agriculture,Private business or VUP,Oral agreement,24.0,Urban,Northern Province,20800.0
17,Lower secondary education,Elementary and other work,Services,Household,Written contract,66.0,Urban,Northern Province,15000.0
24,Upper secondary education,"Education, health and social services",Services,Public institution,Written contract,40.0,Urban,Northern Province,50000.0
29,Lower secondary education,Skilled trades and operators,Industry,Private business or VUP,Oral agreement,48.0,Urban,Northern Province,40000.0
22,Primary education,Sales and services,Services,Private business or VUP,Written contract,40.0,Urban,Northern Province,50000.0
24,Primary education,Elementary and other work,Industry,Private business or VUP,Oral agreement,18.0,Urban,Northern Province,65000.0
24,Upper secondary education,Sales and services,Services,Private business or VUP,Oral agreement,40.0,Urban,Northern Province,78000.0
23,Upper secondary education,Skilled trades and operators,Industry,Private business or VUP,Oral agreement,30.0,Urban,Northern Province,104000.0
19,Primary education,Elementary and other work,Industry,Private business or VUP,Oral agreement,45.0,Urban,Northern Province,65000.0
17,Primary education,Elementary and other work,Industry,Private business or VUP,Oral agreement,40.0,Urban,Northern Province,65000.0
30,Primary education,Skilled trades and operators,Industry,Private business or VUP,Oral agreement,9.0,Rural,Northern Province,130000.0
18,Primary education,Agriculture,Agriculture,Private business or VUP,Oral agreement,36.0,Rural,Northern Province,39000.0
17,Primary education,Elementary and other work,Services,Household,Oral agreement,70.0,Urban,Northern Province,15000.0
24,Primary education,Skilled trades and operators,Industry,Private business or VUP,Oral agreement,50.0,Urban,Northern Province,78000.0
23,Primary education,Elementary and other work,Industry,Private business or VUP,Oral agreement,45.0,Urban,Northern Province,65000.0
30,Primary education,Elementary and other work,Industry,Private business or VUP,Oral agreement,54.0,Urban,Northern Province,65000.0
30,Lower secondary education,Elementary and other work,Industry,Private business or VUP,Oral agreement,36.0,Urban,Northern Province,52000.0
23,Primary education,Elementary and other work,Industry,Private business or VUP,Oral agreement,54.0,Urban,Northern Province,65000.0
22,Primary education,Agriculture,Agriculture,Private business or VUP,Oral agreement,32.0,Urban,Northern Province,52000.0
27,Primary education,Sales and services,Services,Private business or VUP,Written contract,10.0,Urban,Northern Province,52000.0
22,Primary education,Sales and services,Services,Private business or VUP,Written contract,118.0,Rural,Northern Province,30000.0
29,Primary education,Agriculture,Agriculture,Private business or VUP,Oral agreement,42.0,Rural,Northern Province,39000.0
27,Primary education,Agriculture,Services,Private business or VUP,Oral agreement,8.0,Rural,Northern Province,78000.0
29,Primary education,Skilled trades and operators,Industry,Private business or VUP,Oral agreement,24.0,Rural,Northern Province,130000.0
16,Primary education,Agriculture,Agriculture,Private business or VUP,Oral agreement,27.0,Rural,Northern Province,39000.0
17,Primary education,Agriculture,Agriculture,Private business or VUP,Oral agreement,30.0,Rural,Northern Province,39000.0
23,Primary education,Agriculture,Agriculture,Private business or VUP,Oral agreement,32.0,Rural,Northern Province,39000.0
26,Primary education,Agriculture,Agriculture,Private business or VUP,Oral agreement,51.0,Rural,Northern Province,39000.0
25,Primary education,Elementary and other work,Services,Private business or VUP,Oral agreement,48.0,Rural,Northern Province,39000.0
30,Lower secondary education,Sales and services,Services,Private business or VUP,Oral agreement,86.0,Rural,Northern Province,52000.0
30,Lower secondary education,Sales and services,Services,Private business or VUP,Oral agreement,30.0,Rural,Northern Province,52000.0
20,Primary education,Elementary and other work,Industry,Private business or VUP,Oral agreement,10.0,Rural,Northern Province,52000.0
19,Primary education,Elementary and other work,Services,Household,Oral agreement,63.0,Rural,Northern Province,15000.0
20,Primary education,Elementary and other work,Services,Household,Oral agreement,42.0,Rural,Northern Province,15000.0
28,Primary education,Agriculture,Agriculture,Private business or VUP,Oral agreement,21.0,Rural,Northern Province,26000.0
28,Primary education,Agriculture,Agriculture,Private business or VUP,Oral agreement,40.0,Rural,Northern Province,26000.0
26,Upper secondary education,Elementary and other work,Services,Household,Oral agreement,49.0,Rural,Northern Province,30000.0
20,Lower secondary education,Agriculture,Agriculture,Private business or VUP,Oral agreement,48.0,Rural,Northern Province,33800.0
17,Primary education,Elementary and other work,Industry,Private business or VUP,Oral agreement,48.0,Rural,Northern Province,39000.0
20,Primary education,Agriculture,Agriculture,Private business or VUP,Oral agreement,40.0,Rural,Northern Province,31200.0
23,Lower secondary education,Agriculture,Agriculture,Private business or VUP,Oral agreement,19.0,Rural,Northern Province,31200.0
22,Upper secondary education,Skilled trades and operators,Industry,Private business or VUP,Oral agreement,45.0,Rural,Northern Province,39000.0
26,Primary education,Agriculture,Agriculture,Private business or VUP,Oral agreement,27.0,Rural,Northern Province,31200.0
29,Primary education,Agriculture,Agriculture,Private business or VUP,Oral agreement,38.0,Rural,Northern Province,26000.0
25,Primary education,Agriculture,Agriculture,Private business or VUP,Oral agreement,42.0,Rural,Northern Province,30000.0
17,Upper secondary education,Agriculture,Agriculture,Private business or VUP,Oral agreement,3.0,Rural,Northern Province,26000.0
21,Primary education,Agriculture,Agriculture,Private business or VUP,Oral agreement,3.0,Rural,Northern Province,52000.0
18,Primary education,Agriculture,Agriculture,Private business or VUP,Oral agreement,18.0,Rural,Northern Province,26000.0
19,Lower secondary education,Agriculture,Agriculture,Private business or VUP,Oral agreement,35.0,Rural,Northern Province,31200.0
25,Primary education,Skilled trades and operators,Industry,Private business or VUP,Oral agreement,39.0,Rural,Eastern Province,156000.0
24,Primary education,Agriculture,Agriculture,Private business or VUP,Oral agreement,42.0,Rural,Eastern Province,26000.0
30,Primary education,Elementary and other work,Industry,Private business or VUP,Written contract,30.0,Rural,Eastern Province,130000.0
27,Primary education,Agriculture,Agriculture,Private business or VUP,Oral agreement,63.0,Rural,Eastern Province,91000.0
18,Primary education,Elementary and other work,Services,Household,Oral agreement,48.0,Rural,Eastern Province,15000.0
27,Upper secondary education,"Education, health and social services",Services,Public institution,Written contract,40.0,Urban,Eastern Province,122000.0
24,Upper secondary education,Sales and services,Services,Private business or VUP,Oral agreement,77.0,Urban,Eastern Province,75000.0
24,Primary education,Agriculture,Agriculture,Private business or VUP,Oral agreement,30.0,Rural,Eastern Province,26000.0
21,Lower secondary education,Skilled trades and operators,Industry,Private business or VUP,Oral agreement,30.0,Rural,Eastern Province,104000.0
27,Primary education,Elementary and other work,Industry,Private business or VUP,Oral agreement,36.0,Rural,Eastern Province,78000.0
19,Primary education,Elementary and other work,Industry,Private business or VUP,Oral agreement,45.0,Rural,Eastern Province,52000.0
24,Primary education,Agriculture,Agriculture,Private business or VUP,Oral agreement,36.0,Rural,Eastern Province,21666.666
24,Primary education,Agriculture,Agriculture,Private business or VUP,Oral agreement,36.0,Rural,Eastern Province,26000.0
20,Lower secondary education,Agriculture,Agriculture,Private business or VUP,Oral agreement,36.0,Rural,Eastern Province,26000.0
27,Primary education,Elementary and other work,Industry,Private business or VUP,Oral agreement,36.0,Urban,Eastern Province,78000.0
28,Lower secondary education,Skilled trades and operators,Industry,Private business or VUP,Oral agreement,18.0,Urban,Eastern Province,156000.0
29,Tertiary education,Skilled trades and operators,Industry,Private business or VUP,Oral agreement,42.0,Urban,Eastern Province,156000.0
28,Primary education,Elementary and other work,Industry,Private business or VUP,Oral agreement,45.0,Urban,Eastern Province,60000.0
21,Primary education,Elementary and other work,Services,Household,Oral agreement,70.0,Urban,Eastern Province,12000.0
24,Primary education,Agriculture,Agriculture,Private business or VUP,Oral agreement,30.0,Urban,Eastern Province,39000.0
21,Primary education,Agriculture,Agriculture,Private business or VUP,Oral agreement,30.0,Urban,Eastern Province,39000.0
26,Upper secondary education,Elementary and other work,Services,Private business or VUP,Oral agreement,70.0,Urban,Eastern Province,100000.0
16,Primary education,Elementary and other work,Services,Household,Oral agreement,70.0,Urban,Eastern Province,15000.0
20,Primary education,Agriculture,Agriculture,Private business or VUP,Oral agreement,42.0,Urban,Eastern Province,26000.0
21,No formal education,Elementary and other work,Services,Household,Oral agreement,70.0,Rural,Eastern Province,10000.0
23,Primary education,Agriculture,Agriculture,Private business or VUP,Oral agreement,30.0,Rural,Eastern Province,18200.0
25,Lower secondary education,Agriculture,Agriculture,Private business or VUP,Oral agreement,30.0,Rural,Eastern Province,18200.0
23,Lower secondary education,Agriculture,Services,Private business or VUP,Oral agreement,9.0,Rural,Eastern Province,10400.0
16,Primary education,Agriculture,Agriculture,Private business or VUP,Oral agreement,15.0,Rural,Eastern Province,26000.0
25,Primary education,Elementary and other work,Industry,Private business or VUP,Oral agreement,24.0,Rural,Eastern Province,39000.0
29,Upper secondary education,"Education, health and social services",Services,Public institution,Written contract,40.0,Rural,Eastern Province,112000.0
29,Primary education,Agriculture,Agriculture,Private business or VUP,Oral agreement,36.0,Rural,Eastern Province,39000.0
25,Lower secondary education,Agriculture,Agriculture,Private business or VUP,Oral agreement,24.0,Rural,Eastern Province,39000.0
22,Primary education,Agriculture,Agriculture,Private business or VUP,Oral agreement,48.0,Rural,Eastern Province,39000.0
22,Primary education,Elementary and other work,Industry,Private business or VUP,Oral agreement,32.0,Rural,Eastern Province,39000.0
26,Primary education,Agriculture,Agriculture,Private business or VUP,Oral agreement,84.0,Rural,Eastern Province,52000.0
29,Primary education,Agriculture,Agriculture,Private business or VUP,Oral agreement,84.0,Rural,Eastern Province,39000.0
28,Primary education,Agriculture,Agriculture,Private business or VUP,Written contract,35.0,Rural,Eastern Province,20800.0
22,Primary education,Agriculture,Agriculture,Private business or VUP,Oral agreement,18.0,Rural,Eastern Province,39000.0
20,Lower secondary education,Agriculture,Agriculture,Private business or VUP,Oral agreement,18.0,Rural,Eastern Province,39000.0
16,No formal education,Agriculture,Agriculture,Private business or VUP,Oral agreement,28.0,Rural,Eastern Province,15000.0
17,Lower secondary education,Agriculture,Agriculture,Private business or VUP,Oral agreement,35.0,Rural,Eastern Province,65000.0
23,Upper secondary education,Skilled trades and operators,Services,Private business or VUP,Oral agreement,60.0,Rural,Eastern Province,50000.0
21,Primary education,Agriculture,Agriculture,Private business or VUP,Oral agreement,70.0,Rural,Eastern Province,30000.0
25,Primary education,Skilled trades and operators,Industry,Private business or VUP,Oral agreement,30.0,Rural,Eastern Province,78000.0
30,Primary education,Elementary and other work,Industry,Private business or VUP,Oral agreement,30.0,Rural,Eastern Province,39000.0
29,Lower secondary education,Agriculture,Agriculture,Private business or VUP,Oral agreement,36.0,Rural,Eastern Province,26000.0
20,Primary education,Elementary and other work,Industry,Private business or VUP,Oral agreement,48.0,Urban,Eastern Province,52000.0
23,Upper secondary education,Science and engineering,Services,Private business or VUP,Written contract,40.0,Urban,Eastern Province,330000.0
26,Upper secondary education,"Business, management and office work",Services,Private business or VUP,Written contract,40.0,Urban,Eastern Province,210000.0
22,Primary education,Elementary and other work,Services,Household,Oral agreement,35.0,Urban,Eastern Province,20000.0
22,Primary education,Sales and services,Services,Private business or VUP,Written contract,84.0,Urban,Eastern Province,45000.0
24,Primary education,Sales and services,Industry,Private business or VUP,Written contract,77.0,Rural,Eastern Province,30000.0
24,Primary education,Agriculture,Agriculture,Private business or VUP,Oral agreement,5.0,Rural,Eastern Province,18200.0
29,Primary education,Skilled trades and operators,Industry,Private business or VUP,Oral agreement,40.0,Rural,Eastern Province,39000.0
18,Primary education,Agriculture,Agriculture,Private business or VUP,Oral agreement,30.0,Rural,Eastern Province,26000.0
16,Primary education,Agriculture,Agriculture,Private business or VUP,Oral agreement,35.0,Rural,Eastern Province,13000.0
19,Primary education,Elementary and other work,Industry,Private business or VUP,Oral agreement,40.0,Rural,Eastern Province,26000.0
22,Primary education,Elementary and other work,Services,Household,Oral agreement,60.0,Urban,Eastern Province,20000.0
28,Primary education,Sales and services,Services,Private business or VUP,Oral agreement,60.0,Urban,Eastern Province,40000.0
30,Primary education,Agriculture,Agriculture,Private business or VUP,Oral agreement,5.0,Rural,Eastern Province,26000.0
22,Primary education,Sales and services,Services,Private business or VUP,Oral agreement,84.0,Rural,Eastern Province,78000.0
30,Lower secondary education,Skilled trades and operators,Industry,Private business or VUP,Oral agreement,24.0,Rural,Eastern Province,130000.0
25,Lower secondary education,Agriculture,Agriculture,Private business or VUP,Oral agreement,35.0,Rural,Eastern Province,26000.0
26,Upper secondary education,"Business, management and office work",Agriculture,Cooperative,Written contract,48.0,Rural,Eastern Province,90000.0
21,Primary education,Elementary and other work,Services,Household,Oral agreement,50.0,Rural,Eastern Province,20000.0
16,Primary education,Elementary and other work,Services,Household,Oral agreement,50.0,Rural,Eastern Province,15000.0
29,Primary education,Agriculture,Agriculture,Private business or VUP,Oral agreement,10.0,Rural,Eastern Province,26000.0
19,Primary education,Agriculture,Industry,Private business or VUP,Oral agreement,42.0,Rural,Eastern Province,52000.0
24,No formal education,Sales and services,Services,Private business or VUP,Oral agreement,15.0,Rural,Eastern Province,26000.0
24,Upper secondary education,Sales and services,Services,Public institution,Written contract,21.0,Rural,Eastern Province,200000.0
25,Primary education,Agriculture,Agriculture,Private business or VUP,Oral agreement,36.0,Rural,Eastern Province,26000.0
19,Primary education,Agriculture,Agriculture,Private business or VUP,Oral agreement,60.0,Rural,Eastern Province,20000.0
28,Primary education,Agriculture,Agriculture,Private business or VUP,Oral agreement,38.0,Rural,Eastern Province,26000.0
25,Primary education,Agriculture,Agriculture,Private business or VUP,Oral agreement,24.0,Rural,Eastern Province,26000.0
28,Primary education,Agriculture,Agriculture,Private business or VUP,Oral agreement,35.0,Rural,Eastern Province,26000.0
29,Primary education,Agriculture,Agriculture,Private business or VUP,Oral agreement,35.0,Rural,Eastern Province,26000.0
26,Primary education,Agriculture,Agriculture,Private business or VUP,Oral agreement,35.0,Rural,Eastern Province,26000.0
27,Primary education,Agriculture,Agriculture,Private business or VUP,Oral agreement,35.0,Rural,Eastern Province,39000.0
25,Primary education,Agriculture,Agriculture,Private business or VUP,Oral agreement,42.0,Rural,Eastern Province,26000.0
25,Primary education,Elementary and other work,Industry,Private business or VUP,Oral agreement,42.0,Rural,Eastern Province,65000.0
29,Primary education,Agriculture,Agriculture,Private business or VUP,Oral agreement,18.0,Rural,Eastern Province,26000.0
20,Primary education,Agriculture,Agriculture,Private business or VUP,Oral agreement,18.0,Rural,Eastern Province,26000.0
16,Primary education,Elementary and other work,Services,Household,Oral agreement,49.0,Rural,Eastern Province,10000.0
16,Primary education,Agriculture,Agriculture,Private business or VUP,Oral agreement,21.0,Rural,Eastern Province,26000.0
21,Lower secondary education,Sales and services,Services,Private business or VUP,Oral agreement,42.0,Urban,Eastern Province,20000.0
27,Tertiary education,"Business, management and office work",Services,NGO or international organisation,Written contract,40.0,Urban,Eastern Province,350000.0
16,Lower secondary education,Elementary and other work,Services,Household,Oral agreement,54.0,Urban,Eastern Province,15000.0
28,Tertiary education,"Education, health and social services",Services,Public institution,Written contract,45.0,Urban,Eastern Province,216000.0
20,Primary education,Agriculture,Agriculture,Private business or VUP,Oral agreement,18.0,Rural,Eastern Province,26000.0
28,Lower secondary education,Agriculture,Agriculture,Private business or VUP,Oral agreement,30.0,Rural,Eastern Province,26000.0
27,Primary education,Agriculture,Agriculture,Private business or VUP,Oral agreement,20.0,Rural,Eastern Province,18200.0
20,Lower secondary education,Agriculture,Agriculture,Private business or VUP,Oral agreement,10.0,Rural,Eastern Province,26000.0
16,Primary education,Agriculture,Agriculture,Private business or VUP,Oral agreement,10.0,Rural,Eastern Province,18200.0
21,Primary education,Agriculture,Agriculture,Private business or VUP,Oral agreement,36.0,Rural,Eastern Province,18200.0
24,Primary education,Agriculture,Agriculture,Private business or VUP,Oral agreement,30.0,Rural,Eastern Province,26000.0
24,Lower secondary education,Agriculture,Agriculture,Private business or VUP,Oral agreement,10.0,Rural,Eastern Province,26000.0
30,Primary education,Agriculture,Agriculture,Private business or VUP,Oral agreement,36.0,Rural,Eastern Province,26000.0
30,Primary education,Agriculture,Agriculture,Private business or VUP,Oral agreement,36.0,Rural,Eastern Province,26000.0
29,Primary education,Agriculture,Agriculture,Private business or VUP,Oral agreement,32.0,Rural,Eastern Province,26000.0
19,Primary education,Agriculture,Agriculture,Private business or VUP,Oral agreement,30.0,Rural,Eastern Province,26000.0
27,Primary education,Agriculture,Agriculture,Private business or VUP,Oral agreement,60.0,Rural,Eastern Province,26000.0
24,Primary education,Agriculture,Agriculture,Private business or VUP,Oral agreement,60.0,Rural,Eastern Province,26000.0
25,Primary education,Agriculture,Agriculture,Private business or VUP,Oral agreement,20.0,Rural,Eastern Province,18200.0
30,Primary education,Agriculture,Agriculture,Private business or VUP,Oral agreement,20.0,Rural,Eastern Province,18200.0
24,Primary education,Agriculture,Agriculture,Private business or VUP,Oral agreement,35.0,Rural,Eastern Province,26000.0
29,Primary education,Agriculture,Agriculture,Private business or VUP,Oral agreement,24.0,Rural,Eastern Province,26000.0
25,Primary education,Agriculture,Agriculture,Private business or VUP,Oral agreement,15.0,Rural,Eastern Province,26000.0
21,Primary education,Agriculture,Agriculture,Private business or VUP,Oral agreement,10.0,Rural,Eastern Province,26000.0
23,Primary education,Agriculture,Agriculture,Private business or VUP,Oral agreement,30.0,Rural,Eastern Province,20800.0
30,Lower secondary education,Agriculture,Agriculture,Private business or VUP,Oral agreement,53.0,Rural,Eastern Province,26000.0
30,No formal education,Agriculture,Agriculture,Private business or VUP,Oral agreement,30.0,Rural,Eastern Province,15600.0
19,Primary education,Agriculture,Agriculture,Private business or VUP,Oral agreement,30.0,Rural,Eastern Province,31200.0
24,Primary education,Agriculture,Agriculture,Private business or VUP,Oral agreement,36.0,Rural,Eastern Province,31200.0
29,Primary education,Agriculture,Agriculture,Private business or VUP,Oral agreement,25.0,Urban,Eastern Province,31200.0
22,Primary education,Sales and services,Services,Private business or VUP,Oral agreement,55.0,Urban,Eastern Province,15000.0
22,Lower secondary education,Elementary and other work,Services,Public institution,Written contract,60.0,Rural,Eastern Province,30000.0
18,Primary education,Agriculture,Agriculture,Private business or VUP,Oral agreement,18.0,Rural,Eastern Province,18200.0
20,Primary education,Agriculture,Agriculture,Private business or VUP,Oral agreement,30.0,Rural,Eastern Province,26000.0
28,Primary education,Elementary and other work,Industry,Private business or VUP,Oral agreement,54.0,Rural,Eastern Province,78000.0
19,Primary education,Agriculture,Agriculture,Private business or VUP,Oral agreement,30.0,Rural,Eastern Province,39000.0
27,Primary education,Agriculture,Agriculture,Private business or VUP,Oral agreement,42.0,Rural,Eastern Province,31200.0
29,Primary education,Agriculture,Agriculture,Private business or VUP,Oral agreement,35.0,Urban,Eastern Province,39000.0
23,Lower secondary education,Agriculture,Agriculture,Private business or VUP,Oral agreement,36.0,Urban,Eastern Province,52000.0
28,Primary education,Sales and services,Services,Private business or VUP,Oral agreement,60.0,Urban,Eastern Province,78000.0
19,No formal education,Elementary and other work,Services,Household,Oral agreement,70.0,Urban,Eastern Province,15000.0
30,Primary education,Elementary and other work,Services,Household,Oral agreement,40.0,Urban,Eastern Province,20000.0
20,Primary education,Elementary and other work,Services,Household,Oral agreement,49.0,Urban,Eastern Province,20000.0
21,Primary education,Elementary and other work,Industry,Private business or VUP,Oral agreement,54.0,Urban,Eastern Province,78000.0
21,Upper secondary education,Sales and services,Services,Private business or VUP,Written contract,50.0,Urban,Eastern Province,95000.0
25,Primary education,Sales and services,Services,Private business or VUP,Oral agreement,48.0,Urban,Eastern Province,60000.0
24,Upper secondary education,ICT,Services,Public institution,Written contract,40.0,Urban,Eastern Province,70000.0
18,Lower secondary education,Elementary and other work,Services,Household,Oral agreement,42.0,Urban,Kigali city,10000.0
30,Lower secondary education,Elementary and other work,Industry,Private business or VUP,Oral agreement,18.0,Urban,Kigali city,91000.0
26,Tertiary education,"Business, management and office work",Services,Private business or VUP,Oral agreement,10.0,Urban,Kigali city,260000.0
20,Primary education,Sales and services,Services,Private business or VUP,Oral agreement,72.0,Urban,Kigali city,86666.664
23,Primary education,Elementary and other work,Services,Household,Oral agreement,84.0,Urban,Kigali city,25000.0
25,Primary education,Elementary and other work,Services,Household,Oral agreement,84.0,Urban,Kigali city,20000.0
27,Upper secondary education,Skilled trades and operators,Industry,Private business or VUP,Oral agreement,36.0,Urban,Kigali city,208000.0
20,Lower secondary education,Skilled trades and operators,Services,Private business or VUP,Written contract,63.0,Urban,Kigali city,80000.0
23,Lower secondary education,Skilled trades and operators,Services,Private business or VUP,Oral agreement,48.0,Urban,Kigali city,130000.0
20,Primary education,Skilled trades and operators,Services,Private business or VUP,Oral agreement,48.0,Urban,Kigali city,78000.0
19,Primary education,Skilled trades and operators,Services,Private business or VUP,Oral agreement,48.0,Urban,Kigali city,130000.0
19,Lower secondary education,Elementary and other work,Services,Household,Oral agreement,56.0,Urban,Kigali city,15000.0
27,Primary education,Elementary and other work,Services,Household,Oral agreement,70.0,Urban,Kigali city,20000.0
16,Lower secondary education,Elementary and other work,Services,Household,Oral agreement,40.0,Rural,Kigali city,15000.0
20,Lower secondary education,Elementary and other work,Services,Private business or VUP,Oral agreement,35.0,Rural,Kigali city,26000.0
21,Primary education,Elementary and other work,Industry,Private business or VUP,Oral agreement,40.0,Rural,Kigali city,26000.0
24,Primary education,Elementary and other work,Industry,Private business or VUP,Oral agreement,40.0,Rural,Kigali city,104000.0
27,Upper secondary education,Sales and services,Services,Private business or VUP,Written contract,72.0,Urban,Kigali city,60000.0
27,Primary education,Elementary and other work,Industry,Private business or VUP,Oral agreement,24.0,Urban,Kigali city,52000.0
29,Primary education,Elementary and other work,Services,Private business or VUP,Oral agreement,48.0,Urban,Kigali city,40000.0
21,Primary education,Skilled trades and operators,Industry,Private business or VUP,Oral agreement,36.0,Urban,Kigali city,208000.0
30,Lower secondary education,Elementary and other work,Services,Household,Oral agreement,42.0,Urban,Kigali city,20000.0
19,Upper secondary education,"Business, management and office work",Services,Private business or VUP,Written contract,45.0,Urban,Kigali city,150000.0
17,Primary education,Elementary and other work,Services,Household,Oral agreement,28.0,Urban,Kigali city,20000.0
22,Upper secondary education,Sales and services,Services,Private business or VUP,Written contract,48.0,Urban,Kigali city,80000.0
21,Tertiary education,"Business, management and office work",Services,Private business or VUP,Written contract,40.0,Urban,Kigali city,100000.0
20,Lower secondary education,Elementary and other work,Services,Household,Oral agreement,42.0,Urban,Kigali city,20000.0
17,Primary education,Elementary and other work,Services,Household,Oral agreement,72.0,Urban,Kigali city,20000.0
18,Lower secondary education,Elementary and other work,Services,Household,Oral agreement,49.0,Urban,Kigali city,20000.0
25,Primary education,Elementary and other work,Industry,Private business or VUP,Oral agreement,54.0,Urban,Kigali city,104000.0
30,Primary education,Elementary and other work,Services,Private business or VUP,Oral agreement,60.0,Urban,Kigali city,30000.0
22,Primary education,Elementary and other work,Industry,Private business or VUP,Oral agreement,40.0,Urban,Kigali city,91000.0
20,Lower secondary education,Sales and services,Services,Private business or VUP,Oral agreement,40.0,Urban,Kigali city,39000.0
22,Upper secondary education,Elementary and other work,Services,Private business or VUP,Oral agreement,35.0,Urban,Kigali city,78000.0
23,Primary education,Skilled trades and operators,Services,Private business or VUP,Oral agreement,48.0,Urban,Kigali city,78000.0
21,Primary education,Agriculture,Agriculture,Private business or VUP,Oral agreement,30.0,Rural,Kigali city,39000.0
20,Primary education,Agriculture,Agriculture,Private business or VUP,Oral agreement,28.0,Rural,Kigali city,39000.0
20,Primary education,Elementary and other work,Services,Household,Oral agreement,35.0,Rural,Kigali city,30000.0
29,Upper secondary education,Skilled trades and operators,Industry,Private business or VUP,Oral agreement,72.0,Rural,Kigali city,130000.0
28,Upper secondary education,Sales and services,Services,Private business or VUP,Oral agreement,72.0,Urban,Kigali city,50000.0
19,Primary education,Elementary and other work,Services,Household,Oral agreement,84.0,Urban,Kigali city,15000.0
18,Primary education,Elementary and other work,Services,Household,Oral agreement,84.0,Urban,Kigali city,15000.0
18,Tertiary education,"Business, management and office work",Services,Private business or VUP,Written contract,32.0,Urban,Kigali city,100000.0
23,Primary education,Elementary and other work,Services,Household,Oral agreement,70.0,Urban,Kigali city,20000.0
21,Primary education,Sales and services,Services,Private business or VUP,Oral agreement,84.0,Urban,Kigali city,20000.0
22,Primary education,Skilled trades and operators,Industry,Private business or VUP,Oral agreement,48.0,Urban,Kigali city,100000.0
29,Tertiary education,Sales and services,Services,Private business or VUP,Oral agreement,60.0,Urban,Kigali city,60000.0
21,Primary education,Elementary and other work,Services,Household,Oral agreement,70.0,Urban,Kigali city,20000.0
30,Tertiary education,"Education, health and social services",Services,Public institution,Written contract,45.0,Urban,Kigali city,190000.0
16,Primary education,Elementary and other work,Services,Household,Oral agreement,70.0,Urban,Kigali city,20000.0
20,Upper secondary education,Agriculture,Agriculture,Private business or VUP,Oral agreement,18.0,Urban,Kigali city,39000.0
20,Primary education,Elementary and other work,Industry,Private business or VUP,Oral agreement,48.0,Urban,Kigali city,52000.0
26,Upper secondary education,Sales and services,Services,Private business or VUP,Oral agreement,48.0,Urban,Kigali city,85000.0
23,Upper secondary education,Skilled trades and operators,Services,Private business or VUP,Oral agreement,54.0,Urban,Kigali city,50000.0
20,Lower secondary education,Elementary and other work,Services,Household,Oral agreement,60.0,Urban,Kigali city,30000.0
28,Upper secondary education,Elementary and other work,Services,Private business or VUP,Oral agreement,84.0,Urban,Kigali city,90000.0
26,Upper secondary education,Elementary and other work,Industry,Private business or VUP,Oral agreement,63.0,Urban,Kigali city,78000.0
17,Primary education,Elementary and other work,Services,Household,Oral agreement,70.0,Urban,Kigali city,15000.0
29,Primary education,Skilled trades and operators,Industry,Private business or VUP,Written contract,48.0,Urban,Kigali city,80000.0
23,Lower secondary education,Skilled trades and operators,Industry,Private business or VUP,Written contract,48.0,Urban,Kigali city,40000.0
22,Upper secondary education,Skilled trades and operators,Industry,Private business or VUP,Written contract,60.0,Urban,Kigali city,80000.0
19,Primary education,Skilled trades and operators,Industry,Private business or VUP,Written contract,60.0,Urban,Kigali city,70000.0
26,Lower secondary education,Elementary and other work,Services,Private business or VUP,Oral agreement,55.0,Urban,Kigali city,52000.0
24,Upper secondary education,Elementary and other work,Services,Private business or VUP,Oral agreement,55.0,Urban,Kigali city,52000.0
22,Lower secondary education,Elementary and other work,Industry,Private business or VUP,Oral agreement,60.0,Urban,Kigali city,70000.0
21,Primary education,"Business, management and office work",Industry,Private business or VUP,Written contract,66.0,Urban,Kigali city,50000.0
19,Primary education,Skilled trades and operators,Industry,Private business or VUP,Written contract,66.0,Urban,Kigali city,60000.0
23,Lower secondary education,Skilled trades and operators,Industry,Private business or VUP,Oral agreement,48.0,Urban,Kigali city,67000.0
28,Upper secondary education,Skilled trades and operators,Industry,Private business or VUP,Written contract,60.0,Urban,Kigali city,30000.0
28,Lower secondary education,Skilled trades and operators,Industry,Private business or VUP,Oral agreement,48.0,Urban,Kigali city,208000.0
24,Lower secondary education,Skilled trades and operators,Industry,Private business or VUP,Written contract,60.0,Urban,Kigali city,50000.0
17,Primary education,Elementary and other work,Services,Household,Oral agreement,35.0,Urban,Kigali city,10000.0
18,Primary education,Elementary and other work,Services,Household,Oral agreement,60.0,Urban,Kigali city,15000.0
30,Upper secondary education,Elementary and other work,Industry,Private business or VUP,Oral agreement,24.0,Urban,Kigali city,156000.0
25,Tertiary education,"Business, management and office work",Industry,Private business or VUP,Written contract,40.0,Urban,Kigali city,350000.0
25,Primary education,Elementary and other work,Services,Private business or VUP,Oral agreement,3.0,Urban,Kigali city,130000.0
30,No formal education,Elementary and other work,Services,Household,Oral agreement,8.0,Urban,Kigali city,50000.0
22,Primary education,Elementary and other work,Services,Household,Oral agreement,42.0,Urban,Kigali city,20000.0
19,Lower secondary education,Elementary and other work,Services,Household,Oral agreement,42.0,Urban,Kigali city,20000.0
19,Primary education,Elementary and other work,Services,Household,Oral agreement,70.0,Urban,Kigali city,15000.0
27,Lower secondary education,Skilled trades and operators,Services,Private business or VUP,Oral agreement,60.0,Urban,Kigali city,90000.0
19,Primary education,Elementary and other work,Services,Household,Oral agreement,49.0,Urban,Kigali city,25000.0
18,Primary education,Elementary and other work,Services,Household,Oral agreement,56.0,Urban,Kigali city,20000.0
24,Primary education,Elementary and other work,Services,Household,Oral agreement,60.0,Urban,Kigali city,25000.0
23,Primary education,Elementary and other work,Services,Household,Oral agreement,70.0,Urban,Kigali city,50000.0
28,Lower secondary education,Skilled trades and operators,Services,Private business or VUP,Oral agreement,45.0,Urban,Kigali city,65000.0
25,Tertiary education,Elementary and other work,Services,Public institution,Written contract,40.0,Urban,Kigali city,220000.0
27,Upper secondary education,Sales and services,Services,Private business or VUP,Oral agreement,70.0,Urban,Kigali city,80000.0
24,Upper secondary education,Sales and services,Services,Private business or VUP,Oral agreement,5.0,Urban,Kigali city,208000.0
22,Lower secondary education,Elementary and other work,Services,Household,Oral agreement,54.0,Urban,Kigali city,25000.0
23,Tertiary education,"Business, management and office work",Services,Private business or VUP,Written contract,45.0,Urban,Kigali city,120000.0
18,Lower secondary education,Elementary and other work,Services,Household,Oral agreement,35.0,Urban,Kigali city,15000.0
22,Lower secondary education,Elementary and other work,Services,Household,Oral agreement,56.0,Urban,Kigali city,20000.0
21,Primary education,Elementary and other work,Services,Household,Oral agreement,48.0,Urban,Kigali city,25000.0
25,Lower secondary education,Elementary and other work,Services,Private business or VUP,Oral agreement,14.0,Urban,Kigali city,20000.0
27,Primary education,Elementary and other work,Services,Household,Oral agreement,63.0,Urban,Kigali city,25000.0
20,Primary education,Elementary and other work,Services,Household,Oral agreement,42.0,Urban,Kigali city,15000.0
25,Primary education,Elementary and other work,Services,Household,Oral agreement,70.0,Urban,Kigali city,20000.0
22,Primary education,Agriculture,Agriculture,Private business or VUP,Oral agreement,30.0,Rural,Southern Province,26000.0
24,Primary education,Agriculture,Agriculture,Private business or VUP,Oral agreement,30.0,Rural,Southern Province,20800.0
22,No formal education,Agriculture,Agriculture,Private business or VUP,Oral agreement,35.0,Rural,Southern Province,10000.0
27,Primary education,Agriculture,Agriculture,Private business or VUP,Oral agreement,30.0,Rural,Southern Province,26000.0
28,Upper secondary education,Agriculture,Agriculture,Private business or VUP,Oral agreement,30.0,Rural,Southern Province,26000.0
20,Primary education,Agriculture,Agriculture,Private business or VUP,Oral agreement,70.0,Rural,Southern Province,20000.0
24,Primary education,Agriculture,Agriculture,Private business or VUP,Oral agreement,70.0,Rural,Southern Province,20000.0
28,Primary education,Agriculture,Agriculture,Private business or VUP,Oral agreement,3.0,Rural,Southern Province,26000.0
26,Primary education,Agriculture,Agriculture,Private business or VUP,Oral agreement,30.0,Rural,Southern Province,26000.0
29,Upper secondary education,"Education, health and social services",Services,Public institution,Written contract,40.0,Rural,Southern Province,122000.0
29,Lower secondary education,Agriculture,Agriculture,Private business or VUP,Oral agreement,20.0,Rural,Southern Province,18200.0
25,Primary education,Agriculture,Agriculture,Private business or VUP,Oral agreement,20.0,Rural,Southern Province,26000.0
27,Primary education,Agriculture,Agriculture,Private business or VUP,Oral agreement,20.0,Rural,Southern Province,26000.0
24,Primary education,Agriculture,Agriculture,Private business or VUP,Oral agreement,54.0,Rural,Southern Province,26000.0
23,Primary education,Agriculture,Agriculture,Private business or VUP,Oral agreement,54.0,Rural,Southern Province,26000.0
18,Primary education,Agriculture,Industry,Private business or VUP,Oral agreement,36.0,Rural,Southern Province,39000.0
26,No formal education,Agriculture,Agriculture,Private business or VUP,Oral agreement,56.0,Rural,Southern Province,8000.0
27,Primary education,Agriculture,Agriculture,Private business or VUP,Oral agreement,30.0,Rural,Southern Province,52000.0
26,Primary education,Agriculture,Agriculture,Private business or VUP,Oral agreement,30.0,Rural,Southern Province,52000.0
18,Primary education,Agriculture,Agriculture,Private business or VUP,Oral agreement,30.0,Rural,Southern Province,26000.0
17,Primary education,Agriculture,Agriculture,Private business or VUP,Oral agreement,30.0,Rural,Southern Province,26000.0
24,Primary education,Agriculture,Agriculture,Private business or VUP,Oral agreement,36.0,Rural,Southern Province,26000.0
20,Lower secondary education,Skilled trades and operators,Services,Private business or VUP,Oral agreement,6.0,Rural,Southern Province,39000.0
28,Primary education,Agriculture,Agriculture,Private business or VUP,Oral agreement,30.0,Rural,Southern Province,26000.0
26,Lower secondary education,Agriculture,Services,Private business or VUP,Oral agreement,36.0,Rural,Southern Province,20000.0
28,Primary education,Elementary and other work,Services,Private business or VUP,Oral agreement,20.0,Rural,Southern Province,39000.0
26,Primary education,Agriculture,Agriculture,Private business or VUP,Oral agreement,21.0,Rural,Southern Province,26000.0
18,Primary education,Elementary and other work,Services,Private business or VUP,Oral agreement,6.0,Rural,Southern Province,31200.0
23,Primary education,Agriculture,Agriculture,Private business or VUP,Oral agreement,3.0,Rural,Southern Province,39000.0
28,Primary education,Elementary and other work,Services,Household,Oral agreement,49.0,Rural,Southern Province,20000.0
21,Lower secondary education,Skilled trades and operators,Industry,Private business or VUP,Oral agreement,45.0,Rural,Southern Province,104000.0
24,Primary education,Agriculture,Agriculture,Private business or VUP,Oral agreement,36.0,Rural,Southern Province,26000.0
21,Upper secondary education,Sales and services,Services,Private business or VUP,Oral agreement,45.0,Rural,Southern Province,30000.0
18,Primary education,Elementary and other work,Industry,Private business or VUP,Oral agreement,10.0,Rural,Southern Province,52000.0
16,Primary education,Elementary and other work,Services,Household,Oral agreement,36.0,Rural,Southern Province,15000.0
26,Primary education,Sales and services,Services,Private business or VUP,Oral agreement,48.0,Rural,Southern Province,20000.0
21,Upper secondary education,Sales and services,Services,Private business or VUP,Oral agreement,36.0,Rural,Southern Province,20000.0
26,Primary education,Sales and services,Services,Private business or VUP,Oral agreement,36.0,Rural,Southern Province,30000.0
26,Lower secondary education,Agriculture,Agriculture,Private business or VUP,Oral agreement,18.0,Rural,Southern Province,20800.0
22,Primary education,Elementary and other work,Services,Household,Oral agreement,45.0,Urban,Southern Province,15000.0
29,Lower secondary education,Elementary and other work,Services,Private business or VUP,Oral agreement,35.0,Urban,Southern Province,30000.0
18,Primary education,Elementary and other work,Services,Household,Oral agreement,42.0,Urban,Southern Province,15000.0
24,Primary education,Skilled trades and operators,Services,Private business or VUP,Oral agreement,15.0,Urban,Southern Province,130000.0
19,Primary education,Elementary and other work,Services,Household,Oral agreement,54.0,Rural,Southern Province,7000.0
26,No formal education,Sales and services,Services,Private business or VUP,Oral agreement,10.0,Urban,Southern Province,30000.0
30,Tertiary education,Sales and services,Services,Private business or VUP,Oral agreement,48.0,Urban,Southern Province,350000.0
28,Tertiary education,"Education, health and social services",Services,Public institution,Written contract,40.0,Urban,Southern Province,270000.0
19,Lower secondary education,Elementary and other work,Services,Household,Oral agreement,36.0,Urban,Southern Province,20000.0
27,Primary education,Agriculture,Agriculture,Private business or VUP,Oral agreement,24.0,Urban,Southern Province,31200.0
23,Primary education,Agriculture,Agriculture,Private business or VUP,Oral agreement,42.0,Rural,Southern Province,31200.0
20,Primary education,Elementary and other work,Services,Household,Oral agreement,56.0,Rural,Southern Province,20000.0
30,Upper secondary education,"Business, management and office work",Industry,Private business or VUP,Oral agreement,66.0,Rural,Southern Province,94000.0
28,Lower secondary education,Skilled trades and operators,Industry,Private business or VUP,Oral agreement,66.0,Rural,Southern Province,58000.0
17,Primary education,Elementary and other work,Services,Household,Oral agreement,42.0,Rural,Southern Province,15000.0
30,Upper secondary education,Agriculture,Agriculture,Private business or VUP,Oral agreement,36.0,Rural,Southern Province,31200.0
27,Lower secondary education,Agriculture,Agriculture,Private business or VUP,Oral agreement,36.0,Rural,Southern Province,26000.0
29,Lower secondary education,Agriculture,Agriculture,Private business or VUP,Oral agreement,30.0,Rural,Southern Province,31200.0
22,Lower secondary education,Elementary and other work,Industry,Private business or VUP,Oral agreement,48.0,Rural,Southern Province,104000.0
21,Lower secondary education,Elementary and other work,Services,Private business or VUP,Oral agreement,30.0,Rural,Southern Province,20000.0
21,Primary education,Agriculture,Agriculture,Private business or VUP,Oral agreement,36.0,Rural,Southern Province,26000.0
27,Primary education,Agriculture,Agriculture,Private business or VUP,Oral agreement,35.0,Rural,Southern Province,20800.0
26,Primary education,Elementary and other work,Services,Household,Oral agreement,60.0,Rural,Southern Province,10000.0
19,Primary education,Elementary and other work,Industry,Private business or VUP,Oral agreement,35.0,Rural,Southern Province,52000.0
18,Primary education,Elementary and other work,Services,Household,Oral agreement,35.0,Rural,Southern Province,10000.0
26,Primary education,Elementary and other work,Services,Private business or VUP,Oral agreement,44.0,Rural,Southern Province,130000.0
30,Primary education,Agriculture,Agriculture,Private business or VUP,Oral agreement,30.0,Rural,Southern Province,39000.0
26,Primary education,Agriculture,Agriculture,Private business or VUP,Oral agreement,30.0,Rural,Southern Province,39000.0
30,Primary education,Agriculture,Agriculture,Private business or VUP,Oral agreement,36.0,Rural,Southern Province,26000.0
21,Primary education,Agriculture,Agriculture,Private business or VUP,Oral agreement,36.0,Rural,Southern Province,20800.0
19,Primary education,Agriculture,Agriculture,Private business or VUP,Oral agreement,30.0,Rural,Southern Province,20800.0
18,Primary education,Agriculture,Agriculture,Private business or VUP,Oral agreement,54.0,Rural,Southern Province,10000.0
18,Primary education,Agriculture,Agriculture,Private business or VUP,Oral agreement,36.0,Rural,Southern Province,18200.0
20,No formal education,Agriculture,Agriculture,Private business or VUP,Oral agreement,45.0,Rural,Southern Province,20000.0
18,Primary education,Elementary and other work,Services,Household,Oral agreement,42.0,Rural,Southern Province,15000.0
21,Lower secondary education,Elementary and other work,Industry,Private business or VUP,Oral agreement,35.0,Rural,Southern Province,78000.0
23,Primary education,Agriculture,Agriculture,Private business or VUP,Oral agreement,36.0,Rural,Southern Province,26000.0
16,Primary education,Elementary and other work,Services,Household,Oral agreement,35.0,Rural,Southern Province,10000.0
29,Primary education,Elementary and other work,Industry,Private business or VUP,Oral agreement,45.0,Urban,Southern Province,52000.0
21,Primary education,Agriculture,Agriculture,Private business or VUP,Oral agreement,36.0,Urban,Southern Province,26000.0
24,Primary education,Elementary and other work,Services,Household,Oral agreement,70.0,Urban,Southern Province,20000.0
27,Lower secondary education,Skilled trades and operators,Industry,Private business or VUP,Oral agreement,56.0,Urban,Southern Province,182000.0
24,Tertiary education,"Business, management and office work",Services,Private business or VUP,Oral agreement,40.0,Urban,Southern Province,60000.0
24,Tertiary education,Skilled trades and operators,Industry,Private business or VUP,Oral agreement,48.0,Urban,Southern Province,78000.0
20,Primary education,Elementary and other work,Services,Household,Written contract,49.0,Urban,Southern Province,26000.0
27,Primary education,Elementary and other work,Services,Household,Written contract,48.0,Urban,Southern Province,35000.0
25,Upper secondary education,ICT,Services,Public institution,Written contract,48.0,Urban,Southern Province,45000.0
24,Upper secondary education,ICT,Services,Public institution,Written contract,40.0,Urban,Southern Province,45000.0
27,Lower secondary education,Elementary and other work,Services,Private business or VUP,Oral agreement,60.0,Urban,Southern Province,40000.0
22,Lower secondary education,Elementary and other work,Services,Household,Oral agreement,70.0,Urban,Southern Province,20000.0
21,Lower secondary education,Agriculture,Agriculture,Private business or VUP,Oral agreement,20.0,Rural,Southern Province,26000.0
29,Primary education,Agriculture,Agriculture,Private business or VUP,Oral agreement,10.0,Rural,Southern Province,31200.0
16,Primary education,Elementary and other work,Services,Household,Oral agreement,42.0,Rural,Southern Province,8000.0
21,Primary education,Agriculture,Industry,Private business or VUP,Oral agreement,16.0,Rural,Southern Province,31200.0
24,Primary education,Agriculture,Agriculture,Private business or VUP,Oral agreement,30.0,Rural,Southern Province,31200.0
27,Primary education,Sales and services,Services,Private business or VUP,Oral agreement,8.0,Rural,Southern Province,30000.0
28,Primary education,Agriculture,Agriculture,Private business or VUP,Oral agreement,15.0,Rural,Southern Province,31200.0
25,Primary education,Agriculture,Agriculture,Private business or VUP,Oral agreement,20.0,Rural,Southern Province,31200.0
25,Lower secondary education,Skilled trades and operators,Industry,Private business or VUP,Oral agreement,21.0,Urban,Southern Province,130000.0
16,Primary education,Elementary and other work,Services,Household,Oral agreement,60.0,Urban,Southern Province,15000.0
22,Upper secondary education,Sales and services,Services,Private business or VUP,Oral agreement,70.0,Urban,Southern Province,28000.0
20,Lower secondary education,Elementary and other work,Services,Household,Oral agreement,42.0,Urban,Southern Province,20000.0
20,Primary education,Elementary and other work,Services,Household,Oral agreement,49.0,Urban,Southern Province,30000.0
25,Lower secondary education,Elementary and other work,Services,Household,Oral agreement,54.0,Urban,Southern Province,30000.0
19,Primary education,Elementary and other work,Services,Household,Oral agreement,49.0,Urban,Southern Province,25000.0
29,Primary education,Skilled trades and operators,Industry,Private business or VUP,Oral agreement,35.0,Urban,Southern Province,156000.0
22,Primary education,Elementary and other work,Industry,Private business or VUP,Oral agreement,35.0,Urban,Southern Province,91000.0
26,Primary education,Agriculture,Agriculture,Private business or VUP,Oral agreement,42.0,Rural,Western Province,31200.0
23,Primary education,Agriculture,Agriculture,Private business or VUP,Oral agreement,42.0,Rural,Western Province,31200.0
24,Lower secondary education,Elementary and other work,Industry,Private business or VUP,Oral agreement,40.0,Rural,Western Province,52000.0
21,Lower secondary education,Elementary and other work,Industry,Private business or VUP,Oral agreement,14.0,Rural,Western Province,31200.0
30,Lower secondary education,Elementary and other work,Industry,Private business or VUP,Oral agreement,32.0,Rural,Western Province,52000.0
17,Primary education,Elementary and other work,Services,Household,Oral agreement,63.0,Urban,Western Province,10000.0
27,Lower secondary education,Sales and services,Services,Private business or VUP,Oral agreement,57.0,Urban,Western Province,78000.0
22,Upper secondary education,Sales and services,Services,Private business or VUP,Oral agreement,77.0,Urban,Western Province,35000.0
22,Primary education,Elementary and other work,Services,Household,Oral agreement,72.0,Urban,Western Province,15000.0
18,Primary education,Elementary and other work,Services,Household,Oral agreement,56.0,Urban,Western Province,15000.0
18,Lower secondary education,Elementary and other work,Services,Household,Oral agreement,56.0,Urban,Western Province,20000.0
27,Tertiary education,"Business, management and office work",Services,Private business or VUP,Written contract,40.0,Urban,Western Province,250000.0
21,Primary education,Agriculture,Agriculture,Private business or VUP,Oral agreement,44.0,Rural,Western Province,39000.0
21,Lower secondary education,Agriculture,Agriculture,Private business or VUP,Oral agreement,20.0,Rural,Western Province,31200.0
28,Primary education,Skilled trades and operators,Industry,Private business or VUP,Oral agreement,18.0,Rural,Western Province,25000.0
24,Primary education,Elementary and other work,Industry,Private business or VUP,Oral agreement,53.0,Rural,Western Province,42250.0
20,Lower secondary education,Agriculture,Agriculture,Private business or VUP,Oral agreement,50.0,Rural,Western Province,32500.0
23,Upper secondary education,Skilled trades and operators,Industry,Private business or VUP,Oral agreement,63.0,Rural,Western Province,106166.66
18,Primary education,Elementary and other work,Industry,Private business or VUP,Oral agreement,45.0,Rural,Western Province,54166.668
26,Primary education,Agriculture,Agriculture,Private business or VUP,Oral agreement,18.0,Rural,Western Province,39000.0
30,Primary education,Elementary and other work,Industry,Private business or VUP,Oral agreement,45.0,Rural,Western Province,52000.0
24,Primary education,Agriculture,Agriculture,Private business or VUP,Oral agreement,32.0,Rural,Western Province,26000.0
22,Primary education,Agriculture,Agriculture,Private business or VUP,Oral agreement,10.0,Rural,Western Province,31200.0
23,Primary education,Agriculture,Agriculture,Private business or VUP,Oral agreement,35.0,Rural,Western Province,31200.0
16,Primary education,Elementary and other work,Services,Household,Oral agreement,56.0,Rural,Western Province,10000.0
30,Primary education,Elementary and other work,Industry,Private business or VUP,Oral agreement,38.0,Rural,Western Province,39000.0
20,Primary education,Elementary and other work,Industry,Private business or VUP,Oral agreement,36.0,Rural,Western Province,52000.0
27,Primary education,Elementary and other work,Services,Private business or VUP,Oral agreement,35.0,Rural,Western Province,52000.0
22,Primary education,Sales and services,Services,Public institution,Oral agreement,92.0,Rural,Western Province,20000.0
23,Primary education,Agriculture,Industry,Private business or VUP,Oral agreement,48.0,Rural,Western Province,39000.0
25,Primary education,Elementary and other work,Industry,Private business or VUP,Oral agreement,40.0,Rural,Western Province,52000.0
29,Primary education,Agriculture,Agriculture,Private business or VUP,Oral agreement,28.0,Rural,Western Province,20800.0
23,Primary education,Agriculture,Agriculture,Private business or VUP,Oral agreement,61.0,Urban,Western Province,26000.0
22,Primary education,Skilled trades and operators,Industry,Private business or VUP,Oral agreement,35.0,Urban,Western Province,39000.0
21,Primary education,Elementary and other work,Services,Private business or VUP,Oral agreement,14.0,Urban,Western Province,31200.0
26,Primary education,Agriculture,Agriculture,Private business or VUP,Oral agreement,15.0,Urban,Western Province,26000.0
22,Primary education,Agriculture,Agriculture,Private business or VUP,Oral agreement,34.0,Urban,Western Province,20800.0
23,Primary education,Elementary and other work,Services,Household,Oral agreement,30.0,Urban,Western Province,50000.0
19,Lower secondary education,Elementary and other work,Services,Household,Oral agreement,36.0,Urban,Western Province,30000.0
28,Tertiary education,"Business, management and office work",Services,Private business or VUP,Written contract,36.0,Urban,Western Province,210000.0
28,Primary education,Elementary and other work,Services,Household,Oral agreement,28.0,Urban,Western Province,30000.0
29,Lower secondary education,Elementary and other work,Services,Household,Oral agreement,28.0,Urban,Western Province,30000.0
21,Primary education,Elementary and other work,Industry,Private business or VUP,Oral agreement,12.0,Urban,Western Province,52000.0
20,Primary education,Elementary and other work,Industry,Private business or VUP,Oral agreement,12.0,Urban,Western Province,39000.0
26,Primary education,"Education, health and social services",Services,Private business or VUP,Oral agreement,25.0,Urban,Western Province,15000.0
20,Primary education,Elementary and other work,Industry,Private business or VUP,Oral agreement,35.0,Urban,Western Province,39000.0
25,Primary education,Agriculture,Agriculture,Private business or VUP,Oral agreement,36.0,Urban,Western Province,52000.0
25,Primary education,Elementary and other work,Industry,Private business or VUP,Oral agreement,42.0,Urban,Western Province,52000.0
30,Primary education,Agriculture,Agriculture,Private business or VUP,Oral agreement,40.0,Urban,Western Province,39000.0
26,Primary education,Agriculture,Agriculture,Private business or VUP,Oral agreement,45.0,Rural,Western Province,26000.0
18,Primary education,Elementary and other work,Industry,Private business or VUP,Oral agreement,35.0,Rural,Western Province,39000.0
22,Primary education,Elementary and other work,Services,Private business or VUP,Oral agreement,54.0,Rural,Western Province,15600.0
18,Primary education,Skilled trades and operators,Industry,Private business or VUP,Oral agreement,27.0,Rural,Western Province,39000.0
22,Primary education,Elementary and other work,Industry,Private business or VUP,Oral agreement,40.0,Rural,Western Province,26000.0
29,No formal education,Sales and services,Services,Private business or VUP,Written contract,35.0,Rural,Western Province,15000.0
21,Primary education,Elementary and other work,Industry,Private business or VUP,Oral agreement,38.0,Rural,Western Province,39000.0
23,Primary education,Elementary and other work,Services,Private business or VUP,Oral agreement,42.0,Rural,Western Province,26000.0
24,Primary education,Elementary and other work,Industry,Private business or VUP,Oral agreement,28.0,Rural,Western Province,26000.0
21,Primary education,Elementary and other work,Services,Private business or VUP,Oral agreement,32.0,Rural,Western Province,26000.0
27,Upper secondary education,Skilled trades and operators,Industry,Private business or VUP,Oral agreement,60.0,Urban,Western Province,130000.0
24,Primary education,Skilled trades and operators,Services,Private business or VUP,Oral agreement,50.0,Urban,Western Province,75000.0
28,Primary education,Elementary and other work,Services,Household,Oral agreement,72.0,Urban,Western Province,20000.0
30,Primary education,Elementary and other work,Industry,Private business or VUP,Oral agreement,36.0,Rural,Western Province,78000.0
27,Primary education,Skilled trades and operators,Industry,Private business or VUP,Oral agreement,36.0,Rural,Western Province,65000.0
20,Primary education,Elementary and other work,Services,Private business or VUP,Oral agreement,60.0,Rural,Western Province,25000.0
18,Primary education,Elementary and other work,Agriculture,Private business or VUP,Oral agreement,35.0,Rural,Western Province,26000.0
19,Primary education,Agriculture,Agriculture,Private business or VUP,Oral agreement,36.0,Rural,Western Province,39000.0
29,Primary education,Skilled trades and operators,Industry,Private business or VUP,Oral agreement,44.0,Rural,Western Province,104000.0
18,Primary education,Skilled trades and operators,Agriculture,Private business or VUP,Oral agreement,35.0,Rural,Western Province,40000.0
20,Lower secondary education,Sales and services,Agriculture,Private business or VUP,Oral agreement,70.0,Rural,Western Province,30000.0
17,Primary education,Elementary and other work,Agriculture,Private business or VUP,Oral agreement,35.0,Rural,Western Province,39000.0
26,Primary education,"Business, management and office work",Services,Private business or VUP,Oral agreement,45.0,Rural,Western Province,208000.0
22,Primary education,Agriculture,Agriculture,Private business or VUP,Oral agreement,35.0,Rural,Western Province,52000.0
18,Primary education,Agriculture,Agriculture,Private business or VUP,Oral agreement,30.0,Rural,Western Province,52000.0
21,Primary education,Agriculture,Agriculture,Private business or VUP,Oral agreement,35.0,Rural,Western Province,52000.0
19,Primary education,Agriculture,Agriculture,Private business or VUP,Oral agreement,35.0,Rural,Western Province,52000.0
22,Primary education,Agriculture,Agriculture,Private business or VUP,Oral agreement,35.0,Rural,Western Province,39000.0
17,Primary education,Agriculture,Agriculture,Private business or VUP,Oral agreement,35.0,Rural,Western Province,39000.0
22,Primary education,Agriculture,Agriculture,Private business or VUP,Oral agreement,18.0,Rural,Western Province,26000.0
21,Lower secondary education,Elementary and other work,Services,Private business or VUP,Oral agreement,15.0,Rural,Western Province,20800.0
29,Primary education,Skilled trades and operators,Industry,Private business or VUP,Written contract,45.0,Rural,Western Province,65000.0
20,Primary education,Agriculture,Agriculture,Private business or VUP,Oral agreement,30.0,Rural,Western Province,26000.0
19,Primary education,Agriculture,Agriculture,Private business or VUP,Oral agreement,30.0,Rural,Western Province,26000.0
28,Primary education,Agriculture,Agriculture,Private business or VUP,Oral agreement,40.0,Rural,Western Province,31200.0
29,No formal education,Elementary and other work,Industry,Private business or VUP,Oral agreement,45.0,Rural,Western Province,78000.0
17,Primary education,Agriculture,Agriculture,Private business or VUP,Oral agreement,30.0,Rural,Western Province,20800.0
21,Primary education,Elementary and other work,Services,Private business or VUP,Oral agreement,24.0,Rural,Western Province,39000.0
18,Primary education,Elementary and other work,Services,Private business or VUP,Oral agreement,32.0,Rural,Western Province,46800.0
17,Primary education,Agriculture,Agriculture,Private business or VUP,Oral agreement,35.0,Rural,Western Province,26000.0
24,Primary education,Agriculture,Agriculture,Private business or VUP,Oral agreement,40.0,Rural,Western Province,31200.0
27,Primary education,Agriculture,Agriculture,Private business or VUP,Oral agreement,40.0,Rural,Western Province,31200.0
21,Lower secondary education,Elementary and other work,Services,Private business or VUP,Oral agreement,5.0,Rural,Western Province,39000.0
16,Primary education,Agriculture,Agriculture,Private business or VUP,Oral agreement,35.0,Rural,Western Province,19500.0
21,Lower secondary education,Agriculture,Agriculture,Private business or VUP,Oral agreement,36.0,Rural,Western Province,39000.0
18,Primary education,Agriculture,Agriculture,Private business or VUP,Oral agreement,40.0,Rural,Western Province,26000.0
27,Lower secondary education,Agriculture,Agriculture,Private business or VUP,Oral agreement,36.0,Rural,Western Province,33800.0
17,Primary education,Sales and services,Services,Private business or VUP,Oral agreement,40.0,Rural,Western Province,31200.0
17,Lower secondary education,Elementary and other work,Industry,Private business or VUP,Oral agreement,36.0,Rural,Western Province,26000.0
26,Primary education,Agriculture,Agriculture,Private business or VUP,Oral agreement,20.0,Rural,Western Province,26000.0
26,Primary education,Skilled trades and operators,Industry,Private business or VUP,Oral agreement,27.0,Rural,Western Province,13000.0
18,Primary education,Agriculture,Agriculture,Private business or VUP,Oral agreement,12.0,Rural,Western Province,26000.0
25,Lower secondary education,Elementary and other work,Services,Household,Oral agreement,36.0,Urban,Western Province,34666.668
22,Lower secondary education,Sales and services,Services,Private business or VUP,Oral agreement,50.0,Urban,Western Province,20000.0
29,Tertiary education,"Business, management and office work",Services,Cooperative,Oral agreement,45.0,Urban,Western Province,40000.0
21,Upper secondary education,Elementary and other work,Services,Household,Oral agreement,70.0,Urban,Western Province,15000.0
26,Primary education,Skilled trades and operators,Industry,Private business or VUP,Oral agreement,54.0,Rural,Western Province,43333.332
19,Primary education,Elementary and other work,Services,Private business or VUP,Oral agreement,72.0,Urban,Western Province,15000.0
18,Primary education,Sales and services,Services,Private business or VUP,Oral agreement,25.0,Urban,Western Province,8000.0
21,Primary education,Sales and services,Services,Private business or VUP,Oral agreement,4.0,Urban,Western Province,78000.0
21,Primary education,Agriculture,Agriculture,Private business or VUP,Oral agreement,18.0,Rural,Western Province,7000.0
22,Primary education,Agriculture,Agriculture,Private business or VUP,Oral agreement,21.0,Rural,Western Province,31200.0
16,Primary education,Agriculture,Industry,Private business or VUP,Oral agreement,27.0,Rural,Western Province,33800.0
23,Primary education,Agriculture,Agriculture,Private business or VUP,Oral agreement,21.0,Rural,Western Province,39000.0
25,Primary education,Agriculture,Agriculture,Private business or VUP,Oral agreement,42.0,Rural,Western Province,39000.0
19,Primary education,Elementary and other work,Industry,Private business or VUP,Oral agreement,50.0,Rural,Western Province,39000.0
20,Primary education,Elementary and other work,Industry,Private business or VUP,Oral agreement,45.0,Rural,Western Province,52000.0
18,Primary education,Agriculture,Agriculture,Private business or VUP,Oral agreement,36.0,Rural,Western Province,39000.0
16,Primary education,Agriculture,Agriculture,Private business or VUP,Oral agreement,28.0,Rural,Western Province,26000.0
23,Upper secondary education,Sales and services,Services,Private business or VUP,Oral agreement,20.0,Rural,Western Province,104000.0
28,Tertiary education,"Education, health and social services",Services,Public institution,Written contract,40.0,Rural,Western Province,128000.0
18,Primary education,Skilled trades and operators,Industry,Private business or VUP,Oral agreement,45.0,Rural,Western Province,39000.0
28,Primary education,Agriculture,Agriculture,Private business or VUP,Oral agreement,6.0,Rural,Western Province,18200.0
25,Primary education,Agriculture,Agriculture,Private business or VUP,Oral agreement,24.0,Rural,Western Province,33800.0
18,Lower secondary education,Agriculture,Agriculture,Private business or VUP,Oral agreement,20.0,Rural,Northern Province,65000.0
17,Lower secondary education,Agriculture,Agriculture,Private business or VUP,Oral agreement,20.0,Rural,Northern Province,65000.0
17,Lower secondary education,Agriculture,Agriculture,Private business or VUP,Oral agreement,37.0,Rural,Northern Province,26000.0
23,Upper secondary education,"Education, health and social services",Services,Public institution,Written contract,40.0,Rural,Northern Province,100000.0
24,Primary education,Skilled trades and operators,Industry,Private business or VUP,Oral agreement,42.0,Rural,Northern Province,40000.0
27,Upper secondary education,Sales and services,Industry,Private business or VUP,Written contract,66.0,Rural,Northern Province,63000.0
28,Lower secondary education,Elementary and other work,Industry,Private business or VUP,Oral agreement,48.0,Rural,Northern Province,10000.0
26,Primary education,Skilled trades and operators,Industry,Private business or VUP,Oral agreement,30.0,Rural,Northern Province,25000.0
21,Primary education,Elementary and other work,Industry,Private business or VUP,Oral agreement,54.0,Rural,Northern Province,52000.0
17,Primary education,Elementary and other work,Industry,Private business or VUP,Oral agreement,48.0,Rural,Northern Province,40000.0
27,Upper secondary education,Sales and services,Industry,Private business or VUP,Written contract,66.0,Rural,Northern Province,63000.0
16,Lower secondary education,Elementary and other work,Services,Private business or VUP,Oral agreement,4.0,Rural,Northern Province,26000.0
25,Primary education,Elementary and other work,Industry,Private business or VUP,Oral agreement,45.0,Rural,Northern Province,65000.0
23,Primary education,Elementary and other work,Industry,Private business or VUP,Oral agreement,36.0,Rural,Northern Province,78000.0
22,Primary education,Agriculture,Industry,Private business or VUP,Oral agreement,36.0,Rural,Northern Province,26000.0
19,Primary education,Elementary and other work,Industry,Private business or VUP,Oral agreement,36.0,Rural,Northern Province,78000.0
25,Primary education,Agriculture,Agriculture,Private business or VUP,Oral agreement,12.0,Rural,Northern Province,31200.0
26,Primary education,Agriculture,Agriculture,Private business or VUP,Oral agreement,40.0,Rural,Northern Province,31200.0
22,Primary education,Agriculture,Agriculture,Private business or VUP,Oral agreement,20.0,Rural,Northern Province,26000.0
17,Primary education,Elementary and other work,Industry,Private business or VUP,Oral agreement,33.0,Rural,Northern Province,26000.0
24,Primary education,Agriculture,Agriculture,Private business or VUP,Oral agreement,36.0,Rural,Northern Province,26000.0
20,Primary education,Elementary and other work,Services,Private business or VUP,Oral agreement,40.0,Rural,Northern Province,78000.0
25,Primary education,"Education, health and social services",Services,Private business or VUP,Oral agreement,50.0,Rural,Northern Province,120000.0
22,Primary education,Elementary and other work,Industry,Private business or VUP,Oral agreement,30.0,Rural,Northern Province,52000.0
20,Primary education,Agriculture,Agriculture,Private business or VUP,Oral agreement,30.0,Rural,Northern Province,26000.0
29,Primary education,Elementary and other work,Industry,Private business or VUP,Oral agreement,10.0,Rural,Northern Province,65000.0
30,Primary education,Agriculture,Agriculture,Private business or VUP,Oral agreement,14.0,Rural,Northern Province,39000.0
26,Lower secondary education,Agriculture,Agriculture,Private business or VUP,Oral agreement,24.0,Rural,Northern Province,21666.666
28,Primary education,Agriculture,Agriculture,Private business or VUP,Oral agreement,18.0,Rural,Northern Province,20800.0
28,Primary education,Skilled trades and operators,Industry,Private business or VUP,Written contract,20.0,Rural,Northern Province,130000.0
26,Primary education,Elementary and other work,Industry,Private business or VUP,Oral agreement,45.0,Rural,Northern Province,52000.0
19,Primary education,Agriculture,Agriculture,Private business or VUP,Oral agreement,18.0,Rural,Northern Province,39000.0
30,Primary education,Agriculture,Agriculture,Private business or VUP,Oral agreement,30.0,Rural,Northern Province,39000.0
17,Primary education,Agriculture,Agriculture,Private business or VUP,Oral agreement,16.0,Rural,Northern Province,39000.0
26,Primary education,Agriculture,Services,Private business or VUP,Oral agreement,35.0,Rural,Northern Province,39000.0
28,Upper secondary education,"Education, health and social services",Services,Public institution,Written contract,45.0,Rural,Northern Province,100000.0
19,Upper secondary education,Skilled trades and operators,Industry,Private business or VUP,Oral agreement,35.0,Urban,Northern Province,130000.0
28,Lower secondary education,Skilled trades and operators,Industry,Private business or VUP,Oral agreement,63.0,Urban,Northern Province,78000.0
23,Lower secondary education,Skilled trades and operators,Services,Private business or VUP,Written contract,48.0,Urban,Northern Province,110000.0
16,Primary education,Elementary and other work,Services,Household,Written contract,49.0,Urban,Northern Province,15000.0
25,Upper secondary education,Elementary and other work,Services,Private business or VUP,Written contract,48.0,Urban,Northern Province,50000.0
25,Primary education,Elementary and other work,Industry,Private business or VUP,Oral agreement,36.0,Urban,Northern Province,65000.0
22,Primary education,Agriculture,Agriculture,Private business or VUP,Oral agreement,36.0,Urban,Northern Province,26000.0
24,Upper secondary education,Skilled trades and operators,Industry,Private business or VUP,Oral agreement,60.0,Urban,Northern Province,156000.0
25,Primary education,Agriculture,Agriculture,Private business or VUP,Oral agreement,32.0,Urban,Northern Province,39000.0
16,Primary education,Elementary and other work,Industry,Private business or VUP,Oral agreement,45.0,Urban,Northern Province,52000.0
20,Lower secondary education,Skilled trades and operators,Industry,Private business or VUP,Oral agreement,40.0,Urban,Northern Province,104000.0
16,Primary education,Agriculture,Agriculture,Private business or VUP,Oral agreement,30.0,Rural,Northern Province,26000.0
19,Primary education,Agriculture,Agriculture,Private business or VUP,Oral agreement,54.0,Rural,Northern Province,50000.0
25,Primary education,Agriculture,Agriculture,Private business or VUP,Oral agreement,60.0,Rural,Northern Province,26000.0
30,Primary education,Elementary and other work,Industry,Private business or VUP,Oral agreement,42.0,Rural,Northern Province,39000.0
23,Primary education,Elementary and other work,Industry,Private business or VUP,Oral agreement,25.0,Rural,Northern Province,117000.0
24,Primary education,Agriculture,Agriculture,Private business or VUP,Oral agreement,51.0,Rural,Northern Province,52000.0
30,Upper secondary education,Elementary and other work,Industry,Private business or VUP,Oral agreement,25.0,Rural,Northern Province,18200.0
30,Primary education,Agriculture,Agriculture,Private business or VUP,Oral agreement,18.0,Rural,Northern Province,52000.0
23,Primary education,Agriculture,Agriculture,Private business or VUP,Oral agreement,12.0,Rural,Northern Province,52000.0
19,Primary education,Skilled trades and operators,Industry,Private business or VUP,Oral agreement,24.0,Rural,Northern Province,52000.0
22,Primary education,Agriculture,Agriculture,Private business or VUP,Oral agreement,12.0,Rural,Northern Province,52000.0
21,Lower secondary education,Agriculture,Agriculture,Private business or VUP,Oral agreement,6.0,Rural,Northern Province,39000.0
24,No formal education,Elementary and other work,Services,Private business or VUP,Oral agreement,34.0,Rural,Northern Province,26000.0
17,Primary education,Elementary and other work,Services,Private business or VUP,Oral agreement,8.0,Rural,Northern Province,26000.0
26,Lower secondary education,Elementary and other work,Industry,Private business or VUP,Oral agreement,48.0,Rural,Northern Province,40000.0
24,Upper secondary education,Agriculture,Agriculture,Private business or VUP,Oral agreement,27.0,Rural,Northern Province,19500.0
20,Lower secondary education,Agriculture,Agriculture,Private business or VUP,Oral agreement,42.0,Rural,Northern Province,156000.0
22,Tertiary education,Elementary and other work,Services,Private business or VUP,Oral agreement,55.0,Rural,Northern Province,25000.0
19,Lower secondary education,Agriculture,Agriculture,Private business or VUP,Oral agreement,35.0,Rural,Northern Province,33800.0
27,Upper secondary education,Agriculture,Agriculture,Private business or VUP,Oral agreement,36.0,Rural,Northern Province,31200.0
25,Lower secondary education,Agriculture,Agriculture,Private business or VUP,Oral agreement,36.0,Rural,Northern Province,31200.0
21,Lower secondary education,Agriculture,Agriculture,Private business or VUP,Oral agreement,36.0,Rural,Northern Province,31200.0
24,Primary education,Skilled trades and operators,Agriculture,Private business or VUP,Oral agreement,5.0,Rural,Northern Province,13000.0
23,Primary education,Agriculture,Agriculture,Private business or VUP,Oral agreement,25.0,Rural,Eastern Province,31200.0
30,Upper secondary education,Elementary and other work,Industry,Private business or VUP,Oral agreement,36.0,Rural,Eastern Province,52000.0
27,Upper secondary education,Agriculture,Agriculture,Private business or VUP,Oral agreement,36.0,Rural,Eastern Province,33800.0
20,Primary education,Sales and services,Services,Private business or VUP,Oral agreement,21.0,Rural,Eastern Province,52000.0
25,Primary education,Agriculture,Agriculture,Private business or VUP,Oral agreement,70.0,Rural,Eastern Province,20000.0
22,Lower secondary education,Sales and services,Services,Public institution,Oral agreement,45.0,Rural,Eastern Province,30000.0
26,Lower secondary education,Sales and services,Services,Private business or VUP,Written contract,72.0,Urban,Eastern Province,60000.0
18,Primary education,Elementary and other work,Services,Household,Oral agreement,70.0,Urban,Eastern Province,14000.0
30,Primary education,Elementary and other work,Industry,Private business or VUP,Oral agreement,28.0,Urban,Eastern Province,52000.0
23,Lower secondary education,Elementary and other work,Industry,Private business or VUP,Oral agreement,12.0,Urban,Eastern Province,78000.0
16,Primary education,Elementary and other work,Industry,Private business or VUP,Oral agreement,45.0,Urban,Eastern Province,78000.0
25,Upper secondary education,"Education, health and social services",Services,Public institution,Written contract,40.0,Urban,Eastern Province,113882.0
19,Primary education,Elementary and other work,Services,Household,Oral agreement,60.0,Urban,Eastern Province,15000.0
27,Tertiary education,"Education, health and social services",Services,Public institution,Written contract,40.0,Urban,Eastern Province,266285.0
21,Primary education,Skilled trades and operators,Industry,Private business or VUP,Oral agreement,53.0,Rural,Eastern Province,104000.0
19,Primary education,Elementary and other work,Industry,Private business or VUP,Oral agreement,70.0,Rural,Eastern Province,78000.0
29,Tertiary education,"Education, health and social services",Services,Public institution,Written contract,40.0,Rural,Eastern Province,50000.0
27,Primary education,Elementary and other work,Industry,Private business or VUP,Oral agreement,15.0,Rural,Eastern Province,31200.0
28,Upper secondary education,ICT,Services,Public institution,Written contract,84.0,Urban,Eastern Province,67000.0
18,Primary education,Elementary and other work,Services,Household,Oral agreement,35.0,Urban,Eastern Province,10000.0
19,Primary education,Elementary and other work,Industry,Private business or VUP,Oral agreement,8.0,Urban,Eastern Province,52000.0
28,Tertiary education,"Business, management and office work",Services,Public institution,Written contract,40.0,Urban,Eastern Province,272000.0
26,Lower secondary education,Sales and services,Services,Private business or VUP,Written contract,70.0,Urban,Eastern Province,28000.0
24,Upper secondary education,"Education, health and social services",Services,Private business or VUP,Written contract,40.0,Urban,Eastern Province,60000.0
30,Primary education,Agriculture,Agriculture,Private business or VUP,Oral agreement,42.0,Urban,Eastern Province,26000.0
27,Primary education,Skilled trades and operators,Industry,Private business or VUP,Oral agreement,32.0,Urban,Eastern Province,78000.0
26,Upper secondary education,"Business, management and office work",Services,Private business or VUP,Oral agreement,70.0,Urban,Eastern Province,60000.0
28,Lower secondary education,Agriculture,Agriculture,Private business or VUP,Oral agreement,48.0,Rural,Eastern Province,15600.0
22,Primary education,Agriculture,Agriculture,Private business or VUP,Oral agreement,30.0,Rural,Eastern Province,20800.0
28,Upper secondary education,"Education, health and social services",Services,Public institution,Written contract,40.0,Rural,Eastern Province,118000.0
19,Lower secondary education,Agriculture,Agriculture,Private business or VUP,Oral agreement,54.0,Rural,Eastern Province,36833.332
30,Primary education,Agriculture,Agriculture,Private business or VUP,Oral agreement,6.0,Rural,Eastern Province,13000.0
30,Primary education,Agriculture,Agriculture,Private business or VUP,Oral agreement,36.0,Rural,Eastern Province,20800.0
24,No formal education,Agriculture,Agriculture,Private business or VUP,Oral agreement,25.0,Rural,Eastern Province,26000.0
17,Primary education,Elementary and other work,Services,Household,Oral agreement,46.0,Rural,Eastern Province,20000.0
22,Primary education,Agriculture,Agriculture,Private business or VUP,Oral agreement,20.0,Rural,Eastern Province,20800.0
19,Primary education,Agriculture,Agriculture,Private business or VUP,Oral agreement,20.0,Rural,Eastern Province,20800.0
20,Primary education,Agriculture,Agriculture,Private business or VUP,Oral agreement,10.0,Rural,Eastern Province,26000.0
22,Primary education,Agriculture,Agriculture,Private business or VUP,Oral agreement,36.0,Rural,Eastern Province,39000.0
23,Lower secondary education,Agriculture,Agriculture,Private business or VUP,Oral agreement,15.0,Rural,Eastern Province,26000.0
30,Primary education,Agriculture,Agriculture,Private business or VUP,Oral agreement,36.0,Rural,Eastern Province,26000.0
26,Primary education,Agriculture,Agriculture,Private business or VUP,Oral agreement,42.0,Rural,Eastern Province,26000.0
29,No formal education,Agriculture,Agriculture,Private business or VUP,Oral agreement,18.0,Rural,Eastern Province,26000.0
21,Primary education,Agriculture,Agriculture,Private business or VUP,Oral agreement,15.0,Rural,Eastern Province,26000.0
19,Primary education,Agriculture,Agriculture,Private business or VUP,Oral agreement,15.0,Rural,Eastern Province,26000.0
21,Primary education,Agriculture,Agriculture,Private business or VUP,Oral agreement,18.0,Rural,Eastern Province,20800.0
23,Primary education,Agriculture,Agriculture,Private business or VUP,Oral agreement,18.0,Rural,Eastern Province,20800.0
23,Primary education,Agriculture,Agriculture,Private business or VUP,Oral agreement,24.0,Rural,Eastern Province,20800.0
30,Tertiary education,"Education, health and social services",Services,Public institution,Written contract,70.0,Urban,Eastern Province,366000.0
17,Primary education,Elementary and other work,Services,Household,Oral agreement,63.0,Urban,Eastern Province,20000.0
19,Upper secondary education,"Education, health and social services",Services,Private business or VUP,Oral agreement,24.0,Urban,Eastern Province,91000.0
23,Primary education,Elementary and other work,Services,Household,Oral agreement,49.0,Urban,Eastern Province,25000.0
23,Upper secondary education,Elementary and other work,Industry,Private business or VUP,Oral agreement,60.0,Urban,Eastern Province,60000.0
22,Primary education,Elementary and other work,Services,Household,Oral agreement,60.0,Urban,Eastern Province,23000.0
21,Primary education,Elementary and other work,Services,Household,Written contract,50.0,Urban,Eastern Province,25000.0
30,Primary education,Elementary and other work,Services,Household,Oral agreement,50.0,Urban,Eastern Province,20000.0
23,No formal education,Agriculture,Agriculture,Private business or VUP,Oral agreement,40.0,Rural,Eastern Province,20800.0
22,Primary education,Agriculture,Agriculture,Private business or VUP,Oral agreement,42.0,Rural,Eastern Province,26000.0
19,Primary education,Agriculture,Agriculture,Private business or VUP,Oral agreement,42.0,Rural,Eastern Province,26000.0
17,Primary education,Agriculture,Agriculture,Private business or VUP,Oral agreement,42.0,Rural,Eastern Province,26000.0
30,Lower secondary education,Agriculture,Agriculture,Private business or VUP,Oral agreement,30.0,Rural,Eastern Province,26000.0
23,Primary education,Agriculture,Agriculture,Private business or VUP,Oral agreement,15.0,Rural,Eastern Province,26000.0
25,Primary education,Elementary and other work,Industry,Private business or VUP,Oral agreement,58.0,Rural,Eastern Province,65000.0
22,Upper secondary education,Agriculture,Agriculture,Private business or VUP,Oral agreement,48.0,Rural,Eastern Province,25000.0
28,Primary education,Agriculture,Agriculture,Private business or VUP,Oral agreement,30.0,Rural,Eastern Province,26000.0
30,Primary education,Agriculture,Agriculture,Private business or VUP,Oral agreement,30.0,Rural,Eastern Province,26000.0
30,Primary education,Agriculture,Agriculture,Private business or VUP,Oral agreement,25.0,Rural,Eastern Province,26000.0
25,Tertiary education,"Education, health and social services",Services,Public institution,Written contract,40.0,Rural,Eastern Province,120000.0
21,Primary education,Elementary and other work,Industry,Private business or VUP,Oral agreement,32.0,Rural,Eastern Province,39000.0
24,Primary education,Agriculture,Agriculture,Private business or VUP,Oral agreement,18.0,Rural,Eastern Province,26000.0
24,Primary education,Agriculture,Agriculture,Private business or VUP,Oral agreement,30.0,Rural,Eastern Province,39000.0
28,Primary education,Agriculture,Agriculture,Private business or VUP,Oral agreement,15.0,Rural,Eastern Province,26000.0
23,Primary education,Agriculture,Agriculture,Private business or VUP,Oral agreement,24.0,Rural,Eastern Province,39000.0
16,Primary education,Sales and services,Services,Private business or VUP,Oral agreement,36.0,Rural,Eastern Province,78000.0
24,Primary education,Agriculture,Agriculture,Private business or VUP,Oral agreement,20.0,Rural,Eastern Province,18200.0
20,Primary education,Agriculture,Agriculture,Private business or VUP,Oral agreement,15.0,Rural,Eastern Province,18200.0
20,Lower secondary education,Agriculture,Agriculture,Private business or VUP,Oral agreement,11.0,Rural,Eastern Province,18200.0
21,Lower secondary education,Elementary and other work,Industry,Private business or VUP,Oral agreement,18.0,Rural,Eastern Province,39000.0
24,Primary education,Agriculture,Agriculture,Private business or VUP,Oral agreement,63.0,Rural,Eastern Province,39000.0
17,Primary education,Agriculture,Agriculture,NGO or international organisation,Written contract,36.0,Rural,Eastern Province,26000.0
18,Primary education,Agriculture,Agriculture,Private business or VUP,Oral agreement,42.0,Rural,Eastern Province,39000.0
16,Primary education,Elementary and other work,Industry,Private business or VUP,Oral agreement,27.0,Rural,Eastern Province,65000.0
28,Primary education,Agriculture,Agriculture,Private business or VUP,Oral agreement,30.0,Urban,Eastern Province,13000.0
18,Primary education,Agriculture,Agriculture,Private business or VUP,Oral agreement,30.0,Urban,Eastern Province,13000.0
25,Primary education,Elementary and other work,Services,Private business or VUP,Oral agreement,48.0,Urban,Eastern Province,52000.0
23,Lower secondary education,Elementary and other work,Industry,Private business or VUP,Oral agreement,45.0,Urban,Eastern Province,52000.0
28,No formal education,Elementary and other work,Services,Household,Oral agreement,42.0,Rural,Eastern Province,10000.0
21,Primary education,Agriculture,Agriculture,Private business or VUP,Oral agreement,35.0,Rural,Eastern Province,39000.0
28,Primary education,Agriculture,Agriculture,Private business or VUP,Oral agreement,36.0,Rural,Eastern Province,26000.0
26,Lower secondary education,Agriculture,Agriculture,Private business or VUP,Oral agreement,36.0,Rural,Eastern Province,26000.0
26,Primary education,Agriculture,Agriculture,Private business or VUP,Oral agreement,5.0,Rural,Eastern Province,26000.0
29,Primary education,Elementary and other work,Services,Household,Oral agreement,59.0,Rural,Eastern Province,20000.0
25,Primary education,Agriculture,Services,Private business or VUP,Oral agreement,30.0,Rural,Eastern Province,39000.0
17,Primary education,Agriculture,Services,Private business or VUP,Oral agreement,30.0,Rural,Eastern Province,39000.0
29,Upper secondary education,Skilled trades and operators,Industry,Private business or VUP,Oral agreement,40.0,Rural,Eastern Province,104000.0
21,Primary education,Elementary and other work,Industry,Private business or VUP,Oral agreement,40.0,Rural,Eastern Province,65000.0
17,Lower secondary education,Elementary and other work,Industry,Private business or VUP,Oral agreement,40.0,Rural,Eastern Province,65000.0
27,Primary education,Agriculture,Agriculture,Private business or VUP,Oral agreement,30.0,Rural,Eastern Province,26000.0
21,Primary education,Agriculture,Agriculture,Private business or VUP,Oral agreement,48.0,Rural,Eastern Province,26000.0
25,Primary education,Elementary and other work,Industry,Private business or VUP,Oral agreement,9.0,Urban,Eastern Province,91000.0
22,Lower secondary education,Elementary and other work,Services,Household,Oral agreement,70.0,Urban,Eastern Province,20000.0
24,Primary education,Elementary and other work,Industry,Private business or VUP,Oral agreement,33.0,Urban,Eastern Province,91000.0
21,Lower secondary education,Elementary and other work,Industry,Private business or VUP,Oral agreement,32.0,Urban,Eastern Province,91000.0
20,Primary education,Sales and services,Services,Private business or VUP,Oral agreement,72.0,Urban,Eastern Province,25000.0
23,Upper secondary education,Sales and services,Services,Private business or VUP,Oral agreement,48.0,Urban,Eastern Province,80000.0
19,Primary education,Sales and services,Services,Private business or VUP,Oral agreement,40.0,Urban,Eastern Province,26000.0
29,Primary education,Elementary and other work,Industry,Private business or VUP,Oral agreement,21.0,Urban,Eastern Province,130000.0
27,Primary education,Skilled trades and operators,Industry,Private business or VUP,Oral agreement,36.0,Urban,Eastern Province,130000.0
23,Primary education,Skilled trades and operators,Industry,Private business or VUP,Oral agreement,60.0,Urban,Eastern Province,151666.67
22,Primary education,Agriculture,Agriculture,Private business or VUP,Oral agreement,36.0,Urban,Eastern Province,39000.0
28,Primary education,Elementary and other work,Services,Private business or VUP,Oral agreement,35.0,Urban,Kigali city,65000.0
21,Tertiary education,Skilled trades and operators,Industry,Private business or VUP,Oral agreement,45.0,Urban,Kigali city,130000.0
18,Lower secondary education,Skilled trades and operators,Industry,Private business or VUP,Oral agreement,35.0,Urban,Kigali city,104000.0
30,Lower secondary education,Skilled trades and operators,Services,Private business or VUP,Oral agreement,55.0,Urban,Kigali city,260000.0
30,Primary education,Sales and services,Services,Private business or VUP,Oral agreement,48.0,Urban,Kigali city,30000.0
23,Upper secondary education,Sales and services,Services,Private business or VUP,Oral agreement,35.0,Urban,Kigali city,13000.0
30,Primary education,Elementary and other work,Industry,Private business or VUP,Oral agreement,42.0,Rural,Kigali city,26000.0
18,Primary education,Elementary and other work,Services,Private business or VUP,Oral agreement,42.0,Urban,Kigali city,13000.0
17,Lower secondary education,Elementary and other work,Services,Household,Oral agreement,76.0,Urban,Kigali city,15000.0
18,Primary education,Elementary and other work,Services,Household,Oral agreement,42.0,Urban,Kigali city,10000.0
27,Lower secondary education,Elementary and other work,Services,Household,Oral agreement,48.0,Urban,Kigali city,30000.0
30,Upper secondary education,Science and engineering,Services,Private business or VUP,Written contract,42.0,Urban,Kigali city,250000.0
17,Primary education,Elementary and other work,Services,Household,Oral agreement,42.0,Urban,Kigali city,20000.0
29,Primary education,Skilled trades and operators,Services,Private business or VUP,Oral agreement,56.0,Urban,Kigali city,260000.0
23,Tertiary education,Sales and services,Services,Private business or VUP,Oral agreement,60.0,Urban,Kigali city,121333.34
20,Upper secondary education,"Business, management and office work",Services,Private business or VUP,Oral agreement,8.0,Urban,Kigali city,104000.0
16,Lower secondary education,Elementary and other work,Services,Household,Oral agreement,49.0,Urban,Kigali city,20000.0
30,Upper secondary education,"Education, health and social services",Services,Public institution,Written contract,40.0,Urban,Kigali city,100000.0
19,Primary education,Sales and services,Services,Private business or VUP,Oral agreement,18.0,Urban,Kigali city,15000.0
23,Upper secondary education,"Education, health and social services",Services,Private business or VUP,Written contract,51.0,Urban,Kigali city,160000.0
18,Upper secondary education,Skilled trades and operators,Industry,Private business or VUP,Oral agreement,45.0,Urban,Kigali city,182000.0
17,Primary education,Elementary and other work,Services,Household,Oral agreement,35.0,Urban,Kigali city,15000.0
22,Primary education,Elementary and other work,Services,Private business or VUP,Oral agreement,18.0,Rural,Kigali city,26000.0
24,Primary education,Elementary and other work,Industry,Private business or VUP,Oral agreement,66.0,Rural,Kigali city,52000.0
18,Primary education,Elementary and other work,Industry,Private business or VUP,Oral agreement,48.0,Rural,Kigali city,52000.0
18,Primary education,Sales and services,Services,Private business or VUP,Oral agreement,49.0,Rural,Kigali city,15000.0
30,Lower secondary education,Agriculture,Agriculture,Private business or VUP,Oral agreement,36.0,Rural,Kigali city,31200.0
20,Primary education,Agriculture,Agriculture,Private business or VUP,Oral agreement,36.0,Rural,Kigali city,31200.0
17,Primary education,Agriculture,Agriculture,Private business or VUP,Oral agreement,36.0,Rural,Kigali city,39000.0
26,Lower secondary education,"Education, health and social services",Services,Public institution,Written contract,10.0,Rural,Kigali city,20000.0
25,Primary education,Elementary and other work,Industry,Private business or VUP,Oral agreement,27.0,Urban,Kigali city,91000.0
22,Upper secondary education,Elementary and other work,Industry,Private business or VUP,Oral agreement,18.0,Urban,Kigali city,78000.0
21,Primary education,Agriculture,Services,Public institution,Oral agreement,24.0,Urban,Kigali city,39000.0
27,Primary education,Sales and services,Services,Private business or VUP,Oral agreement,70.0,Urban,Kigali city,70000.0
26,Upper secondary education,"Education, health and social services",Services,Private business or VUP,Oral agreement,42.0,Urban,Kigali city,26000.0
18,Lower secondary education,Elementary and other work,Industry,Private business or VUP,Oral agreement,32.0,Urban,Kigali city,104000.0
30,Upper secondary education,Skilled trades and operators,Services,Private business or VUP,Oral agreement,40.0,Urban,Kigali city,169000.0
26,Upper secondary education,"Business, management and office work",Services,Private business or VUP,Written contract,36.0,Urban,Kigali city,250000.0
23,Primary education,Sales and services,Services,Private business or VUP,Oral agreement,70.0,Urban,Kigali city,35000.0
23,Tertiary education,Science and engineering,Industry,Private business or VUP,Oral agreement,46.0,Urban,Kigali city,150000.0
17,Primary education,Elementary and other work,Services,Household,Oral agreement,28.0,Urban,Kigali city,20000.0
22,Upper secondary education,"Business, management and office work",Services,Private business or VUP,Oral agreement,72.0,Urban,Kigali city,70000.0
25,Primary education,Elementary and other work,Services,Household,Oral agreement,60.0,Urban,Kigali city,50000.0
19,Lower secondary education,Elementary and other work,Services,Private business or VUP,Written contract,54.0,Urban,Kigali city,78000.0
30,Lower secondary education,Sales and services,Services,Private business or VUP,Oral agreement,36.0,Urban,Kigali city,26000.0
16,Lower secondary education,Elementary and other work,Services,Household,Oral agreement,35.0,Urban,Kigali city,15000.0
18,Lower secondary education,Elementary and other work,Services,Household,Oral agreement,21.0,Urban,Kigali city,15000.0
27,Primary education,Agriculture,Agriculture,Private business or VUP,Oral agreement,36.0,Rural,Southern Province,20800.0
24,Primary education,Agriculture,Agriculture,Private business or VUP,Oral agreement,42.0,Rural,Southern Province,31200.0
18,Primary education,Agriculture,Agriculture,Private business or VUP,Oral agreement,36.0,Rural,Southern Province,26000.0
18,Primary education,Agriculture,Agriculture,Private business or VUP,Oral agreement,42.0,Rural,Southern Province,20800.0
24,Upper secondary education,Sales and services,Services,Private business or VUP,Oral agreement,81.0,Rural,Southern Province,20000.0
27,Primary education,Skilled trades and operators,Industry,Private business or VUP,Oral agreement,16.0,Rural,Southern Province,104000.0
18,Primary education,Elementary and other work,Services,Household,Oral agreement,90.0,Rural,Southern Province,10000.0
30,Primary education,Skilled trades and operators,Industry,Private business or VUP,Oral agreement,36.0,Rural,Southern Province,130000.0
17,Primary education,Agriculture,Industry,Private business or VUP,Oral agreement,30.0,Rural,Southern Province,26000.0
27,Lower secondary education,Agriculture,Agriculture,Private business or VUP,Oral agreement,30.0,Rural,Southern Province,31200.0
16,Upper secondary education,Elementary and other work,Industry,Private business or VUP,Oral agreement,48.0,Rural,Southern Province,31200.0
19,Lower secondary education,Agriculture,Industry,Private business or VUP,Oral agreement,30.0,Rural,Southern Province,31200.0
25,Lower secondary education,Elementary and other work,Industry,Private business or VUP,Oral agreement,48.0,Rural,Southern Province,65000.0
20,Upper secondary education,Elementary and other work,Industry,Private business or VUP,Oral agreement,30.0,Rural,Southern Province,52000.0
24,Primary education,Agriculture,Agriculture,Private business or VUP,Oral agreement,35.0,Rural,Southern Province,26000.0
16,Primary education,Agriculture,Agriculture,Private business or VUP,Oral agreement,48.0,Rural,Southern Province,10000.0
26,Primary education,Sales and services,Services,Private business or VUP,Written contract,48.0,Urban,Southern Province,150000.0
17,Primary education,Elementary and other work,Industry,Private business or VUP,Oral agreement,48.0,Rural,Southern Province,26000.0
27,Primary education,Agriculture,Agriculture,Private business or VUP,Oral agreement,47.0,Rural,Southern Province,13000.0
27,Primary education,Elementary and other work,Services,Private business or VUP,Oral agreement,48.0,Rural,Southern Province,26000.0
27,Primary education,Agriculture,Agriculture,Private business or VUP,Oral agreement,30.0,Rural,Southern Province,26000.0
24,Primary education,Elementary and other work,Industry,Private business or VUP,Oral agreement,12.0,Urban,Southern Province,78000.0
17,Primary education,Elementary and other work,Industry,Private business or VUP,Oral agreement,36.0,Urban,Southern Province,52000.0
22,Primary education,Agriculture,Agriculture,Private business or VUP,Oral agreement,35.0,Rural,Southern Province,19500.0
20,Primary education,Agriculture,Agriculture,Private business or VUP,Oral agreement,30.0,Rural,Southern Province,19500.0
17,Primary education,Elementary and other work,Services,Private business or VUP,Oral agreement,30.0,Rural,Southern Province,13000.0
28,Lower secondary education,Sales and services,Services,Private business or VUP,Oral agreement,60.0,Urban,Southern Province,40000.0
19,Primary education,Elementary and other work,Services,Household,Oral agreement,63.0,Urban,Southern Province,20000.0
16,Primary education,Elementary and other work,Industry,Private business or VUP,Oral agreement,18.0,Rural,Southern Province,39000.0
24,Primary education,Skilled trades and operators,Industry,Private business or VUP,Written contract,72.0,Urban,Southern Province,45000.0
20,Upper secondary education,Agriculture,Agriculture,Private business or VUP,Oral agreement,7.0,Urban,Southern Province,26000.0
19,Primary education,Elementary and other work,Services,Household,Oral agreement,45.0,Urban,Southern Province,15000.0
17,Primary education,Sales and services,Services,Private business or VUP,Oral agreement,49.0,Rural,Southern Province,39000.0
20,Primary education,Agriculture,Agriculture,Private business or VUP,Oral agreement,18.0,Rural,Southern Province,23400.0
29,Primary education,Agriculture,Agriculture,Private business or VUP,Oral agreement,36.0,Rural,Southern Province,20800.0
19,Primary education,Elementary and other work,Industry,Private business or VUP,Oral agreement,16.0,Rural,Southern Province,52000.0
25,Primary education,Elementary and other work,Services,Private business or VUP,Oral agreement,30.0,Rural,Southern Province,52000.0
19,Lower secondary education,Elementary and other work,Industry,Private business or VUP,Oral agreement,68.0,Rural,Southern Province,31200.0
16,Lower secondary education,Elementary and other work,Industry,Private business or VUP,Oral agreement,68.0,Rural,Southern Province,15600.0
22,Primary education,Elementary and other work,Industry,Private business or VUP,Oral agreement,56.0,Rural,Southern Province,52000.0
20,Lower secondary education,Agriculture,Agriculture,Private business or VUP,Oral agreement,12.0,Rural,Southern Province,33800.0
17,Lower secondary education,Elementary and other work,Industry,Private business or VUP,Oral agreement,18.0,Urban,Southern Province,65000.0
20,Primary education,Skilled trades and operators,Industry,Private business or VUP,Oral agreement,54.0,Urban,Southern Province,130000.0
29,Primary education,Elementary and other work,Industry,Private business or VUP,Oral agreement,30.0,Urban,Southern Province,78000.0
24,Upper secondary education,Skilled trades and operators,Industry,Private business or VUP,Oral agreement,40.0,Urban,Southern Province,312000.0
22,Primary education,Elementary and other work,Services,Household,Oral agreement,54.0,Urban,Southern Province,25000.0
26,Lower secondary education,Agriculture,Services,Private business or VUP,Oral agreement,70.0,Rural,Western Province,80000.0
17,No formal education,Agriculture,Agriculture,Private business or VUP,Oral agreement,36.0,Rural,Western Province,12000.0
26,Primary education,Skilled trades and operators,Industry,Private business or VUP,Oral agreement,70.0,Urban,Western Province,130000.0
16,Primary education,Elementary and other work,Services,Household,Oral agreement,48.0,Urban,Western Province,13000.0
22,Upper secondary education,Elementary and other work,Industry,Private business or VUP,Oral agreement,34.0,Rural,Western Province,52000.0
27,Primary education,Elementary and other work,Industry,Private business or VUP,Oral agreement,53.0,Rural,Western Province,39000.0
27,Lower secondary education,Agriculture,Agriculture,Private business or VUP,Oral agreement,10.0,Rural,Western Province,26000.0
25,Primary education,Agriculture,Agriculture,Private business or VUP,Oral agreement,32.0,Rural,Western Province,52000.0
17,Primary education,Elementary and other work,Services,Private business or VUP,Oral agreement,25.0,Rural,Western Province,13000.0
26,No formal education,Agriculture,Agriculture,Private business or VUP,Oral agreement,20.0,Rural,Western Province,26000.0
29,Primary education,Skilled trades and operators,Industry,Private business or VUP,Written contract,36.0,Rural,Western Province,52000.0
18,Lower secondary education,Agriculture,Agriculture,Private business or VUP,Oral agreement,36.0,Rural,Western Province,26000.0
28,Primary education,Elementary and other work,Services,Private business or VUP,Oral agreement,3.0,Rural,Western Province,20800.0
17,Primary education,Agriculture,Agriculture,Private business or VUP,Oral agreement,30.0,Rural,Western Province,20800.0
19,Primary education,Agriculture,Agriculture,Private business or VUP,Oral agreement,18.0,Rural,Western Province,39000.0
16,Primary education,Elementary and other work,Services,Private business or VUP,Oral agreement,15.0,Urban,Western Province,13000.0
22,Primary education,Agriculture,Agriculture,Private business or VUP,Oral agreement,48.0,Urban,Western Province,26000.0
20,Primary education,Elementary and other work,Industry,Private business or VUP,Oral agreement,18.0,Rural,Western Province,39000.0
19,Lower secondary education,Agriculture,Agriculture,Private business or VUP,Oral agreement,18.0,Rural,Western Province,52000.0
24,Primary education,Agriculture,Agriculture,Private business or VUP,Oral agreement,42.0,Rural,Western Province,39000.0
21,Lower secondary education,Elementary and other work,Services,Private business or VUP,Oral agreement,21.0,Rural,Western Province,65000.0
23,Upper secondary education,Agriculture,Agriculture,Private business or VUP,Oral agreement,10.0,Rural,Western Province,65000.0
22,Lower secondary education,Agriculture,Agriculture,Private business or VUP,Oral agreement,36.0,Rural,Western Province,39000.0
23,Primary education,Elementary and other work,Services,Private business or VUP,Oral agreement,36.0,Rural,Western Province,65000.0
19,Primary education,"Business, management and office work",Services,Private business or VUP,Oral agreement,20.0,Rural,Western Province,260000.0
17,Primary education,Agriculture,Agriculture,Private business or VUP,Oral agreement,40.0,Rural,Western Province,39000.0
18,Primary education,Agriculture,Agriculture,Private business or VUP,Oral agreement,35.0,Rural,Western Province,39000.0
23,Primary education,Agriculture,Agriculture,Other,Written contract,30.0,Rural,Western Province,27000.0
19,Primary education,Agriculture,Agriculture,Private business or VUP,Oral agreement,20.0,Rural,Western Province,26000.0
16,Primary education,Elementary and other work,Agriculture,Private business or VUP,Oral agreement,36.0,Rural,Western Province,26000.0
17,Primary education,Agriculture,Services,Private business or VUP,Oral agreement,15.0,Rural,Western Province,39000.0
20,Primary education,Elementary and other work,Industry,Private business or VUP,Oral agreement,35.0,Rural,Western Province,21666.666
27,Primary education,Agriculture,Agriculture,Private business or VUP,Oral agreement,15.0,Rural,Western Province,8666.667
27,Primary education,Sales and services,Services,Private business or VUP,Oral agreement,60.0,Urban,Western Province,39000.0
16,Primary education,Agriculture,Agriculture,Private business or VUP,Oral agreement,21.0,Urban,Western Province,26000.0
18,Primary education,Elementary and other work,Services,Household,Oral agreement,56.0,Rural,Western Province,12000.0
19,Primary education,Agriculture,Agriculture,Private business or VUP,Oral agreement,49.0,Rural,Western Province,15000.0
20,Upper secondary education,Skilled trades and operators,Industry,Private business or VUP,Oral agreement,40.0,Rural,Western Province,52000.0
20,Lower secondary education,Agriculture,Agriculture,Private business or VUP,Oral agreement,15.0,Rural,Western Province,39000.0
27,Lower secondary education,Skilled trades and operators,Industry,Private business or VUP,Oral agreement,20.0,Rural,Western Province,130000.0
20,Lower secondary education,Sales and services,Services,Private business or VUP,Oral agreement,24.0,Rural,Western Province,19500.0
19,Primary education,Agriculture,Agriculture,Private business or VUP,Oral agreement,15.0,Rural,Northern Province,20800.0
29,Primary education,Science and engineering,Services,Private business or VUP,Oral agreement,8.0,Rural,Northern Province,91000.0
21,Upper secondary education,Agriculture,Agriculture,Private business or VUP,Oral agreement,25.0,Rural,Northern Province,26000.0
18,Lower secondary education,Agriculture,Agriculture,Private business or VUP,Oral agreement,25.0,Rural,Northern Province,26000.0
19,Lower secondary education,Agriculture,Agriculture,Private business or VUP,Oral agreement,30.0,Rural,Northern Province,23400.0
24,Primary education,Elementary and other work,Services,Household,Oral agreement,45.0,Urban,Northern Province,30000.0
16,Primary education,Skilled trades and operators,Industry,Private business or VUP,Oral agreement,27.0,Rural,Northern Province,26000.0
18,Lower secondary education,Agriculture,Agriculture,Private business or VUP,Oral agreement,36.0,Rural,Northern Province,26000.0
18,Lower secondary education,Skilled trades and operators,Industry,Private business or VUP,Oral agreement,36.0,Rural,Northern Province,26000.0
22,Upper secondary education,Elementary and other work,Industry,Private business or VUP,Oral agreement,40.0,Rural,Northern Province,52000.0
22,Lower secondary education,Sales and services,Services,Private business or VUP,Oral agreement,47.0,Rural,Northern Province,30000.0
28,Lower secondary education,Sales and services,Services,Private business or VUP,Oral agreement,48.0,Urban,Northern Province,40000.0
19,Lower secondary education,Elementary and other work,Industry,Private business or VUP,Oral agreement,24.0,Urban,Northern Province,52000.0
23,Upper secondary education,Elementary and other work,Industry,Private business or VUP,Oral agreement,60.0,Urban,Northern Province,78000.0
21,Upper secondary education,"Education, health and social services",Services,Private business or VUP,Oral agreement,20.0,Urban,Northern Province,39000.0
21,Primary education,Sales and services,Services,Private business or VUP,Oral agreement,3.0,Urban,Northern Province,52000.0
29,Primary education,Agriculture,Agriculture,Private business or VUP,Oral agreement,21.0,Rural,Northern Province,39000.0
29,Lower secondary education,Agriculture,Agriculture,Private business or VUP,Oral agreement,29.0,Rural,Northern Province,26000.0
22,Lower secondary education,Agriculture,Agriculture,Private business or VUP,Oral agreement,54.0,Rural,Northern Province,52000.0
30,Tertiary education,"Education, health and social services",Services,Private business or VUP,Written contract,40.0,Urban,Northern Province,300000.0
16,Primary education,Agriculture,Agriculture,Private business or VUP,Oral agreement,32.0,Rural,Northern Province,39000.0
28,Primary education,Elementary and other work,Industry,Private business or VUP,Oral agreement,54.0,Rural,Northern Province,104000.0
24,Primary education,Agriculture,Agriculture,Private business or VUP,Oral agreement,40.0,Rural,Northern Province,39000.0
26,Tertiary education,"Education, health and social services",Services,Private business or VUP,Written contract,48.0,Rural,Northern Province,200000.0
18,Primary education,Elementary and other work,Industry,Private business or VUP,Oral agreement,2.0,Rural,Northern Province,65000.0
21,Primary education,Elementary and other work,Industry,Private business or VUP,Oral agreement,36.0,Rural,Northern Province,39000.0
18,Upper secondary education,Elementary and other work,Industry,Private business or VUP,Oral agreement,40.0,Rural,Northern Province,52000.0
16,Lower secondary education,Skilled trades and operators,Industry,Private business or VUP,Oral agreement,30.0,Rural,Northern Province,65000.0
18,Primary education,Agriculture,Agriculture,Private business or VUP,Oral agreement,18.0,Rural,Northern Province,26000.0
25,Primary education,Agriculture,Agriculture,Private business or VUP,Oral agreement,21.0,Rural,Northern Province,52000.0
22,Primary education,Agriculture,Agriculture,Private business or VUP,Oral agreement,24.0,Rural,Northern Province,39000.0
19,Primary education,Elementary and other work,Industry,Private business or VUP,Oral agreement,56.0,Rural,Northern Province,52000.0
17,Primary education,Agriculture,Agriculture,Private business or VUP,Oral agreement,42.0,Rural,Northern Province,7000.0
26,Primary education,Agriculture,Agriculture,Private business or VUP,Oral agreement,36.0,Rural,Northern Province,26000.0
22,Primary education,Agriculture,Agriculture,Private business or VUP,Oral agreement,15.0,Rural,Northern Province,26000.0
24,Primary education,Agriculture,Agriculture,Private business or VUP,Oral agreement,12.0,Rural,Northern Province,26000.0
17,Primary education,Agriculture,Agriculture,Private business or VUP,Oral agreement,10.0,Rural,Northern Province,26000.0
29,Primary education,Agriculture,Agriculture,Private business or VUP,Oral agreement,15.0,Rural,Northern Province,26000.0
16,Primary education,Agriculture,Agriculture,Private business or VUP,Written contract,35.0,Rural,Northern Province,10000.0
24,Primary education,Agriculture,Agriculture,Private business or VUP,Oral agreement,30.0,Rural,Northern Province,31200.0
30,Upper secondary education,Agriculture,Agriculture,Private business or VUP,Oral agreement,42.0,Rural,Northern Province,39000.0
23,Upper secondary education,Agriculture,Agriculture,Private business or VUP,Oral agreement,28.0,Rural,Northern Province,39000.0
18,Lower secondary education,Agriculture,Agriculture,Private business or VUP,Oral agreement,12.0,Rural,Northern Province,33800.0
25,Primary education,Agriculture,Agriculture,Private business or VUP,Oral agreement,42.0,Rural,Northern Province,26000.0
25,Primary education,Elementary and other work,Services,Household,Oral agreement,56.0,Rural,Northern Province,20000.0
20,Lower secondary education,Agriculture,Agriculture,Private business or VUP,Oral agreement,24.0,Rural,Northern Province,31200.0
22,Primary education,Elementary and other work,Services,Private business or VUP,Oral agreement,35.0,Rural,Eastern Province,39000.0
29,Primary education,Skilled trades and operators,Industry,Private business or VUP,Oral agreement,48.0,Rural,Eastern Province,260000.0
27,Primary education,Elementary and other work,Industry,Private business or VUP,Oral agreement,54.0,Urban,Eastern Province,50700.0
19,Lower secondary education,Elementary and other work,Services,Private business or VUP,Oral agreement,14.0,Rural,Eastern Province,52000.0
19,Primary education,Elementary and other work,Industry,Private business or VUP,Oral agreement,40.0,Rural,Eastern Province,52000.0
17,Lower secondary education,Elementary and other work,Industry,Private business or VUP,Oral agreement,12.0,Urban,Eastern Province,52000.0
24,Primary education,Agriculture,Agriculture,Private business or VUP,Oral agreement,30.0,Rural,Eastern Province,18200.0
19,Primary education,Agriculture,Agriculture,Private business or VUP,Oral agreement,24.0,Rural,Eastern Province,13000.0
16,Primary education,Agriculture,Agriculture,Private business or VUP,Oral agreement,18.0,Rural,Eastern Province,13000.0
16,Primary education,Agriculture,Agriculture,Private business or VUP,Oral agreement,18.0,Rural,Eastern Province,13000.0
22,Primary education,Agriculture,Agriculture,Private business or VUP,Oral agreement,6.0,Rural,Eastern Province,20800.0
30,Primary education,Agriculture,Agriculture,Private business or VUP,Oral agreement,42.0,Rural,Eastern Province,26000.0
22,Primary education,Agriculture,Agriculture,Private business or VUP,Oral agreement,42.0,Rural,Eastern Province,39000.0
20,Primary education,Agriculture,Agriculture,Private business or VUP,Oral agreement,18.0,Rural,Eastern Province,26000.0
23,Primary education,Agriculture,Agriculture,Private business or VUP,Oral agreement,36.0,Rural,Eastern Province,26000.0
21,Primary education,Elementary and other work,Industry,Private business or VUP,Oral agreement,24.0,Rural,Eastern Province,78000.0
30,Primary education,Agriculture,Agriculture,Private business or VUP,Oral agreement,30.0,Rural,Eastern Province,26000.0
28,Primary education,Agriculture,Agriculture,Private business or VUP,Oral agreement,15.0,Rural,Eastern Province,18200.0
16,Primary education,Agriculture,Agriculture,Private business or VUP,Oral agreement,16.0,Rural,Eastern Province,26000.0
17,Lower secondary education,Agriculture,Agriculture,Private business or VUP,Oral agreement,18.0,Rural,Eastern Province,20800.0
17,No formal education,Agriculture,Agriculture,Private business or VUP,Oral agreement,30.0,Rural,Eastern Province,26000.0
22,Primary education,Agriculture,Agriculture,Private business or VUP,Oral agreement,21.0,Rural,Eastern Province,39000.0
18,Primary education,Agriculture,Agriculture,Private business or VUP,Oral agreement,49.0,Rural,Eastern Province,20000.0
19,Lower secondary education,Agriculture,Agriculture,Private business or VUP,Oral agreement,48.0,Rural,Eastern Province,26000.0
24,Primary education,Agriculture,Agriculture,Private business or VUP,Oral agreement,20.0,Rural,Eastern Province,26000.0
24,Primary education,Agriculture,Agriculture,Private business or VUP,Oral agreement,9.0,Rural,Eastern Province,26000.0
27,Primary education,Agriculture,Agriculture,Private business or VUP,Oral agreement,24.0,Rural,Eastern Province,26000.0
25,Lower secondary education,Agriculture,Agriculture,Private business or VUP,Oral agreement,70.0,Rural,Eastern Province,30000.0
29,Primary education,Agriculture,Agriculture,Private business or VUP,Oral agreement,70.0,Rural,Eastern Province,30000.0
29,Primary education,Elementary and other work,Industry,Private business or VUP,Oral agreement,36.0,Rural,Eastern Province,26000.0
26,Primary education,Agriculture,Agriculture,Private business or VUP,Oral agreement,25.0,Rural,Eastern Province,18200.0
22,Primary education,Agriculture,Agriculture,Private business or VUP,Oral agreement,25.0,Rural,Eastern Province,20800.0
26,Lower secondary education,Skilled trades and operators,Industry,Private business or VUP,Written contract,55.0,Urban,Eastern Province,260000.0
19,Primary education,Agriculture,Agriculture,Private business or VUP,Oral agreement,48.0,Rural,Eastern Province,15600.0
19,Primary education,Agriculture,Agriculture,Private business or VUP,Oral agreement,16.0,Rural,Eastern Province,15600.0
16,Primary education,Elementary and other work,Industry,Private business or VUP,Oral agreement,18.0,Rural,Eastern Province,52000.0
27,Lower secondary education,Agriculture,Agriculture,Private business or VUP,Oral agreement,12.0,Rural,Eastern Province,15600.0
16,Primary education,Agriculture,Agriculture,Private business or VUP,Oral agreement,8.0,Rural,Eastern Province,18200.0
21,Primary education,Agriculture,Agriculture,Private business or VUP,Oral agreement,36.0,Rural,Eastern Province,18200.0
18,Upper secondary education,Elementary and other work,Industry,Private business or VUP,Oral agreement,40.0,Rural,Eastern Province,65000.0
20,Primary education,Elementary and other work,Industry,Private business or VUP,Oral agreement,32.0,Rural,Eastern Province,78000.0
30,Primary education,Agriculture,Agriculture,Private business or VUP,Oral agreement,30.0,Rural,Eastern Province,52000.0
21,Lower secondary education,Elementary and other work,Industry,Private business or VUP,Written contract,54.0,Rural,Eastern Province,52000.0
26,Primary education,Agriculture,Agriculture,Private business or VUP,Oral agreement,18.0,Rural,Eastern Province,18200.0
21,Primary education,Agriculture,Agriculture,Private business or VUP,Oral agreement,18.0,Rural,Eastern Province,26000.0
27,Lower secondary education,Elementary and other work,Services,Private business or VUP,Oral agreement,2.0,Urban,Eastern Province,104000.0
19,Lower secondary education,Elementary and other work,Industry,Private business or VUP,Oral agreement,1.0,Urban,Eastern Province,65000.0
25,Upper secondary education,Agriculture,Agriculture,Private business or VUP,Oral agreement,42.0,Rural,Eastern Province,26000.0
22,Primary education,Agriculture,Agriculture,Private business or VUP,Oral agreement,10.0,Rural,Eastern Province,26000.0
24,Primary education,Elementary and other work,Industry,Private business or VUP,Oral agreement,27.0,Rural,Eastern Province,31200.0
19,Lower secondary education,Agriculture,Agriculture,Private business or VUP,Oral agreement,36.0,Rural,Eastern Province,26000.0
22,Primary education,Agriculture,Agriculture,Private business or VUP,Oral agreement,30.0,Rural,Eastern Province,26000.0
23,Upper secondary education,Agriculture,Agriculture,Private business or VUP,Oral agreement,25.0,Rural,Eastern Province,26000.0
28,Primary education,Agriculture,Agriculture,Private business or VUP,Oral agreement,12.0,Rural,Eastern Province,26000.0
19,Lower secondary education,Agriculture,Agriculture,Private business or VUP,Oral agreement,36.0,Rural,Eastern Province,26000.0
23,Lower secondary education,Sales and services,Services,Private business or VUP,Oral agreement,72.0,Urban,Eastern Province,20000.0
21,Primary education,Agriculture,Agriculture,Private business or VUP,Oral agreement,36.0,Urban,Eastern Province,26000.0
25,Primary education,Agriculture,Agriculture,Private business or VUP,Oral agreement,36.0,Urban,Eastern Province,44200.0
30,Primary education,Agriculture,Agriculture,Private business or VUP,Oral agreement,36.0,Urban,Eastern Province,39000.0
21,Lower secondary education,Skilled trades and operators,Industry,Private business or VUP,Oral agreement,60.0,Rural,Eastern Province,30000.0
21,Lower secondary education,Elementary and other work,Services,Private business or VUP,Oral agreement,36.0,Urban,Eastern Province,78000.0
18,Primary education,Elementary and other work,Industry,Private business or VUP,Oral agreement,32.0,Urban,Eastern Province,65000.0
18,Primary education,Skilled trades and operators,Industry,Private business or VUP,Oral agreement,40.0,Urban,Eastern Province,65000.0
22,Lower secondary education,Elementary and other work,Services,Private business or VUP,Oral agreement,40.0,Urban,Eastern Province,78000.0
26,Upper secondary education,Skilled trades and operators,Industry,Private business or VUP,Oral agreement,40.0,Urban,Eastern Province,156000.0
19,Primary education,Agriculture,Agriculture,Private business or VUP,Oral agreement,15.0,Urban,Kigali city,39000.0
29,Lower secondary education,Skilled trades and operators,Industry,Private business or VUP,Oral agreement,27.0,Urban,Kigali city,182000.0
20,Primary education,Skilled trades and operators,Industry,Private business or VUP,Oral agreement,7.0,Urban,Kigali city,130000.0
23,Lower secondary education,Sales and services,Services,Private business or VUP,Oral agreement,54.0,Urban,Kigali city,40000.0
19,Upper secondary education,Sales and services,Services,Private business or VUP,Oral agreement,54.0,Urban,Kigali city,77000.0
19,Primary education,Elementary and other work,Industry,Private business or VUP,Oral agreement,20.0,Rural,Kigali city,78000.0
19,Primary education,Skilled trades and operators,Industry,Private business or VUP,Oral agreement,35.0,Urban,Kigali city,78000.0
24,Primary education,Elementary and other work,Industry,Private business or VUP,Oral agreement,45.0,Urban,Kigali city,104000.0
25,Lower secondary education,Skilled trades and operators,Services,Private business or VUP,Oral agreement,42.0,Urban,Kigali city,100000.0
20,Primary education,Elementary and other work,Services,Household,Oral agreement,50.0,Urban,Kigali city,15000.0
18,Upper secondary education,Elementary and other work,Services,Private business or VUP,Oral agreement,40.0,Urban,Kigali city,200000.0
24,Primary education,Elementary and other work,Services,Household,Oral agreement,77.0,Urban,Kigali city,20000.0
21,Primary education,Elementary and other work,Services,Household,Oral agreement,84.0,Urban,Kigali city,25000.0
24,Lower secondary education,Sales and services,Services,Private business or VUP,Written contract,90.0,Urban,Kigali city,26000.0
27,Primary education,Elementary and other work,Services,Private business or VUP,Oral agreement,49.0,Urban,Kigali city,60000.0
28,Primary education,Agriculture,Agriculture,Private business or VUP,Oral agreement,15.0,Rural,Kigali city,52000.0
22,Primary education,Elementary and other work,Services,Household,Oral agreement,70.0,Rural,Kigali city,30000.0
29,Primary education,Agriculture,Agriculture,Private business or VUP,Oral agreement,12.0,Rural,Kigali city,26000.0
21,Upper secondary education,Elementary and other work,Industry,Private business or VUP,Oral agreement,36.0,Urban,Kigali city,104000.0
19,Lower secondary education,Elementary and other work,Services,Private business or VUP,Oral agreement,18.0,Urban,Kigali city,26000.0
16,Lower secondary education,Elementary and other work,Industry,Private business or VUP,Oral agreement,18.0,Urban,Kigali city,91000.0
20,Lower secondary education,Elementary and other work,Services,Public institution,Written contract,65.0,Urban,Kigali city,50000.0
16,Lower secondary education,Elementary and other work,Industry,Private business or VUP,Oral agreement,20.0,Urban,Kigali city,52000.0
22,Primary education,Elementary and other work,Industry,Private business or VUP,Oral agreement,50.0,Urban,Kigali city,52000.0
18,Primary education,Elementary and other work,Services,Household,Oral agreement,42.0,Urban,Kigali city,15000.0
22,Upper secondary education,Elementary and other work,Services,Household,Oral agreement,54.0,Urban,Kigali city,30000.0
20,Upper secondary education,Skilled trades and operators,Industry,Private business or VUP,Oral agreement,48.0,Urban,Kigali city,46000.0
21,Lower secondary education,Skilled trades and operators,Industry,Private business or VUP,Written contract,48.0,Urban,Kigali city,85000.0
23,Lower secondary education,Skilled trades and operators,Industry,Private business or VUP,Oral agreement,12.0,Urban,Kigali city,260000.0
17,Lower secondary education,Elementary and other work,Industry,Private business or VUP,Oral agreement,18.0,Urban,Kigali city,78000.0
19,Primary education,Elementary and other work,Services,Household,Oral agreement,50.0,Urban,Kigali city,20000.0
19,Primary education,Elementary and other work,Services,Household,Oral agreement,50.0,Urban,Kigali city,20000.0
29,Primary education,Elementary and other work,Services,Private business or VUP,Oral agreement,50.0,Urban,Kigali city,30000.0
16,Lower secondary education,Elementary and other work,Services,Household,Oral agreement,50.0,Urban,Kigali city,15000.0
23,Tertiary education,ICT,Industry,Private business or VUP,Oral agreement,30.0,Urban,Kigali city,80000.0
20,Primary education,Elementary and other work,Services,Household,Oral agreement,54.0,Urban,Kigali city,15000.0
20,Upper secondary education,Sales and services,Services,Private business or VUP,Oral agreement,54.0,Urban,Kigali city,50000.0
24,Lower secondary education,Elementary and other work,Services,Household,Oral agreement,63.0,Urban,Kigali city,20000.0
27,Upper secondary education,Elementary and other work,Services,Household,Oral agreement,70.0,Urban,Kigali city,60000.0
27,Primary education,Elementary and other work,Services,Household,Oral agreement,50.0,Urban,Kigali city,20000.0
23,Primary education,Elementary and other work,Services,Household,Oral agreement,42.0,Urban,Kigali city,25000.0
21,Primary education,Elementary and other work,Services,Household,Oral agreement,60.0,Urban,Kigali city,35000.0
24,Lower secondary education,Elementary and other work,Services,Household,Oral agreement,56.0,Urban,Kigali city,20000.0
27,Primary education,Skilled trades and operators,Industry,Private business or VUP,Oral agreement,15.0,Urban,Kigali city,104000.0
16,Primary education,Elementary and other work,Services,Household,Oral agreement,28.0,Urban,Kigali city,15000.0
18,Lower secondary education,Elementary and other work,Services,Household,Oral agreement,70.0,Urban,Kigali city,20000.0
20,Primary education,Elementary and other work,Services,Household,Oral agreement,63.0,Urban,Kigali city,20000.0
17,Primary education,Agriculture,Agriculture,Private business or VUP,Oral agreement,36.0,Rural,Southern Province,18200.0
26,Primary education,Elementary and other work,Industry,Private business or VUP,Oral agreement,36.0,Rural,Southern Province,52000.0
19,Lower secondary education,Elementary and other work,Industry,Private business or VUP,Oral agreement,60.0,Rural,Southern Province,52000.0
17,Primary education,Agriculture,Agriculture,Private business or VUP,Oral agreement,16.0,Rural,Southern Province,26000.0
16,Primary education,Agriculture,Agriculture,Private business or VUP,Oral agreement,25.0,Rural,Southern Province,26000.0
23,Tertiary education,Agriculture,Agriculture,Private business or VUP,Oral agreement,8.0,Rural,Southern Province,78000.0
19,Upper secondary education,Elementary and other work,Industry,Private business or VUP,Oral agreement,9.0,Rural,Southern Province,39000.0
28,Primary education,Agriculture,Agriculture,Private business or VUP,Oral agreement,24.0,Rural,Southern Province,26000.0
23,Upper secondary education,Elementary and other work,Industry,Private business or VUP,Oral agreement,48.0,Rural,Southern Province,52000.0
22,Lower secondary education,Agriculture,Industry,Private business or VUP,Oral agreement,50.0,Rural,Southern Province,39000.0
17,Primary education,Agriculture,Agriculture,Other,Oral agreement,15.0,Rural,Southern Province,52000.0
18,Primary education,Sales and services,Services,Private business or VUP,Oral agreement,60.0,Rural,Southern Province,20000.0
20,Lower secondary education,Sales and services,Services,Private business or VUP,Oral agreement,72.0,Rural,Southern Province,20000.0
17,Primary education,Elementary and other work,Services,Household,Oral agreement,42.0,Rural,Southern Province,20000.0
28,Primary education,Agriculture,Agriculture,Private business or VUP,Oral agreement,12.0,Rural,Southern Province,26000.0
27,Upper secondary education,"Education, health and social services",Services,Public-private enterprise,Written contract,40.0,Rural,Southern Province,100000.0
20,Lower secondary education,Elementary and other work,Services,Public institution,Written contract,60.0,Urban,Southern Province,30500.0
23,Primary education,Elementary and other work,Services,Household,Oral agreement,71.0,Urban,Southern Province,25000.0
30,Primary education,Elementary and other work,Industry,Private business or VUP,Oral agreement,30.0,Urban,Southern Province,65000.0
24,Upper secondary education,Elementary and other work,Industry,Private business or VUP,Oral agreement,18.0,Rural,Southern Province,52000.0
24,Lower secondary education,Agriculture,Agriculture,Private business or VUP,Oral agreement,42.0,Rural,Southern Province,39000.0
18,Primary education,Agriculture,Services,Private business or VUP,Oral agreement,24.0,Rural,Southern Province,52000.0
27,Primary education,Agriculture,Agriculture,Private business or VUP,Oral agreement,18.0,Rural,Southern Province,26000.0
23,Primary education,Agriculture,Agriculture,Private business or VUP,Oral agreement,24.0,Rural,Southern Province,20800.0
24,Primary education,Elementary and other work,Industry,Private business or VUP,Oral agreement,25.0,Rural,Southern Province,52000.0
16,Primary education,Agriculture,Agriculture,Private business or VUP,Oral agreement,20.0,Rural,Southern Province,17333.334
23,Primary education,Elementary and other work,Services,Public institution,Written contract,10.0,Rural,Southern Province,65000.0
18,Lower secondary education,Elementary and other work,Industry,Private business or VUP,Oral agreement,40.0,Rural,Southern Province,52000.0
26,Primary education,Elementary and other work,Industry,Private business or VUP,Oral agreement,35.0,Rural,Southern Province,52000.0
20,Primary education,Elementary and other work,Services,Private business or VUP,Oral agreement,40.0,Rural,Southern Province,130000.0
19,Upper secondary education,Elementary and other work,Industry,Private business or VUP,Written contract,40.0,Rural,Southern Province,60666.668
22,Primary education,Sales and services,Services,Private business or VUP,Oral agreement,84.0,Urban,Southern Province,104000.0
22,Lower secondary education,Skilled trades and operators,Industry,Private business or VUP,Oral agreement,20.0,Urban,Southern Province,130000.0
20,Primary education,Elementary and other work,Services,Household,Oral agreement,49.0,Urban,Southern Province,25000.0
18,Primary education,Elementary and other work,Services,Household,Oral agreement,70.0,Urban,Southern Province,15000.0
16,Primary education,Elementary and other work,Services,Private business or VUP,Oral agreement,24.0,Rural,Southern Province,39000.0
25,Lower secondary education,Agriculture,Agriculture,Private business or VUP,Oral agreement,18.0,Rural,Southern Province,31200.0
18,Lower secondary education,Elementary and other work,Industry,Private business or VUP,Oral agreement,18.0,Urban,Southern Province,65000.0
28,Upper secondary education,Agriculture,Agriculture,Private business or VUP,Oral agreement,16.0,Urban,Southern Province,65000.0
19,Primary education,Agriculture,Agriculture,Private business or VUP,Oral agreement,24.0,Urban,Southern Province,65000.0
19,Primary education,Elementary and other work,Industry,Private business or VUP,Oral agreement,40.0,Urban,Southern Province,91000.0
23,Upper secondary education,Elementary and other work,Industry,Private business or VUP,Oral agreement,45.0,Urban,Southern Province,91000.0
16,Primary education,Elementary and other work,Services,Household,Oral agreement,56.0,Urban,Southern Province,15000.0
30,Primary education,Elementary and other work,Services,Private business or VUP,Oral agreement,9.0,Rural,Western Province,52000.0
27,Lower secondary education,Sales and services,Services,Private business or VUP,Oral agreement,18.0,Rural,Western Province,182000.0
22,Lower secondary education,Agriculture,Agriculture,Private business or VUP,Oral agreement,7.0,Rural,Western Province,26000.0
17,Primary education,Elementary and other work,Services,Private business or VUP,Oral agreement,10.0,Rural,Western Province,28600.0
21,Primary education,Elementary and other work,Industry,Private business or VUP,Oral agreement,40.0,Rural,Western Province,39000.0
19,Lower secondary education,Elementary and other work,Industry,Private business or VUP,Oral agreement,40.0,Rural,Western Province,52000.0
28,Primary education,Agriculture,Agriculture,Private business or VUP,Oral agreement,12.0,Rural,Western Province,26000.0
18,Lower secondary education,Elementary and other work,Services,Household,Oral agreement,63.0,Urban,Western Province,12000.0
17,Lower secondary education,Elementary and other work,Industry,Private business or VUP,Oral agreement,8.0,Rural,Western Province,52000.0
28,Primary education,Elementary and other work,Industry,Private business or VUP,Oral agreement,35.0,Rural,Western Province,52000.0
20,Primary education,Elementary and other work,Services,Household,Oral agreement,28.0,Rural,Western Province,17000.0
27,Primary education,Agriculture,Agriculture,Private business or VUP,Oral agreement,18.0,Rural,Western Province,18200.0
17,Primary education,Skilled trades and operators,Industry,Private business or VUP,Oral agreement,16.0,Rural,Western Province,13000.0
30,Primary education,Elementary and other work,Industry,Private business or VUP,Oral agreement,72.0,Rural,Western Province,45000.0
24,Primary education,Elementary and other work,Industry,Private business or VUP,Oral agreement,45.0,Rural,Western Province,39000.0
29,Primary education,Agriculture,Agriculture,Private business or VUP,Oral agreement,3.0,Rural,Western Province,26000.0
27,Primary education,Agriculture,Agriculture,Private business or VUP,Oral agreement,18.0,Rural,Western Province,26000.0
20,Primary education,Elementary and other work,Services,Household,Oral agreement,49.0,Urban,Western Province,25000.0
28,Primary education,Elementary and other work,Services,Household,Oral agreement,49.0,Urban,Western Province,30000.0
29,Primary education,Elementary and other work,Services,Household,Oral agreement,84.0,Urban,Western Province,50000.0
16,Primary education,Elementary and other work,Services,Household,Oral agreement,84.0,Urban,Western Province,20000.0
16,Primary education,Elementary and other work,Services,Private business or VUP,Oral agreement,7.0,Rural,Western Province,20800.0
16,Primary education,Elementary and other work,Services,Household,Oral agreement,56.0,Rural,Western Province,15000.0
17,Primary education,Elementary and other work,Services,Household,Oral agreement,63.0,Urban,Western Province,12000.0
25,Lower secondary education,Agriculture,Agriculture,Private business or VUP,Oral agreement,12.0,Rural,Western Province,130000.0
17,Primary education,Agriculture,Agriculture,Private business or VUP,Oral agreement,25.0,Rural,Western Province,26000.0
18,Lower secondary education,Agriculture,Agriculture,Private business or VUP,Oral agreement,15.0,Rural,Western Province,26000.0
16,Primary education,Skilled trades and operators,Industry,Private business or VUP,Oral agreement,22.0,Rural,Western Province,8666.667
17,Lower secondary education,Elementary and other work,Services,Private business or VUP,Oral agreement,11.0,Rural,Western Province,13000.0
21,Upper secondary education,Agriculture,Agriculture,Private business or VUP,Oral agreement,21.0,Rural,Western Province,26000.0
18,Lower secondary education,Agriculture,Agriculture,Private business or VUP,Oral agreement,21.0,Rural,Western Province,26000.0
28,Primary education,Agriculture,Agriculture,Private business or VUP,Oral agreement,24.0,Rural,Western Province,26000.0
28,Primary education,Agriculture,Agriculture,Private business or VUP,Oral agreement,40.0,Rural,Western Province,26000.0
20,Upper secondary education,Elementary and other work,Services,Private business or VUP,Oral agreement,12.0,Rural,Western Province,15166.667
27,Primary education,Elementary and other work,Industry,Private business or VUP,Oral agreement,30.0,Urban,Western Province,78000.0
28,Upper secondary education,Skilled trades and operators,Industry,Private business or VUP,Oral agreement,30.0,Urban,Western Province,43333.332
29,Primary education,Agriculture,Agriculture,Private business or VUP,Oral agreement,42.0,Urban,Western Province,39000.0
16,Primary education,Elementary and other work,Services,Household,Oral agreement,54.0,Urban,Western Province,15000.0
24,Primary education,Elementary and other work,Services,Private business or VUP,Oral agreement,10.0,Rural,Western Province,39000.0
16,Primary education,Agriculture,Agriculture,Private business or VUP,Oral agreement,15.0,Urban,Western Province,132600.0
24,Upper secondary education,Agriculture,Agriculture,Private business or VUP,Oral agreement,10.0,Urban,Western Province,52000.0
17,Lower secondary education,Elementary and other work,Industry,Private business or VUP,Oral agreement,12.0,Urban,Western Province,31200.0
18,Primary education,Elementary and other work,Industry,Private business or VUP,Oral agreement,10.0,Urban,Western Province,78000.0
18,Primary education,Elementary and other work,Industry,Private business or VUP,Oral agreement,32.0,Urban,Western Province,39000.0
24,Lower secondary education,Elementary and other work,Industry,Private business or VUP,Oral agreement,32.0,Rural,Western Province,52000.0
28,Primary education,Agriculture,Agriculture,Private business or VUP,Oral agreement,18.0,Rural,Western Province,26000.0
23,Primary education,Agriculture,Agriculture,Private business or VUP,Oral agreement,18.0,Rural,Western Province,26000.0
17,Lower secondary education,Agriculture,Agriculture,Private business or VUP,Oral agreement,30.0,Rural,Western Province,39000.0
21,Primary education,Elementary and other work,Industry,Private business or VUP,Oral agreement,44.0,Rural,Western Province,26000.0
18,Primary education,Agriculture,Agriculture,Private business or VUP,Oral agreement,21.0,Rural,Western Province,39000.0
28,Upper secondary education,Sales and services,Services,Private business or VUP,Oral agreement,24.0,Rural,Western Province,130000.0
26,Primary education,Agriculture,Agriculture,Private business or VUP,Oral agreement,28.0,Rural,Western Province,18200.0
28,Primary education,Elementary and other work,Industry,Private business or VUP,Oral agreement,27.0,Rural,Western Province,91000.0
28,Primary education,Agriculture,Agriculture,Private business or VUP,Oral agreement,30.0,Rural,Northern Province,26000.0
27,Primary education,Elementary and other work,Industry,Private business or VUP,Oral agreement,27.0,Rural,Northern Province,52000.0
19,Primary education,Elementary and other work,Industry,Private business or VUP,Oral agreement,38.0,Rural,Northern Province,52000.0
16,Primary education,Agriculture,Agriculture,Private business or VUP,Oral agreement,38.0,Rural,Northern Province,26000.0
24,Upper secondary education,"Business, management and office work",Services,NGO or international organisation,Oral agreement,15.0,Rural,Northern Province,20000.0
18,Lower secondary education,Elementary and other work,Industry,Private business or VUP,Oral agreement,45.0,Rural,Northern Province,65000.0
23,No formal education,Elementary and other work,Services,Private business or VUP,Oral agreement,56.0,Rural,Northern Province,39000.0
20,Primary education,Agriculture,Agriculture,Private business or VUP,Oral agreement,25.0,Rural,Northern Province,21666.666
22,Tertiary education,Sales and services,Services,Private business or VUP,Oral agreement,24.0,Rural,Northern Province,43333.332
18,Lower secondary education,Elementary and other work,Services,Household,Oral agreement,35.0,Rural,Northern Province,20000.0
16,Lower secondary education,Elementary and other work,Industry,Private business or VUP,Oral agreement,45.0,Rural,Northern Province,39000.0
21,Upper secondary education,Elementary and other work,Industry,Private business or VUP,Oral agreement,45.0,Rural,Northern Province,39000.0
22,Primary education,Agriculture,Agriculture,Private business or VUP,Oral agreement,25.0,Rural,Northern Province,26000.0
26,Lower secondary education,Agriculture,Agriculture,Private business or VUP,Oral agreement,12.0,Rural,Northern Province,26000.0
28,Primary education,Agriculture,Agriculture,Private business or VUP,Oral agreement,24.0,Rural,Northern Province,26000.0
26,Upper secondary education,Sales and services,Services,Private business or VUP,Written contract,84.0,Urban,Northern Province,40000.0
21,Lower secondary education,Elementary and other work,Services,Household,Oral agreement,42.0,Urban,Northern Province,20000.0
22,Tertiary education,Sales and services,Services,Private business or VUP,Oral agreement,15.0,Urban,Northern Province,50000.0
24,Upper secondary education,Skilled trades and operators,Industry,Private business or VUP,Oral agreement,40.0,Urban,Northern Province,156000.0
24,Upper secondary education,Elementary and other work,Industry,Private business or VUP,Oral agreement,40.0,Urban,Northern Province,52000.0
19,Primary education,Sales and services,Services,Private business or VUP,Oral agreement,20.0,Urban,Northern Province,52000.0
27,Lower secondary education,Agriculture,Agriculture,Private business or VUP,Oral agreement,36.0,Rural,Northern Province,26000.0
30,Primary education,Agriculture,Agriculture,Private business or VUP,Oral agreement,30.0,Rural,Northern Province,39000.0
30,Primary education,Agriculture,Agriculture,Private business or VUP,Oral agreement,18.0,Rural,Northern Province,26000.0
28,Lower secondary education,Agriculture,Agriculture,Private business or VUP,Oral agreement,24.0,Rural,Northern Province,39000.0
24,Primary education,Agriculture,Agriculture,Private business or VUP,Oral agreement,18.0,Rural,Northern Province,52000.0
21,Upper secondary education,Elementary and other work,Industry,Private business or VUP,Oral agreement,30.0,Rural,Northern Province,52000.0
22,No formal education,Elementary and other work,Industry,Private business or VUP,Oral agreement,10.0,Rural,Northern Province,39000.0
30,Primary education,Agriculture,Agriculture,Private business or VUP,Oral agreement,36.0,Rural,Northern Province,39000.0
27,Primary education,Elementary and other work,Industry,Private business or VUP,Oral agreement,24.0,Rural,Northern Province,52000.0
18,Lower secondary education,Elementary and other work,Industry,Private business or VUP,Oral agreement,54.0,Rural,Northern Province,39000.0
22,Primary education,Agriculture,Agriculture,Private business or VUP,Oral agreement,6.0,Rural,Northern Province,26000.0
24,Upper secondary education,Elementary and other work,Industry,Private business or VUP,Oral agreement,27.0,Rural,Northern Province,52000.0
24,Lower secondary education,Agriculture,Agriculture,Private business or VUP,Oral agreement,12.0,Rural,Northern Province,26000.0
28,Lower secondary education,Agriculture,Agriculture,Private business or VUP,Oral agreement,18.0,Rural,Northern Province,31200.0
19,Primary education,Agriculture,Agriculture,Private business or VUP,Oral agreement,42.0,Rural,Northern Province,39000.0
17,Lower secondary education,Elementary and other work,Industry,Private business or VUP,Oral agreement,42.0,Rural,Northern Province,13000.0
29,Primary education,Agriculture,Agriculture,Private business or VUP,Oral agreement,25.0,Rural,Northern Province,31200.0
21,Primary education,Agriculture,Agriculture,Private business or VUP,Oral agreement,18.0,Rural,Eastern Province,26000.0
26,Lower secondary education,Elementary and other work,Industry,Private business or VUP,Oral agreement,48.0,Rural,Eastern Province,78000.0
27,Primary education,Agriculture,Agriculture,Private business or VUP,Oral agreement,12.0,Rural,Eastern Province,26000.0
16,Upper secondary education,Elementary and other work,Services,Private business or VUP,Oral agreement,30.0,Rural,Eastern Province,26000.0
24,Lower secondary education,Agriculture,Agriculture,Private business or VUP,Oral agreement,36.0,Rural,Eastern Province,26000.0
18,Primary education,Agriculture,Agriculture,Private business or VUP,Oral agreement,36.0,Rural,Eastern Province,18200.0
17,Lower secondary education,Elementary and other work,Industry,Private business or VUP,Oral agreement,25.0,Urban,Eastern Province,39000.0
19,Upper secondary education,Elementary and other work,Industry,Private business or VUP,Oral agreement,60.0,Urban,Eastern Province,78000.0
28,Lower secondary education,Skilled trades and operators,Industry,Private business or VUP,Oral agreement,54.0,Urban,Eastern Province,156000.0
19,Primary education,Elementary and other work,Industry,Private business or VUP,Oral agreement,40.0,Urban,Eastern Province,39000.0
27,Primary education,Elementary and other work,Industry,Private business or VUP,Oral agreement,18.0,Urban,Eastern Province,78000.0
18,Primary education,Elementary and other work,Services,Household,Oral agreement,70.0,Urban,Eastern Province,15000.0
19,Primary education,Elementary and other work,Services,Household,Oral agreement,70.0,Urban,Eastern Province,30000.0
16,Primary education,Elementary and other work,Services,Household,Oral agreement,49.0,Urban,Eastern Province,17000.0
17,Primary education,Elementary and other work,Services,Household,Oral agreement,42.0,Urban,Eastern Province,15000.0
27,Tertiary education,Agriculture,Agriculture,Private business or VUP,Oral agreement,30.0,Rural,Eastern Province,26000.0
23,Upper secondary education,Agriculture,Agriculture,Private business or VUP,Oral agreement,18.0,Rural,Eastern Province,26000.0
25,Lower secondary education,Agriculture,Agriculture,Private business or VUP,Oral agreement,36.0,Rural,Eastern Province,26000.0
28,Primary education,Agriculture,Agriculture,Private business or VUP,Oral agreement,48.0,Urban,Eastern Province,26000.0
22,Primary education,Elementary and other work,Industry,Private business or VUP,Oral agreement,56.0,Urban,Eastern Province,39000.0
17,Lower secondary education,Elementary and other work,Industry,Private business or VUP,Oral agreement,35.0,Urban,Eastern Province,78000.0
18,Primary education,Elementary and other work,Services,Household,Oral agreement,34.0,Urban,Eastern Province,10000.0
22,Lower secondary education,Sales and services,Services,Private business or VUP,Oral agreement,79.0,Urban,Eastern Province,20000.0
26,Tertiary education,"Business, management and office work",Services,Public institution,Written contract,45.0,Urban,Eastern Province,191000.0
25,Upper secondary education,"Education, health and social services",Services,Private business or VUP,Written contract,45.0,Urban,Eastern Province,200000.0
21,Primary education,Agriculture,Agriculture,Private business or VUP,Oral agreement,24.0,Rural,Eastern Province,13000.0
18,Primary education,Agriculture,Agriculture,Private business or VUP,Oral agreement,16.0,Rural,Eastern Province,13000.0
20,Primary education,Agriculture,Agriculture,Private business or VUP,Oral agreement,15.0,Rural,Eastern Province,15600.0
18,Primary education,Agriculture,Agriculture,Private business or VUP,Oral agreement,6.0,Rural,Eastern Province,15600.0
16,Primary education,Agriculture,Agriculture,Private business or VUP,Oral agreement,1.0,Rural,Eastern Province,10400.0
17,Primary education,Agriculture,Agriculture,Private business or VUP,Oral agreement,36.0,Rural,Eastern Province,26000.0
18,Lower secondary education,Agriculture,Agriculture,Private business or VUP,Oral agreement,6.0,Rural,Eastern Province,26000.0
21,Lower secondary education,Agriculture,Agriculture,Private business or VUP,Oral agreement,30.0,Rural,Eastern Province,26000.0
29,Primary education,Agriculture,Agriculture,Private business or VUP,Oral agreement,12.0,Rural,Eastern Province,18200.0
25,Primary education,Elementary and other work,Industry,Private business or VUP,Oral agreement,36.0,Rural,Eastern Province,26000.0
28,Primary education,Agriculture,Agriculture,Private business or VUP,Oral agreement,30.0,Rural,Eastern Province,26000.0
27,Lower secondary education,Agriculture,Agriculture,Private business or VUP,Oral agreement,30.0,Rural,Eastern Province,26000.0
20,Upper secondary education,Agriculture,Agriculture,Cooperative,Oral agreement,36.0,Rural,Eastern Province,26000.0
19,Lower secondary education,Agriculture,Agriculture,Private business or VUP,Oral agreement,36.0,Rural,Eastern Province,52000.0
17,Lower secondary education,Agriculture,Agriculture,Private business or VUP,Oral agreement,24.0,Rural,Eastern Province,26000.0
29,Primary education,Agriculture,Agriculture,Private business or VUP,Oral agreement,36.0,Rural,Eastern Province,26000.0
26,Lower secondary education,Agriculture,Agriculture,Private business or VUP,Oral agreement,20.0,Rural,Eastern Province,15600.0
18,Primary education,Agriculture,Agriculture,Private business or VUP,Oral agreement,30.0,Rural,Eastern Province,26000.0
27,Primary education,Agriculture,Agriculture,Private business or VUP,Oral agreement,36.0,Rural,Eastern Province,26000.0
18,Primary education,Agriculture,Agriculture,Private business or VUP,Oral agreement,10.0,Rural,Eastern Province,26000.0
21,Upper secondary education,Agriculture,Agriculture,Private business or VUP,Oral agreement,30.0,Rural,Eastern Province,26000.0
26,Primary education,Sales and services,Services,Private business or VUP,Oral agreement,45.0,Urban,Eastern Province,91000.0
22,Tertiary education,"Education, health and social services",Services,Private business or VUP,Oral agreement,70.0,Urban,Eastern Province,91000.0
21,Lower secondary education,Elementary and other work,Services,Private business or VUP,Oral agreement,15.0,Urban,Eastern Province,52000.0
26,No formal education,Agriculture,Agriculture,Private business or VUP,Oral agreement,24.0,Rural,Eastern Province,26000.0
24,No formal education,Agriculture,Agriculture,Private business or VUP,Oral agreement,42.0,Rural,Eastern Province,21666.666
25,Primary education,Agriculture,Agriculture,Private business or VUP,Oral agreement,35.0,Rural,Eastern Province,26000.0
18,Upper secondary education,Elementary and other work,Industry,Private business or VUP,Oral agreement,54.0,Rural,Eastern Province,39000.0
18,Lower secondary education,Elementary and other work,Industry,Private business or VUP,Oral agreement,15.0,Rural,Eastern Province,39000.0
17,Lower secondary education,Elementary and other work,Industry,Private business or VUP,Oral agreement,16.0,Rural,Eastern Province,65000.0
30,Primary education,Agriculture,Agriculture,Private business or VUP,Oral agreement,18.0,Rural,Eastern Province,78000.0
23,Primary education,Skilled trades and operators,Industry,Private business or VUP,Oral agreement,55.0,Rural,Eastern Province,30333.334
21,Primary education,Agriculture,Agriculture,Private business or VUP,Oral agreement,18.0,Rural,Eastern Province,26000.0
16,Primary education,Agriculture,Agriculture,Private business or VUP,Oral agreement,15.0,Rural,Eastern Province,39000.0
30,Primary education,Agriculture,Agriculture,Private business or VUP,Oral agreement,30.0,Rural,Eastern Province,20800.0
16,Primary education,Elementary and other work,Services,Household,Oral agreement,42.0,Rural,Eastern Province,8000.0
16,Primary education,Elementary and other work,Industry,Private business or VUP,Oral agreement,40.0,Urban,Eastern Province,52000.0
16,Lower secondary education,Elementary and other work,Industry,Private business or VUP,Oral agreement,8.0,Rural,Eastern Province,39000.0
27,Primary education,Skilled trades and operators,Industry,Private business or VUP,Oral agreement,45.0,Rural,Eastern Province,182000.0
30,Primary education,Elementary and other work,Industry,Private business or VUP,Oral agreement,30.0,Rural,Eastern Province,78000.0
18,Lower secondary education,Elementary and other work,Industry,Private business or VUP,Oral agreement,54.0,Rural,Eastern Province,78000.0
30,Lower secondary education,Agriculture,Agriculture,Private business or VUP,Oral agreement,40.0,Rural,Eastern Province,52000.0
25,Primary education,Agriculture,Agriculture,Private business or VUP,Oral agreement,36.0,Rural,Eastern Province,39000.0
25,Primary education,Elementary and other work,Industry,Private business or VUP,Oral agreement,63.0,Rural,Eastern Province,78000.0
26,Primary education,Elementary and other work,Services,Private business or VUP,Oral agreement,23.0,Rural,Eastern Province,26000.0
20,Upper secondary education,Skilled trades and operators,Industry,Private business or VUP,Oral agreement,30.0,Rural,Eastern Province,33800.0
19,Upper secondary education,Elementary and other work,Services,Household,Oral agreement,40.0,Urban,Eastern Province,30000.0
23,Upper secondary education,"Education, health and social services",Services,NGO or international organisation,Written contract,16.0,Urban,Eastern Province,80000.0
30,Primary education,Elementary and other work,Industry,Private business or VUP,Oral agreement,27.0,Urban,Eastern Province,104000.0
29,Upper secondary education,Elementary and other work,Industry,Private business or VUP,Oral agreement,36.0,Urban,Eastern Province,78000.0
19,Primary education,Agriculture,Agriculture,Private business or VUP,Oral agreement,51.0,Urban,Eastern Province,10000.0
19,Upper secondary education,Elementary and other work,Industry,Private business or VUP,Oral agreement,54.0,Urban,Eastern Province,78000.0
19,Lower secondary education,Elementary and other work,Services,Private business or VUP,Oral agreement,36.0,Urban,Kigali city,52000.0
19,Lower secondary education,Elementary and other work,Industry,Private business or VUP,Oral agreement,63.0,Urban,Kigali city,91000.0
28,Lower secondary education,Agriculture,Agriculture,Private business or VUP,Oral agreement,49.0,Urban,Kigali city,30000.0
16,Lower secondary education,Elementary and other work,Services,Household,Oral agreement,50.0,Urban,Kigali city,15000.0
30,Lower secondary education,Skilled trades and operators,Industry,Private business or VUP,Oral agreement,40.0,Urban,Kigali city,260000.0
23,Lower secondary education,Skilled trades and operators,Services,Private business or VUP,Oral agreement,48.0,Urban,Kigali city,78000.0
23,Lower secondary education,Skilled trades and operators,Services,Private business or VUP,Oral agreement,30.0,Urban,Kigali city,78000.0
21,Primary education,Elementary and other work,Industry,Private business or VUP,Oral agreement,63.0,Urban,Kigali city,32500.0
24,Lower secondary education,Skilled trades and operators,Industry,Private business or VUP,Oral agreement,20.0,Urban,Kigali city,130000.0
20,Primary education,Elementary and other work,Industry,Private business or VUP,Oral agreement,66.0,Rural,Kigali city,65000.0
18,Primary education,Elementary and other work,Industry,Private business or VUP,Oral agreement,66.0,Rural,Kigali city,65000.0
22,Upper secondary education,Skilled trades and operators,Industry,Private business or VUP,Oral agreement,56.0,Rural,Kigali city,78000.0
19,Primary education,Elementary and other work,Industry,Private business or VUP,Oral agreement,49.0,Rural,Kigali city,65000.0
21,Primary education,Elementary and other work,Industry,Private business or VUP,Oral agreement,20.0,Rural,Kigali city,11266.667
29,Primary education,Elementary and other work,Services,Private business or VUP,Oral agreement,25.0,Rural,Kigali city,52000.0
28,Lower secondary education,Elementary and other work,Industry,Private business or VUP,Oral agreement,60.0,Rural,Kigali city,52000.0
24,Upper secondary education,Elementary and other work,Industry,Private business or VUP,Oral agreement,42.0,Rural,Kigali city,26000.0
30,Primary education,Elementary and other work,Industry,Private business or VUP,Oral agreement,36.0,Rural,Kigali city,39000.0
30,Lower secondary education,Elementary and other work,Services,Household,Oral agreement,48.0,Urban,Kigali city,40000.0
25,Lower secondary education,Sales and services,Services,Private business or VUP,Oral agreement,50.0,Urban,Kigali city,50000.0
25,Upper secondary education,Skilled trades and operators,Services,Private business or VUP,Oral agreement,70.0,Urban,Kigali city,110000.0
19,Primary education,Elementary and other work,Services,Household,Oral agreement,56.0,Urban,Kigali city,25000.0
23,Primary education,Sales and services,Services,Private business or VUP,Oral agreement,70.0,Urban,Kigali city,90000.0
24,Lower secondary education,Skilled trades and operators,Industry,Private business or VUP,Oral agreement,35.0,Urban,Kigali city,156000.0
29,Upper secondary education,Sales and services,Services,Private business or VUP,Written contract,70.0,Urban,Kigali city,60000.0
22,Lower secondary education,Sales and services,Services,Private business or VUP,Written contract,70.0,Urban,Kigali city,40000.0
30,Primary education,Elementary and other work,Services,Private business or VUP,Oral agreement,32.0,Urban,Kigali city,78000.0
28,Upper secondary education,Skilled trades and operators,Industry,Private business or VUP,Oral agreement,35.0,Urban,Kigali city,208000.0
21,Lower secondary education,Elementary and other work,Services,Household,Oral agreement,50.0,Urban,Kigali city,20000.0
30,Primary education,Agriculture,Agriculture,Private business or VUP,Oral agreement,24.0,Urban,Kigali city,39000.0
18,Lower secondary education,Elementary and other work,Services,Household,Oral agreement,42.0,Urban,Kigali city,15000.0
18,Primary education,Elementary and other work,Services,Private business or VUP,Oral agreement,49.0,Rural,Kigali city,13000.0
18,Lower secondary education,Elementary and other work,Industry,Private business or VUP,Oral agreement,10.0,Rural,Kigali city,39000.0
16,Lower secondary education,Elementary and other work,Industry,Private business or VUP,Oral agreement,4.0,Rural,Kigali city,39000.0
26,Primary education,Agriculture,Agriculture,Private business or VUP,Oral agreement,36.0,Rural,Kigali city,26000.0
17,Primary education,Elementary and other work,Industry,Private business or VUP,Oral agreement,54.0,Rural,Kigali city,78000.0
24,Primary education,Elementary and other work,Industry,Private business or VUP,Oral agreement,35.0,Urban,Kigali city,52000.0
22,Upper secondary education,Skilled trades and operators,Industry,Private business or VUP,Oral agreement,70.0,Urban,Kigali city,182000.0
27,Primary education,Skilled trades and operators,Services,Private business or VUP,Oral agreement,63.0,Urban,Kigali city,130000.0
24,Lower secondary education,Elementary and other work,Industry,Private business or VUP,Oral agreement,63.0,Urban,Kigali city,117000.0
22,Primary education,Skilled trades and operators,Industry,Private business or VUP,Oral agreement,48.0,Urban,Kigali city,182000.0
19,Primary education,Skilled trades and operators,Industry,Private business or VUP,Oral agreement,48.0,Urban,Kigali city,104000.0
22,Upper secondary education,Skilled trades and operators,Industry,Private business or VUP,Oral agreement,48.0,Urban,Kigali city,156000.0
27,Primary education,Sales and services,Services,Private business or VUP,Written contract,72.0,Urban,Kigali city,49500.0
19,Lower secondary education,Skilled trades and operators,Industry,Private business or VUP,Oral agreement,54.0,Urban,Kigali city,25000.0
22,Upper secondary education,Elementary and other work,Industry,Private business or VUP,Oral agreement,54.0,Urban,Kigali city,52000.0
23,Primary education,Sales and services,Industry,Private business or VUP,Oral agreement,25.0,Urban,Kigali city,30000.0
23,Lower secondary education,Sales and services,Services,Private business or VUP,Oral agreement,49.0,Urban,Kigali city,50000.0
30,Lower secondary education,Elementary and other work,Services,Private business or VUP,Oral agreement,30.0,Urban,Kigali city,52000.0
28,Primary education,Elementary and other work,Industry,Private business or VUP,Oral agreement,40.0,Urban,Kigali city,104000.0
20,Lower secondary education,Sales and services,Services,Private business or VUP,Oral agreement,40.0,Urban,Kigali city,70000.0
27,Primary education,Elementary and other work,Services,Private business or VUP,Oral agreement,55.0,Urban,Kigali city,40000.0
22,Primary education,Sales and services,Services,Private business or VUP,Oral agreement,2.0,Urban,Kigali city,104000.0
29,Tertiary education,Sales and services,Services,Private business or VUP,Oral agreement,72.0,Urban,Kigali city,90000.0
20,Primary education,Elementary and other work,Services,Household,Oral agreement,56.0,Urban,Kigali city,15000.0
28,Primary education,Agriculture,Agriculture,Private business or VUP,Oral agreement,36.0,Rural,Kigali city,39000.0
28,Primary education,Agriculture,Agriculture,Private business or VUP,Oral agreement,30.0,Rural,Kigali city,39000.0
20,Primary education,Agriculture,Agriculture,Private business or VUP,Oral agreement,24.0,Rural,Kigali city,31200.0
16,Primary education,Agriculture,Agriculture,Private business or VUP,Oral agreement,36.0,Rural,Kigali city,31200.0
28,Primary education,Agriculture,Agriculture,Private business or VUP,Oral agreement,36.0,Urban,Kigali city,52000.0
26,Primary education,Skilled trades and operators,Industry,Private business or VUP,Written contract,54.0,Urban,Kigali city,76000.0
29,Primary education,Skilled trades and operators,Industry,Private business or VUP,Oral agreement,60.0,Urban,Kigali city,182000.0
16,Primary education,Agriculture,Agriculture,Private business or VUP,Oral agreement,35.0,Urban,Kigali city,7000.0
16,Primary education,Agriculture,Agriculture,Private business or VUP,Oral agreement,35.0,Urban,Kigali city,7000.0
24,Tertiary education,Science and engineering,Industry,Private business or VUP,Oral agreement,60.0,Urban,Kigali city,300000.0
25,Lower secondary education,Elementary and other work,Services,Household,Oral agreement,42.0,Urban,Kigali city,40000.0
21,Lower secondary education,Elementary and other work,Services,Household,Oral agreement,42.0,Urban,Kigali city,40000.0
30,Primary education,Agriculture,Agriculture,Private business or VUP,Oral agreement,48.0,Urban,Kigali city,60000.0
30,Lower secondary education,Skilled trades and operators,Industry,Private business or VUP,Written contract,90.0,Urban,Kigali city,100000.0
30,Primary education,Skilled trades and operators,Industry,Private business or VUP,Oral agreement,60.0,Urban,Kigali city,182000.0
30,Upper secondary education,"Education, health and social services",Services,Private business or VUP,Oral agreement,18.0,Urban,Kigali city,80000.0
29,Lower secondary education,Elementary and other work,Industry,Private business or VUP,Oral agreement,40.0,Urban,Kigali city,91000.0
30,Upper secondary education,Elementary and other work,Services,Private business or VUP,Oral agreement,18.0,Urban,Kigali city,70000.0
19,Lower secondary education,Sales and services,Services,Private business or VUP,Oral agreement,70.0,Urban,Kigali city,40000.0
27,Upper secondary education,Elementary and other work,Industry,Private business or VUP,Oral agreement,18.0,Urban,Kigali city,65000.0
21,Lower secondary education,Elementary and other work,Services,Household,Oral agreement,42.0,Urban,Kigali city,25000.0
27,No formal education,Sales and services,Services,Private business or VUP,Oral agreement,70.0,Urban,Kigali city,45000.0
20,Primary education,Sales and services,Services,Private business or VUP,Oral agreement,70.0,Urban,Kigali city,20000.0
28,Tertiary education,ICT,Services,Public institution,Written contract,40.0,Urban,Kigali city,300000.0
22,Tertiary education,"Business, management and office work",Services,Private business or VUP,Written contract,60.0,Urban,Kigali city,100000.0
21,Lower secondary education,Elementary and other work,Services,Household,Oral agreement,49.0,Urban,Kigali city,25000.0
17,Primary education,Elementary and other work,Services,Household,Oral agreement,56.0,Urban,Kigali city,20000.0
27,Lower secondary education,"Education, health and social services",Services,Other,Oral agreement,12.0,Urban,Kigali city,14500.0
20,Lower secondary education,Elementary and other work,Services,Household,Oral agreement,56.0,Urban,Kigali city,20000.0
30,Upper secondary education,Elementary and other work,Services,Household,Oral agreement,50.0,Urban,Kigali city,50000.0
21,Upper secondary education,Elementary and other work,Services,Household,Oral agreement,42.0,Urban,Kigali city,20000.0
23,Primary education,Elementary and other work,Services,Household,Oral agreement,42.0,Urban,Kigali city,20000.0
17,Primary education,Elementary and other work,Services,Household,Oral agreement,35.0,Urban,Kigali city,15000.0
20,Lower secondary education,Sales and services,Services,Private business or VUP,Oral agreement,40.0,Urban,Kigali city,50000.0
29,Lower secondary education,Elementary and other work,Services,Household,Oral agreement,42.0,Urban,Kigali city,30000.0
22,Primary education,Elementary and other work,Services,Household,Oral agreement,49.0,Urban,Kigali city,20000.0
16,Primary education,Elementary and other work,Services,Household,Oral agreement,35.0,Urban,Kigali city,15000.0
22,Lower secondary education,Elementary and other work,Services,Household,Oral agreement,50.0,Urban,Kigali city,25000.0
19,Primary education,Elementary and other work,Services,Household,Oral agreement,56.0,Urban,Kigali city,20000.0
18,Primary education,Elementary and other work,Services,Household,Written contract,30.0,Urban,Kigali city,20000.0
30,Primary education,Elementary and other work,Services,Private business or VUP,Oral agreement,58.0,Urban,Kigali city,30000.0
19,Primary education,Elementary and other work,Industry,Private business or VUP,Oral agreement,27.0,Urban,Kigali city,65000.0
28,Upper secondary education,Skilled trades and operators,Industry,Private business or VUP,Oral agreement,30.0,Urban,Kigali city,182000.0
17,Primary education,Elementary and other work,Services,Household,Oral agreement,56.0,Urban,Kigali city,12000.0
21,Primary education,Skilled trades and operators,Industry,Private business or VUP,Oral agreement,50.0,Urban,Kigali city,208000.0
18,Primary education,Elementary and other work,Services,Private business or VUP,Oral agreement,54.0,Urban,Kigali city,40000.0
17,Primary education,Elementary and other work,Services,Household,Oral agreement,49.0,Urban,Kigali city,20000.0
22,Lower secondary education,Skilled trades and operators,Industry,Private business or VUP,Oral agreement,30.0,Urban,Kigali city,30000.0
30,Primary education,Elementary and other work,Industry,Private business or VUP,Oral agreement,20.0,Urban,Kigali city,130000.0
25,Tertiary education,Skilled trades and operators,Industry,Private business or VUP,Oral agreement,18.0,Urban,Kigali city,260000.0
20,Tertiary education,"Education, health and social services",Services,Private business or VUP,Oral agreement,25.0,Urban,Kigali city,120000.0
24,Lower secondary education,Elementary and other work,Services,Household,Oral agreement,6.0,Urban,Kigali city,30000.0
24,Primary education,Elementary and other work,Services,Household,Oral agreement,35.0,Urban,Kigali city,25000.0
25,Upper secondary education,Skilled trades and operators,Industry,Private business or VUP,Oral agreement,40.0,Urban,Kigali city,182000.0
17,Primary education,Elementary and other work,Services,Household,Oral agreement,42.0,Urban,Kigali city,15000.0
16,Lower secondary education,Elementary and other work,Services,Household,Oral agreement,63.0,Urban,Kigali city,20000.0
23,Lower secondary education,Agriculture,Agriculture,Private business or VUP,Oral agreement,18.0,Rural,Southern Province,39000.0
28,Lower secondary education,Elementary and other work,Industry,Private business or VUP,Oral agreement,16.0,Rural,Southern Province,65000.0
20,Upper secondary education,Elementary and other work,Industry,Private business or VUP,Oral agreement,45.0,Rural,Southern Province,52000.0
23,Primary education,Science and engineering,Industry,Private business or VUP,Oral agreement,36.0,Rural,Southern Province,65000.0
20,Primary education,Science and engineering,Industry,Private business or VUP,Oral agreement,36.0,Rural,Southern Province,65000.0
28,Lower secondary education,Agriculture,Agriculture,Private business or VUP,Oral agreement,30.0,Rural,Southern Province,18200.0
23,Lower secondary education,Elementary and other work,Industry,Private business or VUP,Oral agreement,24.0,Rural,Southern Province,52000.0
27,Lower secondary education,Agriculture,Agriculture,Private business or VUP,Oral agreement,36.0,Rural,Southern Province,31200.0
20,Primary education,Agriculture,Agriculture,Private business or VUP,Oral agreement,36.0,Rural,Southern Province,31200.0
25,Primary education,Elementary and other work,Industry,Private business or VUP,Oral agreement,45.0,Rural,Southern Province,39000.0
16,Lower secondary education,Elementary and other work,Services,Private business or VUP,Oral agreement,84.0,Rural,Southern Province,13000.0
22,Primary education,Agriculture,Agriculture,Private business or VUP,Oral agreement,25.0,Rural,Southern Province,39000.0
21,Primary education,Elementary and other work,Industry,Private business or VUP,Oral agreement,27.0,Rural,Southern Province,31200.0
22,Primary education,Agriculture,Agriculture,Private business or VUP,Oral agreement,36.0,Rural,Southern Province,20800.0
26,Primary education,Agriculture,Agriculture,Private business or VUP,Oral agreement,48.0,Rural,Southern Province,17333.334
29,Lower secondary education,Agriculture,Agriculture,Private business or VUP,Oral agreement,49.0,Rural,Southern Province,26000.0
27,Primary education,Agriculture,Agriculture,Private business or VUP,Oral agreement,49.0,Rural,Southern Province,39000.0
26,Primary education,Elementary and other work,Services,Private business or VUP,Oral agreement,40.0,Rural,Southern Province,13000.0
23,Primary education,Agriculture,Agriculture,Private business or VUP,Oral agreement,21.0,Rural,Southern Province,31200.0
20,Primary education,Agriculture,Agriculture,Private business or VUP,Oral agreement,35.0,Rural,Southern Province,31200.0
16,Primary education,Agriculture,Agriculture,Private business or VUP,Oral agreement,30.0,Rural,Southern Province,18200.0
21,Primary education,Agriculture,Agriculture,Private business or VUP,Oral agreement,24.0,Rural,Southern Province,26000.0
27,Primary education,Skilled trades and operators,Agriculture,Private business or VUP,Oral agreement,40.0,Rural,Southern Province,26000.0
21,Primary education,Agriculture,Agriculture,Private business or VUP,Oral agreement,18.0,Rural,Southern Province,18200.0
22,Primary education,Agriculture,Agriculture,Private business or VUP,Oral agreement,36.0,Rural,Southern Province,18200.0
25,Primary education,Elementary and other work,Services,Household,Oral agreement,49.0,Rural,Southern Province,20000.0
17,Primary education,Agriculture,Agriculture,Private business or VUP,Oral agreement,10.0,Rural,Southern Province,26000.0
24,Lower secondary education,Agriculture,Agriculture,Private business or VUP,Oral agreement,20.0,Rural,Southern Province,26000.0
18,Primary education,Agriculture,Agriculture,Private business or VUP,Oral agreement,21.0,Rural,Southern Province,26000.0
28,Primary education,Agriculture,Agriculture,Private business or VUP,Oral agreement,18.0,Rural,Southern Province,39000.0
24,Primary education,Agriculture,Agriculture,Private business or VUP,Oral agreement,18.0,Rural,Southern Province,31200.0
28,Primary education,Agriculture,Agriculture,Private business or VUP,Oral agreement,18.0,Rural,Southern Province,31200.0
16,Primary education,Elementary and other work,Industry,Private business or VUP,Oral agreement,16.0,Rural,Southern Province,26000.0
28,Primary education,Elementary and other work,Services,Other,Oral agreement,36.0,Rural,Southern Province,26000.0
22,Upper secondary education,Elementary and other work,Industry,Private business or VUP,Oral agreement,48.0,Rural,Southern Province,39000.0
20,Upper secondary education,"Education, health and social services",Services,NGO or international organisation,Oral agreement,28.0,Urban,Southern Province,52000.0
28,Tertiary education,Sales and services,Services,Private business or VUP,Written contract,39.0,Urban,Southern Province,60000.0
24,Tertiary education,Sales and services,Services,Private business or VUP,Written contract,65.0,Urban,Southern Province,150000.0
20,Lower secondary education,Elementary and other work,Services,Household,Oral agreement,60.0,Urban,Southern Province,20000.0
23,Upper secondary education,Sales and services,Services,Private business or VUP,Oral agreement,40.0,Urban,Southern Province,26000.0
21,Lower secondary education,Sales and services,Services,Private business or VUP,Oral agreement,40.0,Urban,Southern Province,26000.0
27,Tertiary education,Science and engineering,Services,Public institution,Oral agreement,40.0,Urban,Southern Province,60000.0
23,Primary education,Elementary and other work,Services,Household,Oral agreement,45.0,Urban,Southern Province,20000.0
20,Upper secondary education,Sales and services,Services,Private business or VUP,Oral agreement,60.0,Urban,Southern Province,15000.0
28,Lower secondary education,Sales and services,Services,Private business or VUP,Oral agreement,45.0,Rural,Southern Province,15000.0
27,Primary education,Agriculture,Agriculture,Private business or VUP,Oral agreement,30.0,Rural,Southern Province,26000.0
24,Primary education,Agriculture,Agriculture,Private business or VUP,Oral agreement,35.0,Rural,Southern Province,26000.0
22,Primary education,Agriculture,Agriculture,Private business or VUP,Oral agreement,20.0,Rural,Southern Province,26000.0
19,Primary education,Agriculture,Agriculture,Private business or VUP,Oral agreement,36.0,Rural,Southern Province,26000.0
26,Primary education,Elementary and other work,Industry,Private business or VUP,Oral agreement,36.0,Rural,Southern Province,20800.0
19,Primary education,Agriculture,Agriculture,Private business or VUP,Oral agreement,49.0,Rural,Southern Province,33800.0
17,Primary education,Agriculture,Agriculture,Private business or VUP,Oral agreement,49.0,Rural,Southern Province,15600.0
17,Primary education,Agriculture,Agriculture,Private business or VUP,Oral agreement,25.0,Rural,Southern Province,17333.334
17,Primary education,Agriculture,Agriculture,Private business or VUP,Oral agreement,36.0,Rural,Southern Province,20800.0
26,Primary education,Elementary and other work,Agriculture,Private business or VUP,Oral agreement,45.0,Rural,Southern Province,52000.0
21,Primary education,Elementary and other work,Industry,Private business or VUP,Oral agreement,48.0,Rural,Southern Province,30333.334
23,Primary education,Agriculture,Agriculture,Private business or VUP,Oral agreement,36.0,Rural,Southern Province,31200.0
24,Primary education,Agriculture,Agriculture,Private business or VUP,Oral agreement,36.0,Rural,Southern Province,26000.0
21,Primary education,Agriculture,Agriculture,Private business or VUP,Oral agreement,36.0,Rural,Southern Province,26000.0
29,Lower secondary education,Agriculture,Agriculture,Private business or VUP,Oral agreement,36.0,Rural,Southern Province,26000.0
17,Lower secondary education,Elementary and other work,Industry,Private business or VUP,Oral agreement,40.0,Rural,Southern Province,52000.0
28,Primary education,Agriculture,Agriculture,Private business or VUP,Oral agreement,36.0,Rural,Southern Province,26000.0
26,Primary education,Agriculture,Services,Private business or VUP,Oral agreement,18.0,Rural,Southern Province,26000.0
26,Lower secondary education,"Education, health and social services",Services,Private business or VUP,Oral agreement,10.0,Rural,Southern Province,15000.0
19,Primary education,Agriculture,Agriculture,Private business or VUP,Oral agreement,36.0,Rural,Southern Province,26000.0
20,Primary education,Agriculture,Agriculture,Private business or VUP,Oral agreement,36.0,Rural,Southern Province,26000.0
22,Primary education,Agriculture,Agriculture,Private business or VUP,Oral agreement,18.0,Rural,Southern Province,26000.0
26,Primary education,Agriculture,Agriculture,Private business or VUP,Oral agreement,30.0,Rural,Southern Province,26000.0
19,Primary education,Agriculture,Agriculture,Private business or VUP,Oral agreement,30.0,Rural,Southern Province,26000.0
25,Primary education,Agriculture,Agriculture,Private business or VUP,Oral agreement,24.0,Rural,Southern Province,26000.0
25,Primary education,Agriculture,Agriculture,Private business or VUP,Oral agreement,36.0,Rural,Southern Province,26000.0
28,Upper secondary education,Elementary and other work,Industry,Private business or VUP,Oral agreement,20.0,Rural,Southern Province,65000.0
20,Primary education,Skilled trades and operators,Industry,Private business or VUP,Oral agreement,8.0,Rural,Southern Province,26000.0
18,Lower secondary education,Elementary and other work,Industry,Private business or VUP,Oral agreement,18.0,Rural,Southern Province,39000.0
26,Primary education,Elementary and other work,Industry,Private business or VUP,Oral agreement,24.0,Rural,Southern Province,52000.0
29,Primary education,Elementary and other work,Industry,Private business or VUP,Oral agreement,24.0,Rural,Southern Province,52000.0
25,Primary education,Elementary and other work,Industry,Private business or VUP,Oral agreement,32.0,Rural,Southern Province,52000.0
22,Primary education,Elementary and other work,Industry,Private business or VUP,Oral agreement,30.0,Rural,Southern Province,86666.664
21,Primary education,Elementary and other work,Services,Household,Oral agreement,56.0,Rural,Southern Province,15000.0
18,Primary education,Elementary and other work,Services,Household,Oral agreement,70.0,Rural,Southern Province,13000.0
16,Primary education,Agriculture,Industry,Private business or VUP,Oral agreement,49.0,Rural,Southern Province,13000.0
22,Lower secondary education,Agriculture,Agriculture,Private business or VUP,Oral agreement,10.0,Rural,Southern Province,33800.0
19,Lower secondary education,Agriculture,Agriculture,Private business or VUP,Oral agreement,28.0,Rural,Southern Province,7800.0
22,Primary education,Elementary and other work,Services,Household,Oral agreement,56.0,Rural,Southern Province,12000.0
19,Upper secondary education,Skilled trades and operators,Industry,Private business or VUP,Oral agreement,36.0,Rural,Southern Province,130000.0
17,Primary education,Elementary and other work,Services,Private business or VUP,Oral agreement,27.0,Urban,Southern Province,26000.0
26,Lower secondary education,Elementary and other work,Services,Household,Oral agreement,42.0,Urban,Southern Province,10000.0
30,Upper secondary education,Skilled trades and operators,Industry,Private business or VUP,Oral agreement,48.0,Urban,Southern Province,156000.0
29,Upper secondary education,ICT,Services,Public institution,Written contract,70.0,Urban,Southern Province,54000.0
24,Primary education,Elementary and other work,Services,Private business or VUP,Oral agreement,46.0,Urban,Southern Province,26000.0
19,Lower secondary education,Elementary and other work,Services,Private business or VUP,Oral agreement,18.0,Rural,Southern Province,52000.0
24,Upper secondary education,Skilled trades and operators,Services,Private business or VUP,Oral agreement,3.0,Rural,Southern Province,26000.0
19,Lower secondary education,Elementary and other work,Industry,Private business or VUP,Oral agreement,35.0,Urban,Southern Province,18200.0
17,Primary education,Elementary and other work,Services,Private business or VUP,Oral agreement,30.0,Urban,Southern Province,15600.0
24,Lower secondary education,Skilled trades and operators,Industry,Private business or VUP,Oral agreement,48.0,Urban,Southern Province,30000.0
21,Lower secondary education,Elementary and other work,Industry,Private business or VUP,Oral agreement,48.0,Urban,Southern Province,52000.0
30,Lower secondary education,Elementary and other work,Industry,Private business or VUP,Oral agreement,55.0,Urban,Southern Province,65000.0
20,Lower secondary education,Elementary and other work,Industry,Private business or VUP,Oral agreement,24.0,Urban,Southern Province,65000.0
20,Lower secondary education,Skilled trades and operators,Industry,Private business or VUP,Oral agreement,40.0,Urban,Southern Province,52000.0
16,Upper secondary education,Agriculture,Services,Private business or VUP,Oral agreement,48.0,Rural,Southern Province,43333.332
17,Primary education,Skilled trades and operators,Industry,Private business or VUP,Oral agreement,60.0,Rural,Southern Province,15000.0
24,Primary education,Elementary and other work,Industry,Private business or VUP,Oral agreement,22.0,Rural,Southern Province,26000.0
16,Primary education,Elementary and other work,Industry,Private business or VUP,Oral agreement,10.0,Rural,Southern Province,78000.0
19,Primary education,Agriculture,Agriculture,Private business or VUP,Oral agreement,18.0,Rural,Southern Province,26000.0
22,Primary education,Skilled trades and operators,Industry,Private business or VUP,Oral agreement,36.0,Rural,Southern Province,26000.0
28,Primary education,Skilled trades and operators,Industry,Private business or VUP,Oral agreement,24.0,Urban,Southern Province,156000.0
29,Upper secondary education,Elementary and other work,Industry,Private business or VUP,Oral agreement,48.0,Urban,Southern Province,208000.0
30,Tertiary education,"Business, management and office work",Services,Public institution,Written contract,35.0,Urban,Southern Province,200000.0
16,Primary education,Elementary and other work,Services,Private business or VUP,Oral agreement,4.0,Urban,Southern Province,78000.0
16,Primary education,Agriculture,Industry,Private business or VUP,Oral agreement,18.0,Urban,Southern Province,78000.0
18,Primary education,Elementary and other work,Industry,Private business or VUP,Oral agreement,63.0,Urban,Southern Province,52000.0
21,No formal education,Elementary and other work,Industry,Private business or VUP,Oral agreement,50.0,Urban,Southern Province,65000.0
30,Primary education,Elementary and other work,Industry,Private business or VUP,Oral agreement,30.0,Urban,Southern Province,78000.0
22,Lower secondary education,Elementary and other work,Industry,Private business or VUP,Oral agreement,45.0,Urban,Southern Province,91000.0
27,Primary education,Elementary and other work,Services,Private business or VUP,Oral agreement,21.0,Urban,Southern Province,52000.0
21,Primary education,Elementary and other work,Services,Household,Oral agreement,63.0,Urban,Southern Province,15000.0
23,Upper secondary education,"Education, health and social services",Services,Public institution,Oral agreement,40.0,Urban,Southern Province,108333.34
16,Primary education,Elementary and other work,Services,Household,Oral agreement,42.0,Urban,Southern Province,10000.0
20,Primary education,Sales and services,Services,Private business or VUP,Oral agreement,78.0,Urban,Southern Province,30000.0
22,Lower secondary education,Elementary and other work,Services,Private business or VUP,Oral agreement,48.0,Rural,Western Province,35000.0
19,Primary education,Elementary and other work,Industry,Private business or VUP,Oral agreement,45.0,Rural,Western Province,78000.0
17,Primary education,Elementary and other work,Industry,Private business or VUP,Oral agreement,47.0,Rural,Western Province,65000.0
17,Primary education,Elementary and other work,Industry,Private business or VUP,Oral agreement,36.0,Rural,Western Province,32500.0
20,Upper secondary education,Elementary and other work,Services,Private business or VUP,Oral agreement,45.0,Rural,Western Province,78000.0
24,Lower secondary education,Skilled trades and operators,Industry,Private business or VUP,Oral agreement,48.0,Urban,Western Province,26000.0
20,Lower secondary education,Elementary and other work,Industry,Private business or VUP,Oral agreement,24.0,Urban,Western Province,65000.0
18,Lower secondary education,Elementary and other work,Industry,Private business or VUP,Oral agreement,40.0,Urban,Western Province,65000.0
24,Primary education,Elementary and other work,Industry,Private business or VUP,Oral agreement,54.0,Urban,Western Province,52000.0
18,Primary education,Elementary and other work,Industry,Private business or VUP,Oral agreement,56.0,Urban,Western Province,52000.0
27,Upper secondary education,Science and engineering,Industry,Public institution,Written contract,54.0,Urban,Western Province,98000.0
26,Tertiary education,"Education, health and social services",Services,Public institution,Written contract,80.0,Urban,Western Province,124000.0
22,Primary education,Agriculture,Agriculture,Private business or VUP,Oral agreement,24.0,Rural,Western Province,26000.0
24,Upper secondary education,Elementary and other work,Industry,Private business or VUP,Oral agreement,27.0,Rural,Western Province,52000.0
25,Tertiary education,"Education, health and social services",Services,Public institution,Written contract,40.0,Rural,Western Province,78000.0
21,Primary education,Agriculture,Agriculture,Private business or VUP,Oral agreement,21.0,Rural,Western Province,14560.0
30,Primary education,Agriculture,Agriculture,Private business or VUP,Oral agreement,20.0,Rural,Western Province,26000.0
30,Primary education,Agriculture,Agriculture,Private business or VUP,Oral agreement,25.0,Rural,Western Province,26000.0
25,Primary education,Elementary and other work,Services,Private business or VUP,Oral agreement,48.0,Rural,Western Province,52000.0
24,No formal education,Agriculture,Agriculture,Private business or VUP,Oral agreement,36.0,Rural,Western Province,26000.0
29,Upper secondary education,Skilled trades and operators,Industry,Private business or VUP,Oral agreement,40.0,Rural,Western Province,117000.0
20,Lower secondary education,Elementary and other work,Industry,Private business or VUP,Oral agreement,18.0,Rural,Western Province,52000.0
18,Lower secondary education,Elementary and other work,Industry,Private business or VUP,Oral agreement,18.0,Rural,Western Province,52000.0
30,Primary education,Agriculture,Agriculture,Private business or VUP,Oral agreement,42.0,Rural,Western Province,26000.0
30,Primary education,Agriculture,Agriculture,Private business or VUP,Oral agreement,40.0,Rural,Western Province,31200.0
28,Upper secondary education,"Business, management and office work",Agriculture,Private business or VUP,Oral agreement,9.0,Rural,Western Province,78000.0
26,Primary education,Elementary and other work,Industry,Private business or VUP,Oral agreement,32.0,Rural,Western Province,52000.0
28,Primary education,Elementary and other work,Industry,Private business or VUP,Oral agreement,18.0,Rural,Western Province,52000.0
24,Primary education,Elementary and other work,Services,Private business or VUP,Oral agreement,32.0,Rural,Western Province,39000.0
29,Primary education,Agriculture,Agriculture,Private business or VUP,Oral agreement,36.0,Rural,Western Province,26000.0
21,Primary education,Elementary and other work,Industry,Private business or VUP,Oral agreement,20.0,Rural,Western Province,23400.0
19,Primary education,Agriculture,Agriculture,Private business or VUP,Oral agreement,48.0,Rural,Western Province,13000.0
17,Primary education,Elementary and other work,Industry,Private business or VUP,Oral agreement,21.0,Rural,Western Province,26000.0
23,Primary education,Agriculture,Agriculture,Private business or VUP,Oral agreement,35.0,Rural,Western Province,26000.0
20,Primary education,Elementary and other work,Services,Private business or VUP,Oral agreement,15.0,Rural,Western Province,52000.0
23,Primary education,Elementary and other work,Services,Private business or VUP,Oral agreement,36.0,Rural,Western Province,52000.0
28,Primary education,Agriculture,Agriculture,Private business or VUP,Oral agreement,50.0,Rural,Western Province,39000.0
21,Primary education,Agriculture,Agriculture,Private business or VUP,Oral agreement,15.0,Rural,Western Province,52000.0
19,Lower secondary education,Agriculture,Agriculture,Private business or VUP,Oral agreement,25.0,Rural,Western Province,39000.0
25,Primary education,Agriculture,Agriculture,Private business or VUP,Oral agreement,30.0,Rural,Western Province,18200.0
22,Lower secondary education,Agriculture,Agriculture,Private business or VUP,Oral agreement,4.0,Rural,Western Province,52000.0
26,Primary education,Agriculture,Agriculture,Private business or VUP,Oral agreement,12.0,Rural,Western Province,52000.0
19,Primary education,Agriculture,Agriculture,Private business or VUP,Oral agreement,28.0,Rural,Western Province,39000.0
23,Primary education,Agriculture,Agriculture,Private business or VUP,Oral agreement,36.0,Urban,Western Province,39000.0
18,Primary education,Agriculture,Agriculture,Private business or VUP,Oral agreement,36.0,Urban,Western Province,39000.0
30,Primary education,Agriculture,Agriculture,Private business or VUP,Oral agreement,28.0,Urban,Western Province,39000.0
18,Primary education,Agriculture,Agriculture,Private business or VUP,Oral agreement,21.0,Rural,Western Province,39000.0
30,No formal education,Agriculture,Agriculture,Private business or VUP,Oral agreement,30.0,Rural,Western Province,39000.0
20,Primary education,Agriculture,Agriculture,Private business or VUP,Oral agreement,25.0,Rural,Western Province,31200.0
30,Primary education,Elementary and other work,Industry,Private business or VUP,Oral agreement,30.0,Rural,Western Province,52000.0
28,Primary education,Agriculture,Agriculture,Private business or VUP,Oral agreement,24.0,Rural,Western Province,31200.0
20,No formal education,Agriculture,Agriculture,Private business or VUP,Oral agreement,40.0,Rural,Western Province,26000.0
28,Primary education,Elementary and other work,Industry,Private business or VUP,Oral agreement,45.0,Urban,Western Province,65000.0
25,Primary education,Skilled trades and operators,Services,Private business or VUP,Oral agreement,48.0,Urban,Western Province,26000.0
20,Primary education,Elementary and other work,Services,Private business or VUP,Oral agreement,36.0,Urban,Western Province,52000.0
22,Primary education,Elementary and other work,Services,Private business or VUP,Oral agreement,21.0,Urban,Western Province,52000.0
29,Primary education,Agriculture,Agriculture,Private business or VUP,Oral agreement,30.0,Urban,Western Province,52000.0
27,Primary education,Agriculture,Agriculture,Private business or VUP,Oral agreement,36.0,Urban,Western Province,20800.0
21,Primary education,Agriculture,Agriculture,Private business or VUP,Oral agreement,36.0,Urban,Western Province,26000.0
28,Primary education,Agriculture,Agriculture,Private business or VUP,Oral agreement,40.0,Urban,Western Province,39000.0
23,Primary education,Agriculture,Agriculture,Private business or VUP,Oral agreement,21.0,Rural,Western Province,52000.0
19,Primary education,Agriculture,Agriculture,Private business or VUP,Oral agreement,35.0,Rural,Western Province,39000.0
27,Lower secondary education,Agriculture,Agriculture,Private business or VUP,Oral agreement,16.0,Rural,Western Province,39000.0
25,Primary education,Agriculture,Agriculture,Private business or VUP,Oral agreement,12.0,Rural,Western Province,31200.0
25,Upper secondary education,Elementary and other work,Services,Private business or VUP,Oral agreement,21.0,Rural,Western Province,65000.0
16,Primary education,Sales and services,Services,Private business or VUP,Oral agreement,50.0,Rural,Western Province,13000.0
28,Upper secondary education,Agriculture,Agriculture,Private business or VUP,Oral agreement,24.0,Rural,Western Province,39000.0
26,Lower secondary education,Agriculture,Agriculture,Private business or VUP,Oral agreement,42.0,Rural,Western Province,26000.0
19,Primary education,Agriculture,Agriculture,Private business or VUP,Oral agreement,18.0,Rural,Western Province,39000.0
27,Upper secondary education,Agriculture,Agriculture,Private business or VUP,Oral agreement,6.0,Rural,Western Province,26000.0
21,Primary education,Elementary and other work,Services,Private business or VUP,Oral agreement,32.0,Rural,Western Province,104000.0
27,Primary education,Agriculture,Agriculture,Private business or VUP,Oral agreement,6.0,Rural,Western Province,39000.0
22,Primary education,Elementary and other work,Industry,Private business or VUP,Oral agreement,18.0,Rural,Western Province,52000.0
22,Lower secondary education,Agriculture,Agriculture,Private business or VUP,Oral agreement,12.0,Rural,Western Province,26000.0
21,Primary education,Agriculture,Agriculture,Private business or VUP,Oral agreement,42.0,Rural,Western Province,39000.0
19,Primary education,Agriculture,Agriculture,Private business or VUP,Oral agreement,42.0,Rural,Western Province,39000.0
17,Primary education,Agriculture,Agriculture,Private business or VUP,Oral agreement,42.0,Rural,Western Province,39000.0
26,Primary education,Agriculture,Agriculture,Cooperative,Oral agreement,14.0,Rural,Western Province,25000.0
26,Primary education,Agriculture,Agriculture,Private business or VUP,Oral agreement,42.0,Rural,Western Province,26000.0
22,Lower secondary education,Agriculture,Agriculture,Private business or VUP,Oral agreement,42.0,Rural,Western Province,26000.0
22,Primary education,Elementary and other work,Services,Private business or VUP,Oral agreement,54.0,Rural,Western Province,26000.0
17,Primary education,Agriculture,Agriculture,Private business or VUP,Oral agreement,84.0,Rural,Western Province,15000.0
17,Primary education,Elementary and other work,Industry,Private business or VUP,Oral agreement,20.0,Rural,Western Province,26000.0
27,Lower secondary education,Agriculture,Agriculture,Private business or VUP,Oral agreement,30.0,Rural,Western Province,43333.332
23,Primary education,Agriculture,Agriculture,Private business or VUP,Oral agreement,24.0,Rural,Western Province,10400.0
28,No formal education,Agriculture,Agriculture,Private business or VUP,Oral agreement,16.0,Rural,Western Province,26000.0
28,No formal education,Agriculture,Agriculture,Private business or VUP,Oral agreement,35.0,Rural,Western Province,26000.0
24,Primary education,Agriculture,Agriculture,Private business or VUP,Oral agreement,12.0,Rural,Western Province,26000.0
30,Upper secondary education,Agriculture,Agriculture,Private business or VUP,Oral agreement,30.0,Rural,Western Province,18000.0
30,Lower secondary education,Skilled trades and operators,Industry,Private business or VUP,Oral agreement,24.0,Rural,Western Province,130000.0
29,Primary education,Agriculture,Services,NGO or international organisation,Oral agreement,36.0,Rural,Western Province,17333.334
29,Lower secondary education,Agriculture,Agriculture,Private business or VUP,Oral agreement,21.0,Rural,Western Province,10400.0
28,Primary education,Agriculture,Agriculture,Private business or VUP,Oral agreement,16.0,Rural,Western Province,23400.0
28,Primary education,Elementary and other work,Industry,Private business or VUP,Oral agreement,30.0,Urban,Western Province,65000.0
20,Primary education,Elementary and other work,Industry,Private business or VUP,Oral agreement,30.0,Urban,Western Province,65000.0
27,Lower secondary education,Elementary and other work,Industry,Private business or VUP,Oral agreement,24.0,Urban,Western Province,65000.0
30,Primary education,Elementary and other work,Industry,Private business or VUP,Oral agreement,30.0,Urban,Western Province,65000.0
27,Primary education,Agriculture,Agriculture,Private business or VUP,Oral agreement,30.0,Urban,Western Province,17333.334
22,Primary education,Elementary and other work,Industry,Private business or VUP,Oral agreement,16.0,Urban,Western Province,52000.0
27,Primary education,Agriculture,Agriculture,Private business or VUP,Oral agreement,18.0,Urban,Western Province,52000.0
22,Primary education,Skilled trades and operators,Industry,Private business or VUP,Oral agreement,9.0,Rural,Western Province,52000.0
28,Primary education,Skilled trades and operators,Agriculture,Private business or VUP,Oral agreement,14.0,Rural,Western Province,52000.0
30,Primary education,Agriculture,Agriculture,Private business or VUP,Oral agreement,35.0,Rural,Western Province,26000.0
24,Lower secondary education,Agriculture,Agriculture,Private business or VUP,Oral agreement,21.0,Rural,Western Province,52000.0
25,Primary education,Elementary and other work,Industry,Private business or VUP,Oral agreement,24.0,Rural,Western Province,52000.0
25,Lower secondary education,Agriculture,Agriculture,Private business or VUP,Oral agreement,12.0,Rural,Western Province,26000.0
20,Primary education,Skilled trades and operators,Services,Private business or VUP,Oral agreement,4.0,Urban,Western Province,39000.0
26,Primary education,Elementary and other work,Services,Household,Oral agreement,35.0,Urban,Western Province,15000.0
28,Lower secondary education,Elementary and other work,Industry,Private business or VUP,Oral agreement,4.0,Urban,Western Province,65000.0
18,Lower secondary education,"Education, health and social services",Services,Private business or VUP,Oral agreement,35.0,Urban,Western Province,52000.0
19,Primary education,Elementary and other work,Services,Household,Oral agreement,70.0,Urban,Western Province,15000.0
30,Primary education,Agriculture,Agriculture,Private business or VUP,Oral agreement,14.0,Urban,Western Province,39000.0
29,Lower secondary education,Agriculture,Agriculture,Private business or VUP,Oral agreement,6.0,Rural,Western Province,65000.0
22,Primary education,Elementary and other work,Services,Public institution,Oral agreement,60.0,Rural,Western Province,25000.0
24,Primary education,Agriculture,Agriculture,Private business or VUP,Oral agreement,16.0,Rural,Western Province,39000.0
18,Lower secondary education,Elementary and other work,Industry,Private business or VUP,Oral agreement,12.0,Rural,Western Province,52000.0
22,Upper secondary education,Agriculture,Agriculture,Private business or VUP,Oral agreement,32.0,Rural,Western Province,39000.0
22,Primary education,Elementary and other work,Industry,Private business or VUP,Oral agreement,56.0,Rural,Western Province,24000.0
22,Primary education,Elementary and other work,Industry,Private business or VUP,Oral agreement,45.0,Rural,Western Province,52000.0
19,Primary education,Agriculture,Agriculture,Private business or VUP,Oral agreement,30.0,Rural,Western Province,39000.0
24,Primary education,Skilled trades and operators,Industry,Private business or VUP,Oral agreement,45.0,Rural,Western Province,130000.0
20,Primary education,Skilled trades and operators,Industry,Private business or VUP,Oral agreement,45.0,Rural,Western Province,130000.0
24,Primary education,Agriculture,Agriculture,Private business or VUP,Oral agreement,14.0,Rural,Western Province,39000.0
26,Primary education,Sales and services,Services,Private business or VUP,Oral agreement,70.0,Rural,Western Province,40000.0
23,Lower secondary education,Skilled trades and operators,Industry,Private business or VUP,Oral agreement,40.0,Rural,Western Province,65000.0
18,Primary education,Elementary and other work,Industry,Private business or VUP,Oral agreement,21.0,Rural,Western Province,65000.0
20,Lower secondary education,Elementary and other work,Services,Household,Oral agreement,58.0,Rural,Northern Province,15000.0
20,Primary education,Elementary and other work,Services,Household,Oral agreement,40.0,Rural,Northern Province,18000.0
16,Primary education,Elementary and other work,Services,Household,Oral agreement,49.0,Rural,Northern Province,15000.0
30,Primary education,Agriculture,Agriculture,Private business or VUP,Oral agreement,36.0,Rural,Northern Province,31200.0
28,Primary education,Agriculture,Agriculture,Private business or VUP,Oral agreement,30.0,Rural,Northern Province,26000.0
27,Lower secondary education,Sales and services,Services,Private business or VUP,Oral agreement,72.0,Rural,Northern Province,55000.0
25,Primary education,Agriculture,Agriculture,Private business or VUP,Oral agreement,10.0,Rural,Northern Province,26000.0
22,Primary education,Elementary and other work,Industry,Private business or VUP,Oral agreement,30.0,Rural,Northern Province,10833.333
28,Primary education,Agriculture,Agriculture,Private business or VUP,Oral agreement,56.0,Rural,Northern Province,31200.0
26,Primary education,Agriculture,Agriculture,Private business or VUP,Oral agreement,15.0,Rural,Northern Province,31200.0
22,Primary education,Agriculture,Agriculture,Private business or VUP,Oral agreement,24.0,Rural,Northern Province,26000.0
27,Primary education,Elementary and other work,Industry,Private business or VUP,Oral agreement,40.0,Rural,Northern Province,52000.0
29,Primary education,Elementary and other work,Industry,Private business or VUP,Written contract,45.0,Rural,Northern Province,200000.0
27,Primary education,Elementary and other work,Industry,Private business or VUP,Written contract,35.0,Rural,Northern Province,97000.0
21,Primary education,Skilled trades and operators,Industry,Private business or VUP,Written contract,42.0,Rural,Northern Province,78000.0
24,Lower secondary education,Elementary and other work,Industry,Private business or VUP,Oral agreement,34.0,Rural,Northern Province,39000.0
21,Upper secondary education,Elementary and other work,Industry,Private business or VUP,Oral agreement,48.0,Rural,Northern Province,39000.0
24,Primary education,Elementary and other work,Industry,Private business or VUP,Oral agreement,45.0,Rural,Northern Province,91000.0
18,Primary education,Agriculture,Agriculture,Private business or VUP,Oral agreement,36.0,Rural,Northern Province,10000.0
20,Lower secondary education,Agriculture,Agriculture,Private business or VUP,Oral agreement,36.0,Rural,Northern Province,26000.0
19,Primary education,Agriculture,Agriculture,Private business or VUP,Oral agreement,36.0,Rural,Northern Province,26000.0
22,Primary education,Agriculture,Agriculture,Private business or VUP,Oral agreement,36.0,Rural,Northern Province,26000.0
18,Primary education,Agriculture,Agriculture,Private business or VUP,Oral agreement,54.0,Rural,Northern Province,286000.0
23,Tertiary education,"Education, health and social services",Services,Public-private enterprise,Written contract,40.0,Rural,Northern Province,100000.0
26,Primary education,Agriculture,Agriculture,Private business or VUP,Oral agreement,10.0,Rural,Northern Province,26000.0
20,Upper secondary education,Elementary and other work,Industry,Private business or VUP,Oral agreement,48.0,Rural,Northern Province,52000.0
25,Upper secondary education,Skilled trades and operators,Industry,Private business or VUP,Oral agreement,63.0,Rural,Northern Province,216666.67
24,Primary education,Elementary and other work,Industry,Private business or VUP,Oral agreement,32.0,Rural,Northern Province,39000.0
17,Primary education,Agriculture,Agriculture,Private business or VUP,Oral agreement,15.0,Rural,Northern Province,26000.0
28,Primary education,Elementary and other work,Industry,Private business or VUP,Oral agreement,45.0,Rural,Northern Province,52000.0
19,Primary education,Agriculture,Agriculture,Private business or VUP,Oral agreement,36.0,Rural,Northern Province,26000.0
26,Primary education,Agriculture,Agriculture,Private business or VUP,Oral agreement,36.0,Rural,Northern Province,26000.0
27,Primary education,Agriculture,Agriculture,Private business or VUP,Oral agreement,36.0,Rural,Northern Province,26000.0
27,Primary education,Skilled trades and operators,Industry,Private business or VUP,Oral agreement,48.0,Urban,Northern Province,40000.0
27,Tertiary education,Agriculture,Agriculture,Private business or VUP,Oral agreement,12.0,Urban,Northern Province,39000.0
19,Primary education,Elementary and other work,Services,Household,Oral agreement,70.0,Urban,Northern Province,20000.0
16,Primary education,Elementary and other work,Services,Household,Oral agreement,63.0,Urban,Northern Province,20000.0
26,Tertiary education,"Business, management and office work",Services,Private business or VUP,Oral agreement,40.0,Urban,Northern Province,40000.0
30,Tertiary education,"Business, management and office work",Services,NGO or international organisation,Written contract,24.0,Urban,Northern Province,100000.0
28,Tertiary education,"Education, health and social services",Services,Public institution,Written contract,36.0,Urban,Northern Province,120000.0
17,Lower secondary education,Elementary and other work,Services,Household,Oral agreement,52.0,Urban,Northern Province,20000.0
30,Upper secondary education,Sales and services,Services,Private business or VUP,Written contract,45.0,Urban,Northern Province,325000.0
23,Primary education,Agriculture,Agriculture,Private business or VUP,Oral agreement,54.0,Rural,Northern Province,78000.0
19,Primary education,Agriculture,Agriculture,Private business or VUP,Oral agreement,48.0,Rural,Northern Province,78000.0
20,Primary education,Elementary and other work,Industry,Private business or VUP,Oral agreement,48.0,Rural,Northern Province,78000.0
19,Lower secondary education,Elementary and other work,Industry,Private business or VUP,Oral agreement,30.0,Rural,Northern Province,52000.0
25,Lower secondary education,Skilled trades and operators,Services,Private business or VUP,Written contract,49.0,Urban,Northern Province,160000.0
19,Primary education,Elementary and other work,Services,Private business or VUP,Written contract,24.0,Urban,Northern Province,52000.0
17,Primary education,Elementary and other work,Services,Private business or VUP,Oral agreement,24.0,Urban,Northern Province,39000.0
29,Primary education,Elementary and other work,Industry,Private business or VUP,Oral agreement,30.0,Urban,Northern Province,65000.0
18,Lower secondary education,Elementary and other work,Industry,Private business or VUP,Oral agreement,48.0,Rural,Northern Province,65000.0
17,Primary education,Elementary and other work,Industry,Private business or VUP,Oral agreement,24.0,Rural,Northern Province,52000.0
25,Primary education,Agriculture,Agriculture,Private business or VUP,Oral agreement,36.0,Rural,Northern Province,91000.0
21,Primary education,Agriculture,Agriculture,Private business or VUP,Oral agreement,42.0,Rural,Northern Province,39000.0
20,Primary education,Elementary and other work,Industry,Private business or VUP,Oral agreement,45.0,Rural,Northern Province,65000.0
21,Primary education,Elementary and other work,Industry,Private business or VUP,Oral agreement,45.0,Rural,Northern Province,78000.0
19,Lower secondary education,Agriculture,Agriculture,Private business or VUP,Oral agreement,35.0,Rural,Northern Province,39000.0
17,Primary education,Agriculture,Agriculture,Private business or VUP,Oral agreement,24.0,Rural,Northern Province,39000.0
18,Primary education,Agriculture,Agriculture,Private business or VUP,Written contract,18.0,Rural,Northern Province,39000.0
29,Primary education,Agriculture,Agriculture,Private business or VUP,Oral agreement,44.0,Rural,Northern Province,52000.0
24,No formal education,Agriculture,Agriculture,Private business or VUP,Oral agreement,44.0,Rural,Northern Province,39000.0
30,Primary education,Agriculture,Agriculture,Private business or VUP,Oral agreement,60.0,Rural,Northern Province,52000.0
27,Primary education,Agriculture,Agriculture,Private business or VUP,Oral agreement,60.0,Rural,Northern Province,52000.0
24,Primary education,Agriculture,Agriculture,Private business or VUP,Oral agreement,20.0,Rural,Northern Province,52000.0
25,Primary education,Elementary and other work,Industry,Private business or VUP,Oral agreement,72.0,Rural,Northern Province,43333.332
27,Primary education,Agriculture,Agriculture,Private business or VUP,Oral agreement,40.0,Rural,Northern Province,78000.0
25,Primary education,Skilled trades and operators,Industry,Private business or VUP,Oral agreement,24.0,Rural,Northern Province,91000.0
27,Lower secondary education,Agriculture,Agriculture,Private business or VUP,Oral agreement,30.0,Rural,Northern Province,39000.0
26,Lower secondary education,Agriculture,Agriculture,Private business or VUP,Oral agreement,10.0,Rural,Northern Province,39000.0
23,Upper secondary education,Agriculture,Agriculture,Private business or VUP,Oral agreement,10.0,Rural,Northern Province,39000.0
21,Upper secondary education,Agriculture,Agriculture,Private business or VUP,Oral agreement,5.0,Rural,Northern Province,39000.0
18,Lower secondary education,Elementary and other work,Industry,Private business or VUP,Oral agreement,5.0,Rural,Northern Province,39000.0
17,Lower secondary education,Agriculture,Agriculture,Private business or VUP,Oral agreement,10.0,Rural,Northern Province,52000.0
21,Upper secondary education,Elementary and other work,Industry,Private business or VUP,Oral agreement,45.0,Rural,Northern Province,52000.0
19,Lower secondary education,Elementary and other work,Industry,Private business or VUP,Oral agreement,45.0,Rural,Northern Province,52000.0
16,Upper secondary education,Elementary and other work,Industry,Private business or VUP,Oral agreement,30.0,Rural,Northern Province,52000.0
18,Lower secondary education,Agriculture,Agriculture,Private business or VUP,Oral agreement,8.0,Rural,Northern Province,39000.0
28,Lower secondary education,Agriculture,Agriculture,Private business or VUP,Oral agreement,21.0,Rural,Northern Province,31200.0
17,Lower secondary education,Agriculture,Agriculture,Private business or VUP,Oral agreement,6.0,Rural,Northern Province,26000.0
23,Primary education,Agriculture,Agriculture,Private business or VUP,Oral agreement,36.0,Rural,Northern Province,39000.0
16,Lower secondary education,Agriculture,Agriculture,Private business or VUP,Oral agreement,30.0,Rural,Northern Province,20800.0
17,Primary education,Agriculture,Agriculture,Private business or VUP,Oral agreement,15.0,Rural,Northern Province,26000.0
17,Primary education,Elementary and other work,Industry,Private business or VUP,Oral agreement,18.0,Rural,Northern Province,65000.0
22,No formal education,Agriculture,Agriculture,Private business or VUP,Oral agreement,30.0,Rural,Northern Province,39000.0
19,Primary education,Agriculture,Agriculture,Private business or VUP,Oral agreement,12.0,Rural,Northern Province,26000.0
16,Primary education,Agriculture,Agriculture,Private business or VUP,Oral agreement,25.0,Rural,Northern Province,26000.0
27,Lower secondary education,Agriculture,Agriculture,Private business or VUP,Oral agreement,24.0,Rural,Northern Province,26000.0
21,Primary education,Agriculture,Agriculture,Private business or VUP,Oral agreement,25.0,Rural,Northern Province,26000.0
22,Tertiary education,"Education, health and social services",Services,Public institution,Written contract,40.0,Rural,Northern Province,107000.0
19,Upper secondary education,Elementary and other work,Industry,Private business or VUP,Oral agreement,70.0,Rural,Northern Province,78000.0
28,Lower secondary education,Agriculture,Industry,Other,Oral agreement,9.0,Rural,Northern Province,12500.0
28,Primary education,Agriculture,Agriculture,Private business or VUP,Oral agreement,36.0,Rural,Northern Province,20800.0
22,Primary education,Elementary and other work,Industry,Private business or VUP,Oral agreement,70.0,Rural,Northern Province,92500.0
20,Upper secondary education,Agriculture,Agriculture,Private business or VUP,Oral agreement,36.0,Rural,Northern Province,20800.0
28,Primary education,Elementary and other work,Industry,Private business or VUP,Oral agreement,16.0,Rural,Northern Province,39000.0
22,Primary education,Elementary and other work,Services,Household,Oral agreement,42.0,Urban,Eastern Province,30000.0
30,Primary education,Elementary and other work,Services,Household,Oral agreement,56.0,Urban,Eastern Province,30000.0
24,Primary education,Elementary and other work,Services,Household,Oral agreement,42.0,Urban,Eastern Province,20000.0
16,Lower secondary education,Elementary and other work,Services,Household,Written contract,42.0,Urban,Eastern Province,15000.0
27,Lower secondary education,Science and engineering,Agriculture,Private business or VUP,Written contract,47.0,Urban,Eastern Province,260000.0
21,Upper secondary education,Sales and services,Services,Public institution,Written contract,48.0,Urban,Eastern Province,42000.0
17,Primary education,Elementary and other work,Services,Household,Oral agreement,56.0,Rural,Eastern Province,10000.0
24,Lower secondary education,Agriculture,Agriculture,Private business or VUP,Oral agreement,15.0,Urban,Eastern Province,26000.0
21,Primary education,Agriculture,Agriculture,Private business or VUP,Oral agreement,16.0,Urban,Eastern Province,39000.0
28,Primary education,Elementary and other work,Services,Household,Oral agreement,42.0,Urban,Eastern Province,19000.0
18,Lower secondary education,Elementary and other work,Industry,Private business or VUP,Oral agreement,40.0,Urban,Eastern Province,65000.0
21,Upper secondary education,"Education, health and social services",Services,Private business or VUP,Written contract,36.0,Urban,Eastern Province,95000.0
22,Primary education,Sales and services,Industry,Private business or VUP,Oral agreement,49.0,Urban,Eastern Province,234000.0
19,Primary education,Agriculture,Agriculture,Private business or VUP,Oral agreement,25.0,Rural,Eastern Province,26000.0
30,Primary education,Agriculture,Agriculture,Private business or VUP,Oral agreement,36.0,Rural,Eastern Province,26000.0
23,Primary education,Elementary and other work,Industry,Private business or VUP,Oral agreement,56.0,Rural,Eastern Province,52000.0
26,Primary education,Agriculture,Agriculture,Private business or VUP,Oral agreement,24.0,Rural,Eastern Province,26000.0
24,Primary education,Agriculture,Agriculture,Private business or VUP,Oral agreement,30.0,Rural,Eastern Province,26000.0
25,Lower secondary education,Agriculture,Agriculture,Private business or VUP,Oral agreement,12.0,Rural,Eastern Province,39000.0
26,Primary education,Elementary and other work,Industry,Private business or VUP,Oral agreement,36.0,Rural,Eastern Province,52000.0
19,Primary education,Elementary and other work,Industry,Private business or VUP,Oral agreement,36.0,Rural,Eastern Province,52000.0
22,Primary education,Elementary and other work,Services,Private business or VUP,Oral agreement,50.0,Rural,Eastern Province,91000.0
23,Primary education,Skilled trades and operators,Industry,Private business or VUP,Oral agreement,70.0,Rural,Eastern Province,108333.34
21,Primary education,Elementary and other work,Services,Private business or VUP,Oral agreement,48.0,Rural,Eastern Province,39000.0
28,Primary education,Agriculture,Agriculture,Private business or VUP,Oral agreement,12.0,Rural,Eastern Province,26000.0
21,Primary education,Agriculture,Agriculture,Private business or VUP,Oral agreement,30.0,Rural,Eastern Province,20800.0
17,Primary education,Elementary and other work,Industry,Private business or VUP,Oral agreement,48.0,Rural,Eastern Province,52000.0
22,Upper secondary education,"Education, health and social services",Services,Private business or VUP,Written contract,40.0,Rural,Eastern Province,100000.0
26,Primary education,Elementary and other work,Industry,Private business or VUP,Oral agreement,66.0,Rural,Eastern Province,31200.0
19,Lower secondary education,Elementary and other work,Industry,Private business or VUP,Oral agreement,54.0,Urban,Eastern Province,26000.0
22,Primary education,Elementary and other work,Services,Household,Oral agreement,56.0,Urban,Eastern Province,10000.0
21,No formal education,Elementary and other work,Industry,Private business or VUP,Oral agreement,40.0,Urban,Eastern Province,65000.0
30,Tertiary education,"Education, health and social services",Services,Public institution,Written contract,56.0,Urban,Eastern Province,105000.0
17,Primary education,Agriculture,Agriculture,Private business or VUP,Oral agreement,30.0,Rural,Eastern Province,26000.0
29,Primary education,Agriculture,Agriculture,Private business or VUP,Oral agreement,18.0,Rural,Eastern Province,26000.0
20,Primary education,Agriculture,Agriculture,Private business or VUP,Oral agreement,15.0,Rural,Eastern Province,26000.0
29,Primary education,Elementary and other work,Industry,Private business or VUP,Oral agreement,30.0,Rural,Eastern Province,52000.0
29,Lower secondary education,Agriculture,Agriculture,Private business or VUP,Oral agreement,25.0,Rural,Eastern Province,26000.0
20,Primary education,Elementary and other work,Industry,Private business or VUP,Written contract,48.0,Rural,Eastern Province,30000.0
17,Primary education,Skilled trades and operators,Industry,Private business or VUP,Oral agreement,56.0,Rural,Eastern Province,104000.0
16,Primary education,Agriculture,Agriculture,Private business or VUP,Oral agreement,36.0,Rural,Eastern Province,26000.0
27,Primary education,Agriculture,Agriculture,Private business or VUP,Oral agreement,24.0,Rural,Eastern Province,26000.0
20,Lower secondary education,Agriculture,Agriculture,Private business or VUP,Oral agreement,28.0,Rural,Eastern Province,18200.0
26,Primary education,Elementary and other work,Industry,Private business or VUP,Oral agreement,56.0,Rural,Eastern Province,104000.0
20,Upper secondary education,Elementary and other work,Industry,Private business or VUP,Oral agreement,27.0,Rural,Eastern Province,52000.0
29,Primary education,Elementary and other work,Industry,Private business or VUP,Oral agreement,36.0,Rural,Eastern Province,13000.0
20,Primary education,Skilled trades and operators,Industry,Private business or VUP,Oral agreement,24.0,Rural,Eastern Province,39000.0
25,Primary education,Agriculture,Agriculture,Private business or VUP,Oral agreement,30.0,Rural,Eastern Province,18200.0
26,Primary education,Elementary and other work,Industry,Private business or VUP,Oral agreement,20.0,Rural,Eastern Province,26000.0
30,Upper secondary education,Agriculture,Agriculture,Private business or VUP,Oral agreement,30.0,Rural,Eastern Province,20800.0
23,Primary education,Elementary and other work,Services,Household,Oral agreement,70.0,Urban,Eastern Province,7000.0
21,Lower secondary education,Agriculture,Agriculture,Private business or VUP,Oral agreement,15.0,Urban,Eastern Province,26000.0
19,Lower secondary education,Agriculture,Agriculture,Private business or VUP,Oral agreement,28.0,Urban,Eastern Province,12000.0
30,Primary education,Agriculture,Agriculture,Private business or VUP,Oral agreement,36.0,Urban,Eastern Province,26000.0
17,Primary education,Elementary and other work,Industry,Private business or VUP,Oral agreement,20.0,Urban,Eastern Province,26000.0
22,Lower secondary education,Elementary and other work,Industry,Private business or VUP,Oral agreement,36.0,Urban,Eastern Province,52000.0
22,Primary education,Sales and services,Services,Private business or VUP,Oral agreement,66.0,Rural,Eastern Province,45000.0
27,Lower secondary education,Sales and services,Services,Private business or VUP,Oral agreement,72.0,Rural,Eastern Province,52000.0
22,Primary education,Agriculture,Agriculture,Private business or VUP,Oral agreement,5.0,Rural,Eastern Province,31200.0
21,Upper secondary education,Elementary and other work,Industry,Private business or VUP,Oral agreement,9.0,Rural,Eastern Province,78000.0
21,Primary education,Elementary and other work,Services,Household,Oral agreement,45.0,Rural,Eastern Province,15000.0
30,Primary education,Skilled trades and operators,Services,Private business or VUP,Oral agreement,49.0,Rural,Eastern Province,78000.0
21,Primary education,Elementary and other work,Services,Household,Oral agreement,42.0,Rural,Eastern Province,15000.0
21,Lower secondary education,Skilled trades and operators,Services,Private business or VUP,Oral agreement,35.0,Rural,Eastern Province,78000.0
24,Upper secondary education,Elementary and other work,Services,Household,Oral agreement,40.0,Rural,Eastern Province,26000.0
23,Primary education,Agriculture,Industry,Private business or VUP,Oral agreement,40.0,Rural,Eastern Province,39000.0
22,Primary education,Elementary and other work,Industry,Private business or VUP,Oral agreement,20.0,Rural,Eastern Province,26000.0
18,No formal education,Elementary and other work,Industry,Private business or VUP,Oral agreement,15.0,Rural,Eastern Province,26000.0
25,Primary education,Skilled trades and operators,Services,Private business or VUP,Oral agreement,60.0,Rural,Eastern Province,52000.0
20,Upper secondary education,Elementary and other work,Industry,Private business or VUP,Oral agreement,42.0,Rural,Eastern Province,26000.0
17,Primary education,Agriculture,Agriculture,Private business or VUP,Oral agreement,30.0,Rural,Eastern Province,39000.0
17,No formal education,Elementary and other work,Industry,Private business or VUP,Oral agreement,41.0,Rural,Eastern Province,52000.0
18,Upper secondary education,Elementary and other work,Industry,Private business or VUP,Oral agreement,60.0,Rural,Eastern Province,52000.0
29,Tertiary education,"Education, health and social services",Services,Public institution,Written contract,35.0,Rural,Eastern Province,230000.0
28,Lower secondary education,Sales and services,Services,Private business or VUP,Oral agreement,42.0,Rural,Eastern Province,52000.0
21,Primary education,Elementary and other work,Industry,Private business or VUP,Oral agreement,42.0,Rural,Eastern Province,39000.0
22,Primary education,Agriculture,Agriculture,Private business or VUP,Oral agreement,42.0,Rural,Eastern Province,13000.0
23,Primary education,Agriculture,Agriculture,Private business or VUP,Oral agreement,15.0,Rural,Eastern Province,26000.0
17,Primary education,Agriculture,Agriculture,Private business or VUP,Oral agreement,10.0,Rural,Eastern Province,13000.0
16,Lower secondary education,Agriculture,Agriculture,Private business or VUP,Oral agreement,6.0,Rural,Eastern Province,26000.0
26,Tertiary education,"Business, management and office work",Agriculture,Cooperative,Written contract,40.0,Rural,Eastern Province,100000.0
23,Upper secondary education,"Business, management and office work",Services,Private business or VUP,Oral agreement,55.0,Rural,Eastern Province,30000.0
25,Upper secondary education,"Education, health and social services",Services,Public-private enterprise,Written contract,40.0,Rural,Eastern Province,110000.0
24,Primary education,Agriculture,Agriculture,Private business or VUP,Oral agreement,15.0,Rural,Eastern Province,26000.0
19,Primary education,Agriculture,Agriculture,Private business or VUP,Oral agreement,10.0,Rural,Eastern Province,26000.0
23,Primary education,Sales and services,Services,Private business or VUP,Oral agreement,42.0,Rural,Eastern Province,26000.0
20,Primary education,Agriculture,Agriculture,Private business or VUP,Oral agreement,42.0,Rural,Eastern Province,39000.0
23,Lower secondary education,Agriculture,Agriculture,Private business or VUP,Oral agreement,15.0,Rural,Eastern Province,15600.0
18,Lower secondary education,Agriculture,Agriculture,Private business or VUP,Oral agreement,5.0,Rural,Eastern Province,15600.0
30,Primary education,Agriculture,Agriculture,Private business or VUP,Oral agreement,42.0,Rural,Eastern Province,18200.0
17,Lower secondary education,Agriculture,Agriculture,Private business or VUP,Oral agreement,6.0,Rural,Eastern Province,52000.0
27,Lower secondary education,Agriculture,Agriculture,Private business or VUP,Oral agreement,15.0,Rural,Eastern Province,15600.0
21,Upper secondary education,"Education, health and social services",Agriculture,Private business or VUP,Oral agreement,30.0,Rural,Eastern Province,90000.0
25,Upper secondary education,Agriculture,Agriculture,Private business or VUP,Written contract,54.0,Rural,Eastern Province,80000.0
30,Primary education,Agriculture,Agriculture,Private business or VUP,Oral agreement,4.0,Rural,Eastern Province,26000.0
20,Upper secondary education,Elementary and other work,Industry,Private business or VUP,Oral agreement,27.0,Rural,Eastern Province,65000.0
28,Upper secondary education,Sales and services,Services,Private business or VUP,Oral agreement,40.0,Rural,Eastern Province,45000.0
24,Primary education,Elementary and other work,Industry,Private business or VUP,Oral agreement,8.0,Rural,Eastern Province,104000.0
20,Lower secondary education,Elementary and other work,Services,Private business or VUP,Oral agreement,10.0,Rural,Eastern Province,78000.0
18,Lower secondary education,Elementary and other work,Industry,Private business or VUP,Oral agreement,27.0,Rural,Eastern Province,78000.0
19,Primary education,Elementary and other work,Services,Household,Oral agreement,42.0,Rural,Eastern Province,20000.0
24,Primary education,Agriculture,Agriculture,Private business or VUP,Oral agreement,36.0,Rural,Eastern Province,31200.0
30,Primary education,Elementary and other work,Industry,Private business or VUP,Oral agreement,40.0,Rural,Eastern Province,65000.0
20,Primary education,Elementary and other work,Industry,Private business or VUP,Oral agreement,30.0,Urban,Eastern Province,78000.0
20,Primary education,Elementary and other work,Industry,Private business or VUP,Oral agreement,54.0,Urban,Eastern Province,78000.0
17,Lower secondary education,Elementary and other work,Industry,Private business or VUP,Oral agreement,24.0,Urban,Eastern Province,91000.0
19,Primary education,Elementary and other work,Services,Household,Oral agreement,56.0,Urban,Eastern Province,20000.0
20,Lower secondary education,Elementary and other work,Services,Household,Oral agreement,60.0,Urban,Eastern Province,25000.0
22,Lower secondary education,Elementary and other work,Services,Household,Oral agreement,49.0,Urban,Eastern Province,25000.0
29,Primary education,Elementary and other work,Industry,Private business or VUP,Oral agreement,40.0,Urban,Eastern Province,104000.0
19,Lower secondary education,Elementary and other work,Services,Household,Oral agreement,56.0,Urban,Eastern Province,20000.0
19,Upper secondary education,Elementary and other work,Industry,Private business or VUP,Oral agreement,48.0,Urban,Eastern Province,104000.0
23,Lower secondary education,Elementary and other work,Industry,Private business or VUP,Oral agreement,36.0,Urban,Eastern Province,78000.0
21,Primary education,Elementary and other work,Industry,Private business or VUP,Oral agreement,36.0,Urban,Eastern Province,78000.0
26,Primary education,Skilled trades and operators,Industry,Private business or VUP,Oral agreement,50.0,Urban,Eastern Province,130000.0
24,Upper secondary education,Sales and services,Services,Private business or VUP,Written contract,64.0,Urban,Eastern Province,60000.0
30,Tertiary education,"Education, health and social services",Services,Public institution,Written contract,40.0,Rural,Eastern Province,260000.0
17,Lower secondary education,Agriculture,Agriculture,Private business or VUP,Oral agreement,36.0,Rural,Eastern Province,31200.0
21,Lower secondary education,Elementary and other work,Services,Household,Oral agreement,84.0,Rural,Eastern Province,20000.0
28,Lower secondary education,Sales and services,Services,Private business or VUP,Written contract,72.0,Urban,Kigali city,60000.0
24,Lower secondary education,Elementary and other work,Services,Private business or VUP,Oral agreement,36.0,Urban,Kigali city,78000.0
28,Lower secondary education,Sales and services,Services,Private business or VUP,Oral agreement,60.0,Urban,Kigali city,30000.0
28,Primary education,Elementary and other work,Services,Private business or VUP,Oral agreement,42.0,Urban,Kigali city,78000.0
18,Primary education,Elementary and other work,Services,Household,Oral agreement,40.0,Urban,Kigali city,30000.0
22,Primary education,Elementary and other work,Services,Household,Oral agreement,42.0,Urban,Kigali city,15000.0
16,Primary education,Elementary and other work,Services,Household,Oral agreement,60.0,Urban,Kigali city,13000.0
30,Upper secondary education,"Education, health and social services",Services,Private business or VUP,Written contract,41.0,Urban,Kigali city,145000.0
26,Upper secondary education,Sales and services,Services,Private business or VUP,Oral agreement,40.0,Urban,Kigali city,130000.0
26,Lower secondary education,Skilled trades and operators,Industry,Private business or VUP,Oral agreement,60.0,Urban,Kigali city,60000.0
25,Primary education,Elementary and other work,Services,Private business or VUP,Oral agreement,48.0,Urban,Kigali city,78000.0
27,Lower secondary education,Skilled trades and operators,Industry,Private business or VUP,Oral agreement,71.0,Urban,Kigali city,182000.0
26,Upper secondary education,Skilled trades and operators,Services,Private business or VUP,Oral agreement,50.0,Urban,Kigali city,100000.0
17,Primary education,Elementary and other work,Services,Household,Oral agreement,35.0,Urban,Kigali city,25000.0
27,Tertiary education,Science and engineering,Industry,Private business or VUP,Oral agreement,24.0,Urban,Kigali city,260000.0
23,Upper secondary education,Skilled trades and operators,Industry,Private business or VUP,Oral agreement,42.0,Urban,Kigali city,208000.0
21,Lower secondary education,Elementary and other work,Services,Household,Oral agreement,70.0,Urban,Kigali city,30000.0
24,Upper secondary education,Sales and services,Services,Private business or VUP,Oral agreement,50.0,Urban,Kigali city,40000.0
25,Lower secondary education,Skilled trades and operators,Services,Private business or VUP,Oral agreement,75.0,Urban,Kigali city,260000.0
28,Primary education,Elementary and other work,Industry,Private business or VUP,Oral agreement,40.0,Urban,Kigali city,104000.0
24,Primary education,Elementary and other work,Services,Household,Oral agreement,47.0,Urban,Kigali city,25000.0
20,Upper secondary education,Sales and services,Services,Public institution,Written contract,70.0,Urban,Kigali city,55000.0
27,Lower secondary education,Sales and services,Services,Private business or VUP,Oral agreement,72.0,Urban,Kigali city,50000.0
21,Primary education,Sales and services,Services,Private business or VUP,Oral agreement,32.0,Urban,Kigali city,20000.0
19,Lower secondary education,Elementary and other work,Services,Household,Oral agreement,66.0,Urban,Kigali city,20000.0
21,Lower secondary education,Elementary and other work,Services,Household,Oral agreement,66.0,Urban,Kigali city,25000.0
24,Tertiary education,Elementary and other work,Services,Private business or VUP,Written contract,40.0,Urban,Kigali city,182000.0
21,Tertiary education,"Education, health and social services",Services,Private business or VUP,Written contract,40.0,Urban,Kigali city,150000.0
24,Upper secondary education,Elementary and other work,Services,Household,Oral agreement,70.0,Urban,Kigali city,25000.0
26,Lower secondary education,Skilled trades and operators,Services,Private business or VUP,Written contract,90.0,Urban,Kigali city,300000.0
19,Primary education,Elementary and other work,Services,Household,Oral agreement,63.0,Urban,Kigali city,20000.0
24,Primary education,Elementary and other work,Services,Household,Oral agreement,21.0,Urban,Kigali city,30000.0
20,Primary education,Sales and services,Industry,Private business or VUP,Oral agreement,56.0,Urban,Kigali city,20000.0
28,Lower secondary education,Elementary and other work,Industry,Private business or VUP,Oral agreement,30.0,Urban,Kigali city,78000.0
22,Primary education,Elementary and other work,Services,Household,Oral agreement,36.0,Urban,Kigali city,20000.0
27,Upper secondary education,Sales and services,Services,Private business or VUP,Oral agreement,50.0,Urban,Kigali city,50000.0
16,Primary education,Elementary and other work,Services,Household,Oral agreement,35.0,Urban,Kigali city,15000.0
28,Primary education,Agriculture,Industry,Private business or VUP,Oral agreement,21.0,Urban,Kigali city,78000.0
30,Primary education,Elementary and other work,Services,Private business or VUP,Oral agreement,60.0,Urban,Kigali city,78000.0
28,Primary education,Agriculture,Agriculture,Private business or VUP,Oral agreement,60.0,Urban,Kigali city,78000.0
25,Lower secondary education,Elementary and other work,Services,Private business or VUP,Oral agreement,63.0,Urban,Kigali city,35000.0
21,Primary education,Elementary and other work,Services,Private business or VUP,Oral agreement,42.0,Urban,Kigali city,130000.0
25,Upper secondary education,"Business, management and office work",Services,Private business or VUP,Oral agreement,60.0,Urban,Kigali city,80000.0
24,Lower secondary education,Skilled trades and operators,Services,Private business or VUP,Oral agreement,56.0,Urban,Kigali city,130000.0
21,Primary education,Elementary and other work,Services,Household,Oral agreement,12.0,Urban,Kigali city,30000.0
23,Tertiary education,"Education, health and social services",Services,Public institution,Written contract,38.0,Urban,Kigali city,200000.0
27,Primary education,Elementary and other work,Services,Household,Oral agreement,38.0,Urban,Kigali city,30000.0
20,Primary education,Elementary and other work,Services,Household,Oral agreement,63.0,Urban,Kigali city,25000.0
23,Upper secondary education,Elementary and other work,Services,Household,Oral agreement,28.0,Urban,Kigali city,20000.0
20,Lower secondary education,Elementary and other work,Industry,Private business or VUP,Oral agreement,27.0,Urban,Kigali city,104000.0
17,Lower secondary education,Elementary and other work,Services,Private business or VUP,Oral agreement,3.0,Urban,Kigali city,26000.0
24,Lower secondary education,Elementary and other work,Industry,Private business or VUP,Oral agreement,54.0,Urban,Kigali city,91000.0
20,Primary education,Elementary and other work,Industry,Private business or VUP,Oral agreement,54.0,Urban,Kigali city,91000.0
25,Upper secondary education,Skilled trades and operators,Industry,Private business or VUP,Oral agreement,53.0,Urban,Kigali city,260000.0
23,Primary education,Elementary and other work,Services,Household,Oral agreement,6.0,Urban,Kigali city,52000.0
27,Lower secondary education,Sales and services,Services,Private business or VUP,Oral agreement,66.0,Urban,Kigali city,60000.0
16,Lower secondary education,Elementary and other work,Industry,Private business or VUP,Oral agreement,18.0,Urban,Kigali city,91000.0
19,Primary education,Elementary and other work,Services,Household,Oral agreement,35.0,Urban,Kigali city,15000.0
28,Lower secondary education,Skilled trades and operators,Industry,Private business or VUP,Oral agreement,55.0,Urban,Kigali city,156000.0
19,Lower secondary education,Elementary and other work,Industry,Private business or VUP,Oral agreement,35.0,Urban,Kigali city,52000.0
28,Primary education,Skilled trades and operators,Services,Private business or VUP,Oral agreement,66.0,Urban,Kigali city,200000.0
25,Upper secondary education,Elementary and other work,Services,Private business or VUP,Oral agreement,35.0,Urban,Kigali city,90000.0
25,Lower secondary education,Elementary and other work,Industry,Private business or VUP,Oral agreement,54.0,Urban,Kigali city,78000.0
20,Primary education,Elementary and other work,Industry,Private business or VUP,Oral agreement,54.0,Urban,Kigali city,78000.0
20,Lower secondary education,Sales and services,Services,Private business or VUP,Oral agreement,12.0,Urban,Kigali city,130000.0
26,Primary education,"Education, health and social services",Services,Private business or VUP,Oral agreement,36.0,Urban,Kigali city,100000.0
18,Primary education,Elementary and other work,Services,Household,Oral agreement,42.0,Urban,Kigali city,20000.0
20,Lower secondary education,Elementary and other work,Services,Household,Oral agreement,56.0,Urban,Kigali city,20000.0
21,Lower secondary education,Skilled trades and operators,Services,Private business or VUP,Oral agreement,60.0,Urban,Kigali city,50000.0
17,Primary education,Elementary and other work,Services,Household,Oral agreement,54.0,Urban,Kigali city,20000.0
30,Primary education,Skilled trades and operators,Services,Private business or VUP,Oral agreement,30.0,Urban,Kigali city,182000.0
28,Lower secondary education,Sales and services,Services,Private business or VUP,Oral agreement,63.0,Urban,Kigali city,78000.0
28,Primary education,Skilled trades and operators,Industry,Private business or VUP,Oral agreement,30.0,Urban,Kigali city,182000.0
30,Primary education,Agriculture,Industry,Private business or VUP,Oral agreement,40.0,Urban,Kigali city,33800.0
21,Upper secondary education,Sales and services,Services,Private business or VUP,Oral agreement,4.0,Urban,Kigali city,130000.0
25,Tertiary education,ICT,Services,Private business or VUP,Oral agreement,40.0,Urban,Kigali city,52000.0
20,Primary education,Elementary and other work,Services,Household,Oral agreement,28.0,Urban,Kigali city,20000.0
28,Primary education,Sales and services,Industry,Private business or VUP,Oral agreement,42.0,Urban,Kigali city,20000.0
30,Primary education,Skilled trades and operators,Services,Private business or VUP,Oral agreement,48.0,Urban,Kigali city,120000.0
22,Tertiary education,"Business, management and office work",Services,Private business or VUP,Written contract,40.0,Urban,Kigali city,80000.0
22,Tertiary education,"Business, management and office work",Services,Private business or VUP,Written contract,40.0,Urban,Kigali city,100000.0
27,Lower secondary education,Elementary and other work,Services,Household,Oral agreement,25.0,Urban,Kigali city,30000.0
22,Primary education,Elementary and other work,Services,Household,Oral agreement,63.0,Urban,Kigali city,30000.0
23,Lower secondary education,Sales and services,Services,Private business or VUP,Oral agreement,72.0,Urban,Kigali city,80000.0
21,Upper secondary education,Elementary and other work,Services,Private business or VUP,Oral agreement,66.0,Urban,Kigali city,40000.0
27,Tertiary education,"Business, management and office work",Services,Public institution,Written contract,40.0,Urban,Kigali city,120000.0
24,Tertiary education,"Business, management and office work",Services,Public institution,Written contract,40.0,Urban,Kigali city,100000.0
19,Primary education,Elementary and other work,Services,Household,Oral agreement,49.0,Urban,Kigali city,20000.0
25,Upper secondary education,Sales and services,Services,Private business or VUP,Oral agreement,6.0,Urban,Kigali city,156000.0
27,Primary education,Elementary and other work,Services,Household,Oral agreement,30.0,Urban,Kigali city,20000.0
29,Upper secondary education,Sales and services,Services,Private business or VUP,Oral agreement,66.0,Urban,Kigali city,52000.0
21,Upper secondary education,Elementary and other work,Services,Household,Oral agreement,28.0,Urban,Kigali city,20000.0
17,Primary education,Elementary and other work,Services,Household,Oral agreement,56.0,Urban,Kigali city,20000.0
28,Primary education,Elementary and other work,Industry,Private business or VUP,Oral agreement,42.0,Urban,Kigali city,104000.0
27,Upper secondary education,Elementary and other work,Industry,Private business or VUP,Oral agreement,42.0,Urban,Kigali city,104000.0
23,Lower secondary education,Elementary and other work,Industry,Private business or VUP,Oral agreement,42.0,Urban,Kigali city,104000.0
20,Primary education,Elementary and other work,Services,Household,Oral agreement,35.0,Urban,Kigali city,20000.0
26,Tertiary education,Elementary and other work,Services,Public institution,Written contract,48.0,Urban,Kigali city,128000.0
21,Tertiary education,Elementary and other work,Services,Public institution,Written contract,48.0,Urban,Kigali city,128000.0
23,Lower secondary education,Agriculture,Agriculture,Private business or VUP,Oral agreement,36.0,Rural,Southern Province,26000.0
20,Upper secondary education,Elementary and other work,Industry,Private business or VUP,Oral agreement,45.0,Rural,Southern Province,52000.0
27,Primary education,Agriculture,Agriculture,Private business or VUP,Oral agreement,36.0,Rural,Southern Province,26000.0
28,Upper secondary education,Agriculture,Agriculture,Private business or VUP,Oral agreement,35.0,Rural,Southern Province,26000.0
28,Primary education,Elementary and other work,Industry,Private business or VUP,Oral agreement,45.0,Rural,Southern Province,65000.0
18,Primary education,Agriculture,Agriculture,Private business or VUP,Oral agreement,3.0,Rural,Southern Province,13000.0
17,Lower secondary education,Elementary and other work,Industry,Private business or VUP,Oral agreement,45.0,Rural,Southern Province,65000.0
29,Primary education,Agriculture,Agriculture,Private business or VUP,Oral agreement,21.0,Rural,Southern Province,31200.0
19,Primary education,Agriculture,Agriculture,Private business or VUP,Oral agreement,12.0,Rural,Southern Province,26000.0
17,Primary education,Elementary and other work,Services,Private business or VUP,Oral agreement,4.0,Rural,Southern Province,13000.0
24,Upper secondary education,Elementary and other work,Industry,Private business or VUP,Oral agreement,66.0,Rural,Southern Province,39000.0
30,Upper secondary education,"Education, health and social services",Services,Public institution,Written contract,40.0,Rural,Southern Province,12360.0
21,Upper secondary education,Elementary and other work,Industry,Private business or VUP,Oral agreement,54.0,Rural,Southern Province,52000.0
30,Primary education,Agriculture,Agriculture,Private business or VUP,Oral agreement,36.0,Rural,Southern Province,26000.0
24,Primary education,Agriculture,Agriculture,Private business or VUP,Oral agreement,30.0,Rural,Southern Province,31200.0
20,Lower secondary education,Elementary and other work,Industry,Private business or VUP,Oral agreement,45.0,Rural,Southern Province,52000.0
20,Lower secondary education,Elementary and other work,Industry,Private business or VUP,Oral agreement,18.0,Rural,Southern Province,52000.0
20,Primary education,Elementary and other work,Industry,Private business or VUP,Oral agreement,12.0,Rural,Southern Province,26000.0
26,Primary education,Skilled trades and operators,Industry,Private business or VUP,Oral agreement,48.0,Rural,Southern Province,130000.0
17,Primary education,Sales and services,Services,Private business or VUP,Oral agreement,30.0,Rural,Southern Province,26000.0
22,Primary education,Elementary and other work,Industry,Private business or VUP,Oral agreement,9.0,Rural,Southern Province,20800.0
19,Primary education,Elementary and other work,Services,Household,Oral agreement,70.0,Rural,Southern Province,15000.0
29,Upper secondary education,Elementary and other work,Industry,Private business or VUP,Oral agreement,70.0,Rural,Southern Province,70000.0
19,Primary education,Skilled trades and operators,Industry,Private business or VUP,Oral agreement,40.0,Rural,Southern Province,78000.0
29,Tertiary education,"Education, health and social services",Services,Public institution,Written contract,40.0,Rural,Southern Province,121000.0
17,Primary education,Elementary and other work,Services,Private business or VUP,Oral agreement,30.0,Rural,Southern Province,15600.0
22,Upper secondary education,Sales and services,Services,Private business or VUP,Written contract,40.0,Rural,Southern Province,30000.0
30,Lower secondary education,Elementary and other work,Services,Private business or VUP,Written contract,40.0,Rural,Southern Province,150000.0
26,Primary education,Agriculture,Services,Public institution,Oral agreement,24.0,Rural,Southern Province,26000.0
23,Primary education,Agriculture,Agriculture,Private business or VUP,Oral agreement,70.0,Rural,Southern Province,20000.0
22,Primary education,Agriculture,Agriculture,Private business or VUP,Oral agreement,70.0,Rural,Southern Province,20000.0
29,Primary education,Skilled trades and operators,Industry,Private business or VUP,Oral agreement,18.0,Rural,Southern Province,130000.0
19,Primary education,Agriculture,Agriculture,Private business or VUP,Oral agreement,35.0,Rural,Southern Province,26000.0
16,Primary education,Agriculture,Agriculture,Private business or VUP,Oral agreement,35.0,Rural,Southern Province,26000.0
22,Primary education,Agriculture,Agriculture,Private business or VUP,Oral agreement,36.0,Rural,Southern Province,26000.0
19,Primary education,Sales and services,Services,Private business or VUP,Oral agreement,36.0,Rural,Southern Province,52000.0
19,Upper secondary education,Sales and services,Services,Private business or VUP,Written contract,30.0,Rural,Southern Province,70000.0
22,Lower secondary education,Elementary and other work,Industry,Private business or VUP,Oral agreement,48.0,Rural,Southern Province,65000.0
29,Primary education,Agriculture,Services,Private business or VUP,Oral agreement,68.0,Rural,Southern Province,20000.0
26,Primary education,Agriculture,Services,Private business or VUP,Oral agreement,36.0,Rural,Southern Province,39000.0
22,Primary education,Elementary and other work,Services,Private business or VUP,Oral agreement,25.0,Rural,Southern Province,65000.0
18,Primary education,Agriculture,Agriculture,Private business or VUP,Oral agreement,36.0,Rural,Southern Province,26000.0
30,Upper secondary education,"Education, health and social services",Services,Public institution,Written contract,40.0,Rural,Southern Province,120000.0
19,Primary education,Elementary and other work,Services,Public institution,Oral agreement,25.0,Rural,Southern Province,15000.0
20,Primary education,Agriculture,Agriculture,Private business or VUP,Oral agreement,25.0,Rural,Southern Province,31200.0
27,Primary education,Agriculture,Agriculture,Private business or VUP,Oral agreement,36.0,Rural,Southern Province,52000.0
22,Lower secondary education,Elementary and other work,Industry,Private business or VUP,Oral agreement,40.0,Rural,Southern Province,52000.0
27,Upper secondary education,Agriculture,Agriculture,Private business or VUP,Oral agreement,36.0,Rural,Southern Province,26000.0
30,Upper secondary education,Science and engineering,Industry,Private business or VUP,Oral agreement,36.0,Rural,Southern Province,130000.0
23,Primary education,Elementary and other work,Industry,Private business or VUP,Oral agreement,35.0,Rural,Southern Province,52000.0
25,Primary education,Elementary and other work,Industry,Private business or VUP,Oral agreement,48.0,Rural,Southern Province,52000.0
27,Primary education,Skilled trades and operators,Industry,Private business or VUP,Oral agreement,10.0,Rural,Southern Province,130000.0
19,Primary education,Agriculture,Agriculture,Private business or VUP,Oral agreement,14.0,Rural,Southern Province,78000.0
20,Lower secondary education,Agriculture,Agriculture,Private business or VUP,Oral agreement,36.0,Rural,Southern Province,13000.0
22,Primary education,Agriculture,Agriculture,Private business or VUP,Oral agreement,36.0,Rural,Southern Province,26000.0
27,Primary education,Elementary and other work,Industry,Private business or VUP,Oral agreement,33.0,Rural,Southern Province,39000.0
28,Lower secondary education,Elementary and other work,Industry,Private business or VUP,Oral agreement,24.0,Rural,Southern Province,52000.0
21,Primary education,Elementary and other work,Industry,Private business or VUP,Oral agreement,6.0,Rural,Southern Province,26000.0
29,No formal education,Agriculture,Agriculture,Private business or VUP,Oral agreement,42.0,Rural,Southern Province,18200.0
29,Primary education,Agriculture,Agriculture,Private business or VUP,Oral agreement,42.0,Rural,Southern Province,18200.0
27,Primary education,Skilled trades and operators,Industry,Private business or VUP,Oral agreement,24.0,Rural,Southern Province,130000.0
23,Primary education,Elementary and other work,Services,Household,Oral agreement,49.0,Rural,Southern Province,15000.0
27,Upper secondary education,Elementary and other work,Industry,Private business or VUP,Oral agreement,38.0,Rural,Southern Province,52000.0
22,Primary education,Elementary and other work,Industry,Private business or VUP,Oral agreement,42.0,Rural,Southern Province,30333.334
23,Primary education,Elementary and other work,Industry,Private business or VUP,Oral agreement,42.0,Rural,Southern Province,30333.334
18,Primary education,Elementary and other work,Services,Household,Oral agreement,49.0,Rural,Southern Province,15000.0
26,Primary education,Elementary and other work,Industry,Private business or VUP,Oral agreement,8.0,Rural,Southern Province,52000.0
23,Primary education,Elementary and other work,Services,Private business or VUP,Oral agreement,35.0,Rural,Southern Province,39000.0
21,Lower secondary education,Skilled trades and operators,Industry,Private business or VUP,Oral agreement,56.0,Rural,Southern Province,30000.0
29,Upper secondary education,Skilled trades and operators,Industry,Private business or VUP,Oral agreement,48.0,Rural,Southern Province,80000.0
28,Lower secondary education,Elementary and other work,Industry,Private business or VUP,Oral agreement,45.0,Rural,Southern Province,21666.666
16,Primary education,Elementary and other work,Services,Private business or VUP,Oral agreement,10.0,Rural,Southern Province,26000.0
23,Primary education,Elementary and other work,Industry,Private business or VUP,Oral agreement,25.0,Rural,Southern Province,39000.0
17,Primary education,Elementary and other work,Industry,Private business or VUP,Oral agreement,18.0,Rural,Southern Province,26000.0
16,Upper secondary education,Elementary and other work,Industry,Private business or VUP,Oral agreement,9.0,Rural,Southern Province,78000.0
17,Primary education,Elementary and other work,Industry,Private business or VUP,Oral agreement,9.0,Rural,Southern Province,78000.0
24,Primary education,Elementary and other work,Industry,Private business or VUP,Oral agreement,60.0,Rural,Southern Province,34666.668
28,Upper secondary education,Skilled trades and operators,Industry,Private business or VUP,Written contract,54.0,Rural,Southern Province,75000.0
20,Primary education,Elementary and other work,Services,Household,Oral agreement,21.0,Urban,Southern Province,20000.0
21,Upper secondary education,Sales and services,Services,Private business or VUP,Oral agreement,5.0,Urban,Southern Province,182000.0
22,Upper secondary education,Elementary and other work,Services,Household,Oral agreement,60.0,Urban,Southern Province,20000.0
16,Primary education,Elementary and other work,Services,Household,Oral agreement,45.0,Rural,Southern Province,12000.0
21,Primary education,Elementary and other work,Services,Household,Oral agreement,49.0,Rural,Southern Province,15000.0
29,Lower secondary education,Skilled trades and operators,Industry,Private business or VUP,Oral agreement,12.0,Rural,Southern Province,72800.0
25,Tertiary education,"Education, health and social services",Services,Public institution,Written contract,40.0,Rural,Southern Province,120000.0
22,Upper secondary education,"Education, health and social services",Services,Public institution,Oral agreement,40.0,Rural,Southern Province,122000.0
20,Upper secondary education,"Business, management and office work",Services,Private business or VUP,Oral agreement,45.0,Rural,Southern Province,40000.0
16,Primary education,Agriculture,Agriculture,Private business or VUP,Oral agreement,24.0,Rural,Southern Province,26000.0
22,Primary education,Agriculture,Agriculture,Private business or VUP,Oral agreement,24.0,Rural,Southern Province,26000.0
24,Primary education,Agriculture,Agriculture,Private business or VUP,Oral agreement,27.0,Rural,Southern Province,15600.0
24,Primary education,Agriculture,Agriculture,Private business or VUP,Oral agreement,14.0,Rural,Southern Province,18200.0
18,Lower secondary education,Agriculture,Agriculture,Private business or VUP,Oral agreement,42.0,Rural,Southern Province,18200.0
26,Primary education,Agriculture,Agriculture,Private business or VUP,Oral agreement,36.0,Rural,Southern Province,31200.0
19,Primary education,Elementary and other work,Services,Household,Oral agreement,35.0,Urban,Southern Province,20000.0
29,Upper secondary education,Sales and services,Services,Private business or VUP,Oral agreement,16.0,Urban,Southern Province,39000.0
30,Upper secondary education,Skilled trades and operators,Industry,Private business or VUP,Oral agreement,24.0,Urban,Southern Province,100000.0
30,Tertiary education,"Business, management and office work",Industry,Private business or VUP,Oral agreement,54.0,Urban,Southern Province,60000.0
23,Primary education,Elementary and other work,Services,Household,Oral agreement,63.0,Urban,Southern Province,20000.0
18,Lower secondary education,Elementary and other work,Industry,Private business or VUP,Oral agreement,70.0,Urban,Southern Province,65000.0
30,Tertiary education,"Business, management and office work",Services,Public-private enterprise,Written contract,40.0,Urban,Southern Province,360000.0
21,Primary education,Elementary and other work,Services,Household,Oral agreement,49.0,Urban,Southern Province,20000.0
25,Tertiary education,Science and engineering,Services,Public-private enterprise,Written contract,40.0,Urban,Southern Province,190000.0
26,Lower secondary education,Sales and services,Services,Private business or VUP,Oral agreement,48.0,Urban,Southern Province,15000.0
21,Lower secondary education,Elementary and other work,Industry,Private business or VUP,Oral agreement,48.0,Urban,Southern Province,65000.0
23,Primary education,Elementary and other work,Industry,Private business or VUP,Oral agreement,27.0,Urban,Southern Province,78000.0
21,Primary education,Elementary and other work,Industry,Private business or VUP,Oral agreement,25.0,Urban,Southern Province,52000.0
28,Primary education,Agriculture,Industry,Private business or VUP,Oral agreement,54.0,Urban,Southern Province,39000.0
18,Primary education,Elementary and other work,Services,Household,Oral agreement,63.0,Urban,Southern Province,12000.0
23,Primary education,Agriculture,Agriculture,Private business or VUP,Oral agreement,10.0,Rural,Western Province,20800.0
24,Lower secondary education,Elementary and other work,Services,Private business or VUP,Oral agreement,20.0,Rural,Western Province,52000.0
24,Primary education,Skilled trades and operators,Industry,Private business or VUP,Oral agreement,27.0,Rural,Western Province,130000.0
28,Lower secondary education,Skilled trades and operators,Services,Private business or VUP,Oral agreement,48.0,Rural,Western Province,30000.0
25,Primary education,Agriculture,Agriculture,Private business or VUP,Oral agreement,20.0,Rural,Western Province,26000.0
22,Lower secondary education,Elementary and other work,Industry,Private business or VUP,Oral agreement,40.0,Rural,Western Province,52000.0
18,Lower secondary education,Agriculture,Agriculture,Other,Oral agreement,30.0,Rural,Western Province,46800.0
16,Upper secondary education,Agriculture,Services,Other,Oral agreement,30.0,Rural,Western Province,46800.0
30,No formal education,Agriculture,Agriculture,Private business or VUP,Oral agreement,42.0,Rural,Western Province,31200.0
16,Primary education,Agriculture,Services,Other,Oral agreement,36.0,Rural,Western Province,46800.0
17,Lower secondary education,Agriculture,Services,Other,Oral agreement,30.0,Rural,Western Province,46800.0
19,Primary education,Elementary and other work,Industry,Private business or VUP,Oral agreement,36.0,Rural,Western Province,39000.0
16,Primary education,Elementary and other work,Industry,Private business or VUP,Oral agreement,42.0,Rural,Western Province,39000.0
24,Upper secondary education,Agriculture,Agriculture,Private business or VUP,Oral agreement,25.0,Rural,Western Province,26000.0
28,Lower secondary education,Agriculture,Agriculture,Private business or VUP,Oral agreement,36.0,Rural,Western Province,20800.0
17,Primary education,Elementary and other work,Industry,Private business or VUP,Oral agreement,48.0,Rural,Western Province,39000.0
19,Upper secondary education,Elementary and other work,Services,Private business or VUP,Oral agreement,60.0,Rural,Western Province,65000.0
30,Primary education,Agriculture,Agriculture,Private business or VUP,Oral agreement,52.0,Rural,Western Province,39000.0
19,Primary education,Agriculture,Agriculture,Private business or VUP,Oral agreement,16.0,Rural,Western Province,39000.0
17,Primary education,Agriculture,Agriculture,Private business or VUP,Written contract,56.0,Rural,Western Province,15000.0
19,Primary education,Agriculture,Agriculture,Private business or VUP,Oral agreement,21.0,Rural,Western Province,52000.0
20,Lower secondary education,Agriculture,Agriculture,Private business or VUP,Oral agreement,16.0,Rural,Western Province,39000.0
26,Lower secondary education,Sales and services,Services,Private business or VUP,Oral agreement,6.0,Rural,Western Province,30000.0
24,Primary education,Elementary and other work,Industry,Private business or VUP,Oral agreement,27.0,Urban,Western Province,52000.0
22,Primary education,Agriculture,Agriculture,Private business or VUP,Oral agreement,18.0,Urban,Western Province,39000.0
27,Lower secondary education,Agriculture,Agriculture,Private business or VUP,Oral agreement,18.0,Urban,Western Province,15600.0
22,Lower secondary education,Sales and services,Services,Private business or VUP,Written contract,72.0,Urban,Western Province,36000.0
30,No formal education,Agriculture,Agriculture,Private business or VUP,Oral agreement,30.0,Rural,Western Province,39000.0
28,Primary education,Agriculture,Agriculture,Private business or VUP,Oral agreement,30.0,Rural,Western Province,26000.0
30,Lower secondary education,Elementary and other work,Services,Private business or VUP,Oral agreement,30.0,Rural,Western Province,26000.0
26,No formal education,Elementary and other work,Services,Private business or VUP,Oral agreement,21.0,Rural,Western Province,78000.0
19,Primary education,Elementary and other work,Services,Private business or VUP,Oral agreement,15.0,Rural,Western Province,39000.0
27,Primary education,Agriculture,Agriculture,Private business or VUP,Oral agreement,30.0,Rural,Western Province,39000.0
28,Primary education,Agriculture,Agriculture,Private business or VUP,Oral agreement,30.0,Rural,Western Province,39000.0
27,Primary education,Agriculture,Agriculture,Private business or VUP,Oral agreement,20.0,Rural,Western Province,26000.0
22,Primary education,Agriculture,Agriculture,Private business or VUP,Oral agreement,40.0,Rural,Western Province,26000.0
23,Primary education,Agriculture,Agriculture,Private business or VUP,Oral agreement,40.0,Rural,Western Province,26000.0
18,Primary education,Agriculture,Agriculture,Private business or VUP,Oral agreement,18.0,Urban,Western Province,26000.0
18,Primary education,Agriculture,Agriculture,Private business or VUP,Oral agreement,40.0,Urban,Western Province,39000.0
21,Primary education,Agriculture,Agriculture,Private business or VUP,Oral agreement,16.0,Urban,Western Province,31200.0
20,Lower secondary education,Elementary and other work,Industry,Cooperative,Oral agreement,40.0,Rural,Western Province,26000.0
24,Lower secondary education,Elementary and other work,Industry,Private business or VUP,Oral agreement,45.0,Rural,Western Province,39000.0
30,Lower secondary education,Agriculture,Agriculture,Private business or VUP,Oral agreement,50.0,Rural,Western Province,54166.668
25,Primary education,Skilled trades and operators,Industry,Private business or VUP,Oral agreement,45.0,Rural,Western Province,39000.0
24,Upper secondary education,Sales and services,Services,Private business or VUP,Oral agreement,72.0,Rural,Western Province,37000.0
27,Upper secondary education,Elementary and other work,Services,Private business or VUP,Oral agreement,40.0,Rural,Western Province,60000.0
24,Lower secondary education,Elementary and other work,Services,Private business or VUP,Oral agreement,40.0,Rural,Western Province,60000.0
23,Primary education,Agriculture,Agriculture,Private business or VUP,Oral agreement,42.0,Rural,Western Province,65000.0
19,Primary education,Elementary and other work,Industry,Private business or VUP,Oral agreement,42.0,Urban,Western Province,65000.0
17,Lower secondary education,Agriculture,Agriculture,Private business or VUP,Oral agreement,18.0,Urban,Western Province,52000.0
30,Primary education,Skilled trades and operators,Industry,Private business or VUP,Oral agreement,45.0,Urban,Western Province,52000.0
30,Lower secondary education,Sales and services,Services,Private business or VUP,Oral agreement,72.0,Urban,Western Province,34000.0
29,Primary education,Elementary and other work,Industry,Private business or VUP,Oral agreement,36.0,Urban,Western Province,78000.0
17,Primary education,Elementary and other work,Services,Household,Oral agreement,70.0,Urban,Western Province,15000.0
20,Lower secondary education,Elementary and other work,Services,Household,Oral agreement,52.0,Urban,Western Province,15000.0
19,Primary education,Elementary and other work,Services,Household,Oral agreement,52.0,Urban,Western Province,15000.0
19,Primary education,Agriculture,Agriculture,Private business or VUP,Oral agreement,14.0,Urban,Western Province,26000.0
22,Lower secondary education,Agriculture,Agriculture,Private business or VUP,Oral agreement,36.0,Urban,Western Province,39000.0
21,Lower secondary education,Elementary and other work,Services,Private business or VUP,Oral agreement,12.0,Urban,Western Province,39000.0
28,Primary education,Elementary and other work,Services,Private business or VUP,Oral agreement,36.0,Urban,Western Province,43333.332
20,Lower secondary education,Agriculture,Industry,Private business or VUP,Oral agreement,28.0,Rural,Western Province,21666.666
30,Primary education,Agriculture,Agriculture,Private business or VUP,Oral agreement,30.0,Rural,Western Province,26000.0
19,Lower secondary education,Agriculture,Agriculture,Private business or VUP,Oral agreement,8.0,Rural,Western Province,21666.666
23,Primary education,Agriculture,Agriculture,Private business or VUP,Oral agreement,35.0,Rural,Western Province,21666.666
19,No formal education,Agriculture,Agriculture,Private business or VUP,Oral agreement,49.0,Rural,Western Province,6666.6665
30,Upper secondary education,Elementary and other work,Services,Private business or VUP,Oral agreement,24.0,Rural,Western Province,26000.0
20,Primary education,Elementary and other work,Services,Private business or VUP,Oral agreement,20.0,Rural,Western Province,26000.0
17,Primary education,Elementary and other work,Services,Private business or VUP,Oral agreement,30.0,Rural,Western Province,26000.0
20,Primary education,Agriculture,Agriculture,Private business or VUP,Oral agreement,12.0,Rural,Western Province,52000.0
21,Upper secondary education,Agriculture,Agriculture,Private business or VUP,Oral agreement,28.0,Rural,Western Province,52000.0
19,Primary education,Agriculture,Agriculture,Private business or VUP,Oral agreement,14.0,Rural,Western Province,26000.0
19,Lower secondary education,Elementary and other work,Industry,Private business or VUP,Oral agreement,36.0,Rural,Western Province,52000.0
16,Lower secondary education,Agriculture,Agriculture,Private business or VUP,Oral agreement,30.0,Rural,Western Province,31200.0
24,Primary education,Sales and services,Services,Private business or VUP,Oral agreement,45.0,Rural,Western Province,7000.0
17,Primary education,Agriculture,Agriculture,Private business or VUP,Oral agreement,8.0,Rural,Western Province,18200.0
28,No formal education,Agriculture,Agriculture,Private business or VUP,Oral agreement,42.0,Rural,Western Province,20800.0
18,Primary education,Elementary and other work,Industry,Private business or VUP,Written contract,30.0,Rural,Western Province,17333.334
27,Primary education,Agriculture,Industry,Private business or VUP,Oral agreement,55.0,Rural,Western Province,26000.0
19,Primary education,Agriculture,Industry,Private business or VUP,Oral agreement,45.0,Rural,Western Province,17333.334
18,Primary education,Elementary and other work,Industry,Private business or VUP,Oral agreement,45.0,Rural,Western Province,19500.0
28,Primary education,Agriculture,Agriculture,Private business or VUP,Oral agreement,27.0,Rural,Western Province,26000.0
30,Primary education,"Education, health and social services",Services,Public institution,Oral agreement,10.0,Rural,Western Province,15000.0
30,Primary education,Elementary and other work,Industry,Private business or VUP,Oral agreement,42.0,Rural,Western Province,33800.0
19,Primary education,Agriculture,Agriculture,Private business or VUP,Oral agreement,42.0,Rural,Western Province,13000.0
22,Primary education,Elementary and other work,Industry,Private business or VUP,Oral agreement,30.0,Rural,Western Province,52000.0
30,Primary education,Agriculture,Agriculture,Private business or VUP,Oral agreement,36.0,Rural,Western Province,26000.0
28,Primary education,Elementary and other work,Services,Private business or VUP,Oral agreement,12.0,Urban,Western Province,52000.0
27,Lower secondary education,Agriculture,Agriculture,Private business or VUP,Oral agreement,54.0,Urban,Western Province,43333.332
30,Primary education,Skilled trades and operators,Industry,Private business or VUP,Oral agreement,48.0,Urban,Western Province,78000.0
29,Primary education,Agriculture,Agriculture,Private business or VUP,Oral agreement,14.0,Urban,Western Province,39000.0
26,Primary education,Agriculture,Agriculture,Private business or VUP,Oral agreement,21.0,Urban,Western Province,39000.0
24,Primary education,Agriculture,Agriculture,Private business or VUP,Oral agreement,14.0,Urban,Western Province,39000.0
26,Primary education,Agriculture,Agriculture,Private business or VUP,Oral agreement,18.0,Urban,Western Province,39000.0
27,Primary education,Skilled trades and operators,Industry,Private business or VUP,Oral agreement,10.0,Urban,Western Province,52000.0
29,Primary education,Elementary and other work,Services,Private business or VUP,Oral agreement,60.0,Urban,Western Province,43333.332
20,Upper secondary education,Elementary and other work,Industry,Private business or VUP,Oral agreement,20.0,Urban,Western Province,78000.0
19,Lower secondary education,Elementary and other work,Industry,Private business or VUP,Oral agreement,30.0,Urban,Western Province,65000.0
29,Primary education,Agriculture,Agriculture,Private business or VUP,Oral agreement,21.0,Urban,Western Province,26000.0
23,Primary education,Elementary and other work,Industry,Private business or VUP,Oral agreement,48.0,Rural,Western Province,65000.0
21,No formal education,Elementary and other work,Services,Private business or VUP,Oral agreement,18.0,Rural,Western Province,65000.0
23,Primary education,Agriculture,Agriculture,Private business or VUP,Oral agreement,9.0,Rural,Western Province,31200.0
19,Upper secondary education,Agriculture,Agriculture,Private business or VUP,Oral agreement,8.0,Rural,Western Province,20800.0
16,Lower secondary education,Agriculture,Agriculture,Private business or VUP,Oral agreement,18.0,Rural,Western Province,26000.0
28,Lower secondary education,Agriculture,Industry,Cooperative,Oral agreement,48.0,Rural,Western Province,34500.0
18,Lower secondary education,Elementary and other work,Industry,Private business or VUP,Oral agreement,48.0,Rural,Western Province,43333.332
20,Primary education,Agriculture,Industry,Private business or VUP,Oral agreement,35.0,Rural,Western Province,8666.667
28,Primary education,Agriculture,Industry,Private business or VUP,Oral agreement,10.0,Rural,Western Province,15600.0
25,Primary education,Agriculture,Industry,Private business or VUP,Oral agreement,21.0,Rural,Western Province,12000.0
26,Primary education,Agriculture,Industry,Private business or VUP,Written contract,42.0,Rural,Western Province,41600.0
24,Primary education,Elementary and other work,Industry,Private business or VUP,Oral agreement,48.0,Rural,Western Province,25000.0
21,Primary education,Agriculture,Industry,Private business or VUP,Written contract,25.0,Rural,Western Province,32000.0
18,Primary education,Agriculture,Industry,Private business or VUP,Oral agreement,45.0,Rural,Western Province,10400.0
28,Lower secondary education,Skilled trades and operators,Industry,Private business or VUP,Oral agreement,63.0,Rural,Western Province,91000.0
27,Primary education,Agriculture,Services,Other,Oral agreement,6.0,Rural,Western Province,39000.0
21,Upper secondary education,Agriculture,Agriculture,Private business or VUP,Oral agreement,21.0,Rural,Western Province,39000.0
26,Lower secondary education,Agriculture,Agriculture,Private business or VUP,Oral agreement,36.0,Rural,Western Province,39000.0
28,Primary education,Agriculture,Agriculture,Private business or VUP,Oral agreement,40.0,Urban,Northern Province,65000.0
20,Primary education,Elementary and other work,Services,Household,Oral agreement,35.0,Urban,Northern Province,20000.0
29,Primary education,Agriculture,Agriculture,Private business or VUP,Oral agreement,15.0,Urban,Northern Province,39000.0
28,Lower secondary education,Elementary and other work,Industry,Private business or VUP,Oral agreement,32.0,Rural,Northern Province,17333.334
30,Primary education,Agriculture,Agriculture,Private business or VUP,Oral agreement,30.0,Rural,Northern Province,26000.0
30,Primary education,Skilled trades and operators,Industry,Private business or VUP,Oral agreement,24.0,Rural,Northern Province,156000.0
23,Lower secondary education,Elementary and other work,Industry,Private business or VUP,Oral agreement,27.0,Rural,Northern Province,78000.0
19,Lower secondary education,Elementary and other work,Services,Household,Oral agreement,48.0,Rural,Northern Province,23000.0
28,Primary education,Agriculture,Agriculture,Private business or VUP,Oral agreement,36.0,Rural,Northern Province,39000.0
18,Lower secondary education,Elementary and other work,Industry,Private business or VUP,Oral agreement,20.0,Rural,Northern Province,26000.0
25,Primary education,Agriculture,Industry,Private business or VUP,Oral agreement,55.0,Rural,Northern Province,260000.0
17,Primary education,Elementary and other work,Industry,Private business or VUP,Oral agreement,24.0,Rural,Northern Province,26000.0
20,Primary education,Agriculture,Agriculture,Private business or VUP,Oral agreement,48.0,Rural,Northern Province,52000.0
20,Upper secondary education,Elementary and other work,Industry,Private business or VUP,Oral agreement,40.0,Rural,Northern Province,78000.0
25,Upper secondary education,"Education, health and social services",Services,Public institution,Written contract,40.0,Rural,Northern Province,110000.0
16,Lower secondary education,Elementary and other work,Industry,Private business or VUP,Oral agreement,45.0,Rural,Northern Province,52000.0
19,Primary education,Sales and services,Services,Private business or VUP,Oral agreement,56.0,Rural,Northern Province,26000.0
16,Primary education,Elementary and other work,Services,Private business or VUP,Oral agreement,56.0,Rural,Northern Province,10000.0
26,Primary education,Elementary and other work,Services,Private business or VUP,Written contract,56.0,Rural,Northern Province,30000.0
25,Primary education,Agriculture,Agriculture,Private business or VUP,Oral agreement,36.0,Rural,Northern Province,26000.0
25,Primary education,Elementary and other work,Industry,Private business or VUP,Oral agreement,50.0,Rural,Northern Province,78000.0
21,Primary education,Agriculture,Agriculture,Private business or VUP,Oral agreement,15.0,Rural,Northern Province,26000.0
22,Primary education,Agriculture,Agriculture,Private business or VUP,Oral agreement,24.0,Rural,Northern Province,31200.0
29,Primary education,Agriculture,Agriculture,Private business or VUP,Oral agreement,24.0,Rural,Northern Province,26000.0
23,Primary education,Agriculture,Agriculture,Private business or VUP,Oral agreement,36.0,Rural,Northern Province,20800.0
18,Primary education,Agriculture,Agriculture,Private business or VUP,Oral agreement,36.0,Rural,Northern Province,26000.0
26,Primary education,Agriculture,Agriculture,Private business or VUP,Oral agreement,30.0,Rural,Northern Province,26000.0
21,Upper secondary education,"Education, health and social services",Services,Public institution,Written contract,40.0,Rural,Northern Province,113000.0
16,Lower secondary education,Agriculture,Agriculture,Private business or VUP,Oral agreement,15.0,Rural,Northern Province,15600.0
30,Lower secondary education,"Education, health and social services",Services,Public institution,Written contract,40.0,Rural,Northern Province,75000.0
23,Upper secondary education,"Education, health and social services",Services,Public institution,Written contract,40.0,Rural,Northern Province,114000.0
27,Tertiary education,"Education, health and social services",Services,Public institution,Written contract,48.0,Rural,Northern Province,283000.0
18,Primary education,Elementary and other work,Services,Household,Oral agreement,36.0,Rural,Northern Province,20000.0
21,Primary education,Agriculture,Agriculture,Private business or VUP,Oral agreement,35.0,Rural,Northern Province,20800.0
19,Upper secondary education,Agriculture,Agriculture,Private business or VUP,Oral agreement,36.0,Rural,Northern Province,26000.0
29,Lower secondary education,Skilled trades and operators,Industry,Private business or VUP,Oral agreement,60.0,Urban,Northern Province,70000.0
26,Primary education,Skilled trades and operators,Industry,Private business or VUP,Oral agreement,54.0,Urban,Northern Province,52000.0
29,Primary education,Agriculture,Agriculture,Private business or VUP,Oral agreement,18.0,Urban,Northern Province,52000.0
16,Primary education,Skilled trades and operators,Industry,Private business or VUP,Oral agreement,6.0,Rural,Northern Province,52000.0
21,Upper secondary education,Agriculture,Agriculture,Private business or VUP,Oral agreement,16.0,Rural,Northern Province,39000.0
19,Upper secondary education,Skilled trades and operators,Industry,Private business or VUP,Oral agreement,32.0,Rural,Northern Province,39000.0
16,Lower secondary education,Skilled trades and operators,Industry,Private business or VUP,Oral agreement,6.0,Rural,Northern Province,13000.0
23,Primary education,Elementary and other work,Industry,Private business or VUP,Oral agreement,36.0,Rural,Northern Province,33800.0
28,No formal education,Elementary and other work,Industry,Private business or VUP,Oral agreement,36.0,Urban,Northern Province,52000.0
20,Primary education,Elementary and other work,Services,Household,Oral agreement,70.0,Urban,Northern Province,20000.0
21,Primary education,Skilled trades and operators,Industry,Private business or VUP,Oral agreement,48.0,Urban,Northern Province,40000.0
21,Lower secondary education,Elementary and other work,Industry,Private business or VUP,Oral agreement,45.0,Urban,Northern Province,78000.0
21,Primary education,Elementary and other work,Services,Household,Oral agreement,63.0,Urban,Northern Province,20000.0
23,Lower secondary education,Elementary and other work,Industry,Private business or VUP,Oral agreement,27.0,Urban,Northern Province,78000.0
29,Lower secondary education,Elementary and other work,Industry,Private business or VUP,Written contract,60.0,Urban,Northern Province,50000.0
18,Lower secondary education,Elementary and other work,Industry,Private business or VUP,Written contract,60.0,Urban,Northern Province,50000.0
18,Primary education,Elementary and other work,Industry,Private business or VUP,Oral agreement,12.0,Urban,Northern Province,65000.0
27,Primary education,Agriculture,Agriculture,Private business or VUP,Oral agreement,42.0,Rural,Northern Province,39000.0
29,Upper secondary education,"Education, health and social services",Services,Public institution,Written contract,40.0,Urban,Northern Province,200000.0
21,Lower secondary education,Elementary and other work,Services,Household,Oral agreement,63.0,Urban,Northern Province,25000.0
25,Upper secondary education,Elementary and other work,Services,Household,Oral agreement,49.0,Urban,Northern Province,25000.0
22,Lower secondary education,Agriculture,Agriculture,Private business or VUP,Oral agreement,40.0,Rural,Northern Province,39000.0
23,Primary education,Agriculture,Agriculture,Private business or VUP,Oral agreement,21.0,Rural,Northern Province,39000.0
24,Tertiary education,Elementary and other work,Industry,Private business or VUP,Oral agreement,24.0,Rural,Northern Province,78000.0
20,Primary education,Skilled trades and operators,Industry,Private business or VUP,Oral agreement,40.0,Rural,Northern Province,65000.0
21,Primary education,Sales and services,Services,Private business or VUP,Written contract,84.0,Rural,Northern Province,40000.0
18,Lower secondary education,Elementary and other work,Services,Private business or VUP,Oral agreement,5.0,Rural,Northern Province,26000.0
19,Upper secondary education,Agriculture,Agriculture,Private business or VUP,Oral agreement,14.0,Rural,Northern Province,26000.0
17,Lower secondary education,Agriculture,Agriculture,Private business or VUP,Oral agreement,42.0,Rural,Northern Province,26000.0
24,Upper secondary education,Sales and services,Services,Private business or VUP,Oral agreement,20.0,Urban,Northern Province,52000.0
17,Primary education,Elementary and other work,Industry,Private business or VUP,Oral agreement,60.0,Urban,Northern Province,52000.0
29,Upper secondary education,Agriculture,Agriculture,Private business or VUP,Oral agreement,16.0,Urban,Northern Province,39000.0
29,Tertiary education,Science and engineering,Industry,Public institution,Written contract,18.0,Urban,Northern Province,148000.0
19,Primary education,Agriculture,Agriculture,Private business or VUP,Oral agreement,30.0,Urban,Northern Province,39000.0
22,Primary education,Agriculture,Agriculture,Private business or VUP,Oral agreement,15.0,Rural,Northern Province,39000.0
27,Primary education,Elementary and other work,Services,Private business or VUP,Oral agreement,4.0,Rural,Northern Province,26000.0
25,Primary education,Sales and services,Services,Private business or VUP,Oral agreement,93.0,Rural,Northern Province,30000.0
22,Primary education,Elementary and other work,Industry,Private business or VUP,Oral agreement,24.0,Rural,Northern Province,78000.0
27,Upper secondary education,Elementary and other work,Services,Private business or VUP,Oral agreement,20.0,Rural,Northern Province,39000.0
21,Upper secondary education,Sales and services,Services,Private business or VUP,Oral agreement,32.0,Rural,Northern Province,26000.0
18,Primary education,Agriculture,Agriculture,Private business or VUP,Oral agreement,18.0,Rural,Northern Province,26000.0
21,Primary education,Agriculture,Agriculture,Private business or VUP,Oral agreement,10.0,Rural,Northern Province,26000.0
20,Primary education,Agriculture,Agriculture,Private business or VUP,Oral agreement,20.0,Rural,Northern Province,18200.0
30,Tertiary education,"Education, health and social services",Services,Public institution,Written contract,40.0,Rural,Northern Province,185000.0
26,Upper secondary education,"Education, health and social services",Services,Public institution,Written contract,40.0,Rural,Northern Province,100000.0
27,Primary education,Agriculture,Agriculture,Private business or VUP,Oral agreement,30.0,Rural,Northern Province,26000.0
24,Lower secondary education,Agriculture,Agriculture,Private business or VUP,Oral agreement,30.0,Rural,Northern Province,26000.0
19,Primary education,Agriculture,Agriculture,Private business or VUP,Oral agreement,36.0,Rural,Northern Province,26000.0
23,Primary education,Agriculture,Agriculture,Private business or VUP,Oral agreement,30.0,Rural,Northern Province,26000.0
26,Primary education,Agriculture,Agriculture,Private business or VUP,Oral agreement,25.0,Rural,Northern Province,26000.0
24,Primary education,Skilled trades and operators,Industry,Private business or VUP,Oral agreement,18.0,Rural,Northern Province,52000.0
19,Lower secondary education,Agriculture,Services,Private business or VUP,Oral agreement,42.0,Rural,Northern Province,13000.0
27,Primary education,Elementary and other work,Industry,Private business or VUP,Oral agreement,30.0,Rural,Northern Province,39000.0
30,Lower secondary education,Skilled trades and operators,Industry,Private business or VUP,Oral agreement,40.0,Rural,Northern Province,156000.0
23,Primary education,Agriculture,Agriculture,Private business or VUP,Oral agreement,25.0,Rural,Northern Province,13000.0
16,Primary education,Elementary and other work,Industry,Private business or VUP,Oral agreement,7.0,Rural,Northern Province,26000.0
23,Lower secondary education,Sales and services,Services,Private business or VUP,Oral agreement,39.0,Rural,Northern Province,20000.0
17,Primary education,Agriculture,Agriculture,Private business or VUP,Oral agreement,12.0,Rural,Northern Province,26000.0
25,Lower secondary education,Skilled trades and operators,Industry,Private business or VUP,Oral agreement,40.0,Urban,Eastern Province,104000.0
17,Primary education,Agriculture,Agriculture,Private business or VUP,Oral agreement,30.0,Rural,Eastern Province,7800.0
19,Upper secondary education,Agriculture,Agriculture,Private business or VUP,Oral agreement,18.0,Rural,Eastern Province,20800.0
16,Lower secondary education,Agriculture,Agriculture,Private business or VUP,Oral agreement,18.0,Rural,Eastern Province,20800.0
22,Lower secondary education,Agriculture,Agriculture,Private business or VUP,Oral agreement,36.0,Rural,Eastern Province,26000.0
18,Primary education,Elementary and other work,Services,Household,Oral agreement,70.0,Urban,Eastern Province,15000.0
22,Primary education,"Education, health and social services",Services,Private business or VUP,Oral agreement,70.0,Urban,Eastern Province,52000.0
19,Primary education,Elementary and other work,Industry,Private business or VUP,Oral agreement,36.0,Urban,Eastern Province,52000.0
28,Primary education,Elementary and other work,Industry,Private business or VUP,Oral agreement,30.0,Urban,Eastern Province,78000.0
18,Upper secondary education,Elementary and other work,Industry,Private business or VUP,Oral agreement,24.0,Rural,Eastern Province,52000.0
28,Primary education,Agriculture,Agriculture,Private business or VUP,Oral agreement,30.0,Rural,Eastern Province,31200.0
21,Primary education,Agriculture,Agriculture,Private business or VUP,Oral agreement,36.0,Rural,Eastern Province,31200.0
17,Lower secondary education,Agriculture,Agriculture,Private business or VUP,Oral agreement,36.0,Rural,Eastern Province,31200.0
17,Lower secondary education,Elementary and other work,Industry,Private business or VUP,Oral agreement,18.0,Rural,Eastern Province,65000.0
20,Primary education,Agriculture,Agriculture,Private business or VUP,Oral agreement,18.0,Rural,Eastern Province,31200.0
25,Primary education,Agriculture,Agriculture,Private business or VUP,Oral agreement,36.0,Rural,Eastern Province,20800.0
20,Primary education,Agriculture,Agriculture,Private business or VUP,Oral agreement,36.0,Rural,Eastern Province,20800.0
19,Primary education,Agriculture,Agriculture,Private business or VUP,Oral agreement,42.0,Rural,Eastern Province,20000.0
26,Primary education,Agriculture,Agriculture,Private business or VUP,Oral agreement,15.0,Rural,Eastern Province,18200.0
25,Primary education,Agriculture,Agriculture,Private business or VUP,Oral agreement,48.0,Rural,Eastern Province,18200.0
24,Primary education,Skilled trades and operators,Industry,Private business or VUP,Oral agreement,36.0,Rural,Eastern Province,70000.0
24,Primary education,Agriculture,Agriculture,Private business or VUP,Oral agreement,16.0,Rural,Eastern Province,20800.0
16,Primary education,Elementary and other work,Services,Household,Oral agreement,48.0,Rural,Eastern Province,20000.0
25,Primary education,Agriculture,Agriculture,Private business or VUP,Oral agreement,32.0,Rural,Eastern Province,15600.0
26,Lower secondary education,Agriculture,Agriculture,Private business or VUP,Oral agreement,24.0,Rural,Eastern Province,15600.0
23,Primary education,Agriculture,Agriculture,Private business or VUP,Oral agreement,14.0,Rural,Eastern Province,15600.0
20,Primary education,Agriculture,Agriculture,Private business or VUP,Oral agreement,26.0,Rural,Eastern Province,15600.0
29,Primary education,Agriculture,Agriculture,Private business or VUP,Oral agreement,12.0,Urban,Eastern Province,20800.0
26,Primary education,Agriculture,Agriculture,Private business or VUP,Oral agreement,30.0,Urban,Eastern Province,20800.0
29,Primary education,Agriculture,Agriculture,Private business or VUP,Oral agreement,3.0,Urban,Eastern Province,21666.666
27,Primary education,Agriculture,Agriculture,Private business or VUP,Oral agreement,4.0,Urban,Eastern Province,21666.666
24,Primary education,Agriculture,Agriculture,Private business or VUP,Oral agreement,18.0,Rural,Eastern Province,26000.0
24,Primary education,Agriculture,Agriculture,Private business or VUP,Oral agreement,18.0,Rural,Eastern Province,26000.0
21,Lower secondary education,Skilled trades and operators,Industry,Private business or VUP,Oral agreement,70.0,Rural,Eastern Province,65000.0
22,Primary education,Elementary and other work,Services,Public institution,Written contract,66.0,Rural,Eastern Province,25000.0
19,Primary education,Agriculture,Agriculture,Private business or VUP,Oral agreement,15.0,Rural,Eastern Province,20800.0
17,Primary education,Agriculture,Agriculture,Private business or VUP,Oral agreement,5.0,Rural,Eastern Province,20800.0
17,Primary education,Agriculture,Agriculture,Private business or VUP,Oral agreement,30.0,Rural,Eastern Province,26000.0
17,Primary education,Elementary and other work,Services,Household,Oral agreement,49.0,Rural,Eastern Province,15000.0
19,Primary education,Elementary and other work,Services,Household,Oral agreement,42.0,Urban,Eastern Province,15000.0
28,Tertiary education,"Business, management and office work",Services,Public institution,Written contract,45.0,Urban,Eastern Province,343000.0
19,Primary education,Skilled trades and operators,Industry,Private business or VUP,Oral agreement,40.0,Urban,Eastern Province,52000.0
21,Primary education,Skilled trades and operators,Services,Private business or VUP,Oral agreement,66.0,Urban,Eastern Province,50000.0
21,Primary education,Elementary and other work,Industry,Private business or VUP,Oral agreement,49.0,Rural,Eastern Province,39000.0
24,Primary education,Elementary and other work,Industry,Private business or VUP,Oral agreement,60.0,Rural,Eastern Province,78000.0
29,Lower secondary education,Elementary and other work,Industry,Private business or VUP,Oral agreement,36.0,Rural,Eastern Province,65000.0
19,Primary education,Elementary and other work,Services,Household,Oral agreement,35.0,Rural,Eastern Province,20000.0
18,Primary education,Agriculture,Agriculture,Private business or VUP,Oral agreement,24.0,Rural,Eastern Province,26000.0
18,Primary education,Elementary and other work,Industry,Private business or VUP,Oral agreement,42.0,Urban,Eastern Province,52000.0
21,Lower secondary education,Elementary and other work,Industry,Private business or VUP,Oral agreement,30.0,Urban,Eastern Province,52000.0
17,Primary education,Sales and services,Services,Private business or VUP,Oral agreement,24.0,Urban,Eastern Province,52000.0
27,Lower secondary education,Agriculture,Agriculture,Private business or VUP,Oral agreement,42.0,Rural,Eastern Province,78000.0
20,Primary education,Agriculture,Agriculture,Private business or VUP,Oral agreement,30.0,Rural,Eastern Province,26000.0
29,Primary education,Agriculture,Agriculture,Private business or VUP,Oral agreement,30.0,Rural,Eastern Province,26000.0
27,Primary education,Sales and services,Services,Public institution,Written contract,70.0,Rural,Eastern Province,30000.0
23,Primary education,Elementary and other work,Industry,Private business or VUP,Oral agreement,30.0,Rural,Eastern Province,39000.0
17,Primary education,Elementary and other work,Industry,Private business or VUP,Oral agreement,35.0,Rural,Eastern Province,10833.333
29,Lower secondary education,Agriculture,Agriculture,Private business or VUP,Oral agreement,15.0,Rural,Eastern Province,26000.0
25,Lower secondary education,Agriculture,Agriculture,Private business or VUP,Oral agreement,20.0,Rural,Eastern Province,26000.0
19,Lower secondary education,Elementary and other work,Industry,Private business or VUP,Oral agreement,40.0,Rural,Eastern Province,65000.0
30,Primary education,Agriculture,Agriculture,Private business or VUP,Oral agreement,15.0,Rural,Eastern Province,26000.0
27,Primary education,Agriculture,Agriculture,Private business or VUP,Oral agreement,36.0,Rural,Eastern Province,26000.0
22,Primary education,Agriculture,Agriculture,Private business or VUP,Oral agreement,35.0,Rural,Eastern Province,26000.0
18,Primary education,Agriculture,Agriculture,Private business or VUP,Oral agreement,35.0,Rural,Eastern Province,26000.0
20,Lower secondary education,Elementary and other work,Industry,Private business or VUP,Oral agreement,27.0,Urban,Eastern Province,78000.0
21,Primary education,Agriculture,Agriculture,Private business or VUP,Oral agreement,18.0,Urban,Eastern Province,26000.0
26,Primary education,Elementary and other work,Industry,Private business or VUP,Oral agreement,48.0,Urban,Eastern Province,78000.0
18,Primary education,Elementary and other work,Industry,Private business or VUP,Oral agreement,48.0,Urban,Eastern Province,78000.0
23,Lower secondary education,Agriculture,Agriculture,Private business or VUP,Oral agreement,36.0,Rural,Eastern Province,26000.0
20,Upper secondary education,Elementary and other work,Industry,Private business or VUP,Oral agreement,18.0,Rural,Eastern Province,52000.0
22,Lower secondary education,Elementary and other work,Industry,Private business or VUP,Oral agreement,54.0,Rural,Eastern Province,52000.0
26,Primary education,Agriculture,Agriculture,Private business or VUP,Oral agreement,30.0,Rural,Eastern Province,26000.0
20,Primary education,Agriculture,Agriculture,Private business or VUP,Oral agreement,30.0,Rural,Eastern Province,26000.0
28,Lower secondary education,Agriculture,Agriculture,Private business or VUP,Oral agreement,30.0,Rural,Eastern Province,26000.0
21,Lower secondary education,Agriculture,Agriculture,Private business or VUP,Oral agreement,15.0,Rural,Eastern Province,26000.0
18,Upper secondary education,Skilled trades and operators,Industry,Private business or VUP,Oral agreement,15.0,Rural,Eastern Province,65000.0
23,Primary education,Skilled trades and operators,Industry,Private business or VUP,Oral agreement,54.0,Rural,Eastern Province,182000.0
26,Primary education,Skilled trades and operators,Industry,Private business or VUP,Oral agreement,54.0,Rural,Eastern Province,130000.0
20,Lower secondary education,Elementary and other work,Industry,Private business or VUP,Oral agreement,36.0,Rural,Eastern Province,52000.0
16,Primary education,Elementary and other work,Services,Household,Oral agreement,42.0,Rural,Eastern Province,7000.0
16,Primary education,Elementary and other work,Services,Household,Oral agreement,42.0,Rural,Eastern Province,7000.0
25,Primary education,Agriculture,Agriculture,Cooperative,Oral agreement,42.0,Rural,Eastern Province,78000.0
29,Primary education,Elementary and other work,Industry,Private business or VUP,Oral agreement,42.0,Rural,Eastern Province,65000.0
20,Primary education,Agriculture,Agriculture,Private business or VUP,Oral agreement,42.0,Rural,Eastern Province,26000.0
27,Lower secondary education,Agriculture,Agriculture,Private business or VUP,Oral agreement,18.0,Rural,Eastern Province,39000.0
26,Primary education,Agriculture,Agriculture,Private business or VUP,Oral agreement,15.0,Rural,Eastern Province,26000.0
28,Primary education,Agriculture,Agriculture,Private business or VUP,Oral agreement,24.0,Rural,Eastern Province,26000.0
21,Upper secondary education,Elementary and other work,Industry,Private business or VUP,Oral agreement,42.0,Rural,Eastern Province,104000.0
29,Primary education,Elementary and other work,Services,Private business or VUP,Oral agreement,42.0,Rural,Eastern Province,26000.0
23,Primary education,Elementary and other work,Services,Private business or VUP,Oral agreement,3.0,Rural,Eastern Province,26000.0
21,Lower secondary education,Elementary and other work,Industry,Private business or VUP,Oral agreement,42.0,Rural,Eastern Province,26000.0
21,Primary education,Agriculture,Agriculture,Private business or VUP,Oral agreement,36.0,Rural,Eastern Province,15600.0
27,Primary education,Agriculture,Agriculture,Private business or VUP,Oral agreement,25.0,Rural,Eastern Province,18200.0
29,Lower secondary education,Agriculture,Agriculture,Private business or VUP,Oral agreement,36.0,Rural,Eastern Province,26000.0
21,Lower secondary education,Skilled trades and operators,Industry,Private business or VUP,Oral agreement,42.0,Rural,Eastern Province,26000.0
27,Primary education,Agriculture,Agriculture,Private business or VUP,Oral agreement,25.0,Rural,Eastern Province,18200.0
24,Primary education,Agriculture,Agriculture,Private business or VUP,Oral agreement,30.0,Rural,Eastern Province,26000.0
18,Primary education,Agriculture,Agriculture,Private business or VUP,Oral agreement,15.0,Rural,Eastern Province,20800.0
29,Primary education,Agriculture,Agriculture,Private business or VUP,Oral agreement,35.0,Rural,Eastern Province,26000.0
20,Upper secondary education,Agriculture,Agriculture,Private business or VUP,Oral agreement,25.0,Rural,Eastern Province,26000.0
23,Primary education,Agriculture,Agriculture,Private business or VUP,Oral agreement,20.0,Rural,Eastern Province,18200.0
22,Primary education,Agriculture,Agriculture,Private business or VUP,Oral agreement,42.0,Rural,Eastern Province,12000.0
20,No formal education,Agriculture,Agriculture,Private business or VUP,Oral agreement,42.0,Rural,Eastern Province,12000.0
26,Primary education,Sales and services,Services,Private business or VUP,Oral agreement,42.0,Rural,Eastern Province,52000.0
30,Lower secondary education,Skilled trades and operators,Industry,Private business or VUP,Oral agreement,63.0,Rural,Eastern Province,65000.0
17,Primary education,Elementary and other work,Industry,Private business or VUP,Oral agreement,70.0,Rural,Eastern Province,52000.0
18,Primary education,Sales and services,Services,Private business or VUP,Oral agreement,49.0,Rural,Eastern Province,10000.0
27,No formal education,Agriculture,Agriculture,Private business or VUP,Oral agreement,30.0,Rural,Eastern Province,18200.0
20,Primary education,Agriculture,Agriculture,Private business or VUP,Oral agreement,42.0,Rural,Eastern Province,17000.0
30,Primary education,Elementary and other work,Industry,Private business or VUP,Oral agreement,27.0,Rural,Eastern Province,104000.0
17,Lower secondary education,Elementary and other work,Industry,Private business or VUP,Oral agreement,40.0,Rural,Eastern Province,52000.0
28,Primary education,Agriculture,Agriculture,Private business or VUP,Oral agreement,5.0,Rural,Eastern Province,20800.0
22,Primary education,Agriculture,Agriculture,Private business or VUP,Oral agreement,10.0,Rural,Eastern Province,26000.0
18,Primary education,Agriculture,Agriculture,Private business or VUP,Oral agreement,10.0,Rural,Eastern Province,18200.0
30,Primary education,Agriculture,Agriculture,Private business or VUP,Oral agreement,36.0,Rural,Eastern Province,20800.0
19,Lower secondary education,Elementary and other work,Services,Household,Oral agreement,42.0,Urban,Eastern Province,30000.0
23,Lower secondary education,Elementary and other work,Services,Household,Oral agreement,56.0,Urban,Eastern Province,25000.0
25,Upper secondary education,"Business, management and office work",Services,Private business or VUP,Written contract,43.0,Urban,Eastern Province,200000.0
21,Upper secondary education,Sales and services,Services,Private business or VUP,Oral agreement,8.0,Urban,Eastern Province,52000.0
21,Lower secondary education,Elementary and other work,Services,Household,Oral agreement,56.0,Urban,Eastern Province,40000.0
18,Primary education,Elementary and other work,Industry,Private business or VUP,Oral agreement,65.0,Urban,Eastern Province,91000.0
16,Primary education,Elementary and other work,Industry,Private business or VUP,Written contract,8.0,Urban,Eastern Province,39000.0
19,Primary education,Agriculture,Agriculture,Private business or VUP,Oral agreement,18.0,Rural,Eastern Province,39000.0
19,Primary education,Elementary and other work,Agriculture,Private business or VUP,Oral agreement,28.0,Rural,Eastern Province,10000.0
30,Primary education,Elementary and other work,Industry,Private business or VUP,Oral agreement,56.0,Rural,Eastern Province,78000.0
28,Primary education,Elementary and other work,Industry,Private business or VUP,Oral agreement,40.0,Urban,Eastern Province,30000.0
19,Lower secondary education,Elementary and other work,Industry,Private business or VUP,Oral agreement,58.0,Urban,Eastern Province,104000.0
28,Upper secondary education,"Business, management and office work",Services,Private business or VUP,Oral agreement,40.0,Rural,Kigali city,25000.0
24,Primary education,Elementary and other work,Services,Private business or VUP,Oral agreement,72.0,Rural,Kigali city,30000.0
21,Primary education,Elementary and other work,Services,Household,Oral agreement,50.0,Urban,Kigali city,20000.0
25,Upper secondary education,Skilled trades and operators,Services,Private business or VUP,Oral agreement,54.0,Urban,Kigali city,78000.0
18,Lower secondary education,Skilled trades and operators,Services,Private business or VUP,Oral agreement,54.0,Urban,Kigali city,104000.0
27,Primary education,Elementary and other work,Services,Household,Oral agreement,70.0,Urban,Kigali city,25000.0
26,Primary education,Elementary and other work,Services,Household,Oral agreement,84.0,Urban,Kigali city,60000.0
20,Upper secondary education,Elementary and other work,Services,Household,Oral agreement,84.0,Urban,Kigali city,65000.0
19,Primary education,Skilled trades and operators,Services,Private business or VUP,Oral agreement,40.0,Urban,Kigali city,30000.0
22,Upper secondary education,"Business, management and office work",Services,Private business or VUP,Oral agreement,48.0,Urban,Kigali city,89000.0
26,Primary education,Elementary and other work,Services,Household,Oral agreement,56.0,Urban,Kigali city,30000.0
29,Primary education,Skilled trades and operators,Services,Private business or VUP,Written contract,60.0,Urban,Kigali city,100000.0
24,Primary education,Skilled trades and operators,Industry,Private business or VUP,Oral agreement,36.0,Urban,Kigali city,78000.0
24,Lower secondary education,Agriculture,Agriculture,Private business or VUP,Oral agreement,18.0,Rural,Kigali city,52000.0
21,Primary education,Skilled trades and operators,Industry,Private business or VUP,Oral agreement,42.0,Rural,Kigali city,30000.0
21,Tertiary education,Sales and services,Services,Private business or VUP,Oral agreement,48.0,Urban,Kigali city,120000.0
24,Tertiary education,"Education, health and social services",Services,Private business or VUP,Oral agreement,30.0,Urban,Kigali city,130000.0
19,Lower secondary education,Sales and services,Services,Private business or VUP,Oral agreement,48.0,Urban,Kigali city,20000.0
23,Tertiary education,"Business, management and office work",Services,Private business or VUP,Oral agreement,14.0,Urban,Kigali city,100000.0
27,Primary education,Skilled trades and operators,Industry,Private business or VUP,Oral agreement,49.0,Urban,Kigali city,21666.666
18,Lower secondary education,Sales and services,Services,Private business or VUP,Oral agreement,18.0,Urban,Kigali city,26000.0
18,Primary education,Elementary and other work,Services,Household,Oral agreement,49.0,Urban,Kigali city,15000.0
24,Tertiary education,ICT,Services,Private business or VUP,Written contract,48.0,Urban,Kigali city,200000.0
29,Primary education,Elementary and other work,Services,Household,Oral agreement,42.0,Urban,Kigali city,30000.0
26,Primary education,Elementary and other work,Services,Private business or VUP,Oral agreement,24.0,Urban,Kigali city,182000.0
30,Lower secondary education,Skilled trades and operators,Industry,Private business or VUP,Oral agreement,56.0,Urban,Kigali city,260000.0
23,Primary education,Elementary and other work,Services,Household,Oral agreement,38.0,Urban,Kigali city,20000.0
21,Primary education,Sales and services,Services,Private business or VUP,Oral agreement,40.0,Urban,Kigali city,30000.0
19,Primary education,Skilled trades and operators,Industry,Private business or VUP,Oral agreement,30.0,Urban,Kigali city,182000.0
25,Primary education,Agriculture,Agriculture,Private business or VUP,Oral agreement,14.0,Urban,Kigali city,26000.0
27,Primary education,Elementary and other work,Services,Household,Oral agreement,49.0,Urban,Kigali city,50000.0
30,Primary education,Elementary and other work,Agriculture,Private business or VUP,Oral agreement,18.0,Urban,Kigali city,39000.0
30,Primary education,Sales and services,Services,Private business or VUP,Oral agreement,20.0,Urban,Kigali city,260000.0
24,Tertiary education,"Education, health and social services",Services,Public institution,Written contract,40.0,Urban,Kigali city,150000.0
23,Primary education,Skilled trades and operators,Industry,Private business or VUP,Oral agreement,24.0,Urban,Kigali city,182000.0
26,Primary education,Skilled trades and operators,Industry,Private business or VUP,Oral agreement,40.0,Urban,Kigali city,32500.0
24,Primary education,Elementary and other work,Services,Household,Oral agreement,49.0,Urban,Kigali city,30000.0
27,Primary education,Elementary and other work,Services,Private business or VUP,Written contract,45.0,Urban,Kigali city,50000.0
24,Primary education,Elementary and other work,Services,Private business or VUP,Oral agreement,25.0,Urban,Kigali city,208000.0
26,Tertiary education,"Education, health and social services",Services,Private business or VUP,Oral agreement,9.0,Urban,Kigali city,130000.0
21,Upper secondary education,Elementary and other work,Services,Household,Oral agreement,66.0,Urban,Kigali city,20000.0
20,Lower secondary education,Elementary and other work,Services,Household,Oral agreement,73.0,Urban,Kigali city,25000.0
22,Lower secondary education,Skilled trades and operators,Services,Private business or VUP,Oral agreement,5.0,Urban,Kigali city,104000.0
19,Upper secondary education,Elementary and other work,Services,Private business or VUP,Oral agreement,8.0,Urban,Kigali city,62400.0
30,Lower secondary education,Elementary and other work,Industry,Private business or VUP,Written contract,24.0,Urban,Kigali city,26000.0
20,Lower secondary education,Elementary and other work,Services,Household,Oral agreement,56.0,Urban,Kigali city,30000.0
27,Lower secondary education,Elementary and other work,Services,Household,Oral agreement,35.0,Urban,Kigali city,25000.0
21,Lower secondary education,Elementary and other work,Services,Household,Oral agreement,42.0,Urban,Kigali city,35000.0
20,Lower secondary education,Elementary and other work,Services,Household,Oral agreement,48.0,Urban,Kigali city,70000.0
26,Lower secondary education,Sales and services,Services,Private business or VUP,Oral agreement,55.0,Urban,Kigali city,50000.0
21,Lower secondary education,Elementary and other work,Industry,Private business or VUP,Oral agreement,12.0,Urban,Kigali city,65000.0
24,Primary education,Agriculture,Agriculture,Private business or VUP,Oral agreement,15.0,Urban,Kigali city,39000.0
17,Lower secondary education,Elementary and other work,Services,Household,Oral agreement,35.0,Urban,Kigali city,20000.0
28,Primary education,Elementary and other work,Services,Household,Oral agreement,56.0,Urban,Kigali city,40000.0
21,Primary education,Elementary and other work,Services,Household,Oral agreement,56.0,Urban,Kigali city,40000.0
20,Upper secondary education,Sales and services,Services,Private business or VUP,Oral agreement,12.0,Urban,Kigali city,208000.0
22,Primary education,Agriculture,Services,Private business or VUP,Oral agreement,60.0,Urban,Kigali city,52000.0
18,Primary education,Elementary and other work,Services,Household,Oral agreement,70.0,Urban,Kigali city,15000.0
22,Upper secondary education,Elementary and other work,Services,Private business or VUP,Oral agreement,60.0,Urban,Kigali city,20000.0
19,Primary education,Elementary and other work,Services,Private business or VUP,Oral agreement,54.0,Urban,Kigali city,20000.0
18,Primary education,Elementary and other work,Services,Household,Oral agreement,40.0,Urban,Kigali city,20000.0
22,Primary education,Agriculture,Agriculture,Private business or VUP,Oral agreement,12.0,Rural,Southern Province,26000.0
17,Primary education,Agriculture,Agriculture,Private business or VUP,Oral agreement,48.0,Rural,Southern Province,39000.0
17,Lower secondary education,Agriculture,Agriculture,Private business or VUP,Oral agreement,15.0,Rural,Southern Province,26000.0
18,Primary education,Agriculture,Agriculture,Private business or VUP,Oral agreement,42.0,Rural,Southern Province,26000.0
18,Primary education,Agriculture,Agriculture,Private business or VUP,Oral agreement,6.0,Rural,Southern Province,26000.0
23,Upper secondary education,"Education, health and social services",Services,Public institution,Written contract,40.0,Rural,Southern Province,105000.0
20,Primary education,Agriculture,Agriculture,Private business or VUP,Oral agreement,12.0,Rural,Southern Province,13000.0
17,Upper secondary education,Agriculture,Agriculture,Private business or VUP,Oral agreement,5.0,Rural,Southern Province,39000.0
27,Upper secondary education,Agriculture,Agriculture,Private business or VUP,Oral agreement,42.0,Rural,Southern Province,39000.0
18,Primary education,Elementary and other work,Services,Private business or VUP,Oral agreement,28.0,Rural,Southern Province,20800.0
20,Primary education,Elementary and other work,Services,Household,Oral agreement,49.0,Rural,Southern Province,15000.0
23,Primary education,Agriculture,Agriculture,Private business or VUP,Oral agreement,36.0,Rural,Southern Province,26000.0
18,Lower secondary education,Skilled trades and operators,Industry,Private business or VUP,Oral agreement,45.0,Rural,Southern Province,78000.0
18,Lower secondary education,Elementary and other work,Services,Private business or VUP,Oral agreement,8.0,Rural,Southern Province,26000.0
21,Lower secondary education,Elementary and other work,Services,Private business or VUP,Oral agreement,12.0,Rural,Southern Province,39000.0
18,Primary education,Agriculture,Industry,Private business or VUP,Oral agreement,35.0,Rural,Southern Province,46800.0
20,Primary education,Agriculture,Agriculture,Private business or VUP,Oral agreement,12.0,Rural,Southern Province,26000.0
17,Primary education,Agriculture,Agriculture,Private business or VUP,Oral agreement,30.0,Rural,Southern Province,26000.0
20,Primary education,Agriculture,Agriculture,Private business or VUP,Oral agreement,36.0,Rural,Southern Province,31200.0
21,Upper secondary education,Agriculture,Agriculture,Other,Oral agreement,25.0,Rural,Southern Province,52000.0
26,Upper secondary education,"Education, health and social services",Services,Public institution,Written contract,40.0,Rural,Southern Province,150000.0
24,Primary education,Agriculture,Agriculture,Other,Oral agreement,30.0,Rural,Southern Province,52000.0
26,Primary education,Agriculture,Agriculture,Private business or VUP,Oral agreement,10.0,Rural,Southern Province,26000.0
28,Primary education,Agriculture,Agriculture,Private business or VUP,Oral agreement,30.0,Rural,Southern Province,26000.0
29,Primary education,Agriculture,Agriculture,Private business or VUP,Oral agreement,30.0,Rural,Southern Province,26000.0
22,Primary education,Agriculture,Agriculture,Private business or VUP,Oral agreement,25.0,Rural,Southern Province,31200.0
19,Primary education,Agriculture,Agriculture,Private business or VUP,Oral agreement,36.0,Rural,Southern Province,26000.0
27,Upper secondary education,"Business, management and office work",Services,Public institution,Oral agreement,42.0,Rural,Southern Province,312000.0
22,Primary education,Agriculture,Agriculture,Private business or VUP,Oral agreement,30.0,Rural,Southern Province,31200.0
16,Primary education,Agriculture,Agriculture,Private business or VUP,Oral agreement,20.0,Rural,Southern Province,52000.0
20,Lower secondary education,Elementary and other work,Industry,Private business or VUP,Oral agreement,54.0,Rural,Southern Province,52000.0
18,Lower secondary education,Elementary and other work,Industry,Private business or VUP,Oral agreement,3.0,Rural,Southern Province,78000.0
19,Primary education,Agriculture,Agriculture,Private business or VUP,Oral agreement,30.0,Rural,Southern Province,20800.0
16,Primary education,Agriculture,Agriculture,Private business or VUP,Oral agreement,36.0,Rural,Southern Province,26000.0
24,Upper secondary education,Agriculture,Agriculture,Private business or VUP,Oral agreement,36.0,Rural,Southern Province,52000.0
16,Lower secondary education,Agriculture,Agriculture,Private business or VUP,Oral agreement,8.0,Rural,Southern Province,13000.0
26,Primary education,Agriculture,Agriculture,Private business or VUP,Oral agreement,6.0,Rural,Southern Province,26000.0
27,Primary education,Agriculture,Agriculture,Private business or VUP,Oral agreement,24.0,Rural,Southern Province,26000.0
24,Primary education,Agriculture,Agriculture,Private business or VUP,Oral agreement,21.0,Rural,Southern Province,26000.0
18,Primary education,Elementary and other work,Services,Private business or VUP,Oral agreement,14.0,Rural,Southern Province,78000.0
17,Primary education,Elementary and other work,Industry,Private business or VUP,Oral agreement,28.0,Rural,Southern Province,78000.0
17,Primary education,Sales and services,Services,Private business or VUP,Oral agreement,70.0,Rural,Southern Province,26000.0
24,Primary education,Agriculture,Agriculture,Private business or VUP,Oral agreement,18.0,Rural,Southern Province,20800.0
26,Upper secondary education,Elementary and other work,Industry,Private business or VUP,Oral agreement,42.0,Rural,Southern Province,78000.0
23,Lower secondary education,Elementary and other work,Industry,Private business or VUP,Oral agreement,45.0,Rural,Southern Province,78000.0
17,Lower secondary education,Agriculture,Agriculture,Private business or VUP,Oral agreement,15.0,Rural,Southern Province,13000.0
20,Lower secondary education,Elementary and other work,Services,Household,Oral agreement,35.0,Urban,Southern Province,18000.0
21,Primary education,Agriculture,Agriculture,Private business or VUP,Oral agreement,49.0,Urban,Southern Province,20000.0
28,Primary education,Agriculture,Agriculture,Private business or VUP,Oral agreement,21.0,Urban,Southern Province,21666.666
22,Primary education,Elementary and other work,Services,Household,Oral agreement,42.0,Urban,Southern Province,20000.0
25,Upper secondary education,"Education, health and social services",Services,Public-private enterprise,Written contract,48.0,Urban,Southern Province,116000.0
22,Lower secondary education,Elementary and other work,Services,Household,Oral agreement,63.0,Urban,Southern Province,30000.0
27,Primary education,Agriculture,Agriculture,Private business or VUP,Oral agreement,35.0,Rural,Western Province,31200.0
25,Primary education,Agriculture,Agriculture,Private business or VUP,Oral agreement,28.0,Rural,Western Province,26000.0
16,Primary education,Elementary and other work,Services,Private business or VUP,Oral agreement,12.0,Rural,Western Province,52000.0
29,Lower secondary education,Agriculture,Services,Private business or VUP,Oral agreement,15.0,Rural,Western Province,52000.0
26,Primary education,Agriculture,Agriculture,Private business or VUP,Oral agreement,6.0,Rural,Western Province,31200.0
21,Primary education,Elementary and other work,Services,Private business or VUP,Oral agreement,15.0,Rural,Western Province,26000.0
20,Primary education,Elementary and other work,Industry,Private business or VUP,Oral agreement,45.0,Rural,Western Province,39000.0
24,Primary education,Agriculture,Agriculture,Private business or VUP,Oral agreement,24.0,Rural,Western Province,13000.0
30,Primary education,Agriculture,Agriculture,Private business or VUP,Oral agreement,18.0,Rural,Western Province,39000.0
20,Primary education,Elementary and other work,Industry,Private business or VUP,Oral agreement,16.0,Rural,Western Province,39000.0
19,Primary education,Agriculture,Agriculture,Private business or VUP,Oral agreement,36.0,Rural,Western Province,26000.0
26,Upper secondary education,Agriculture,Agriculture,Private business or VUP,Oral agreement,24.0,Rural,Western Province,31200.0
18,Lower secondary education,Elementary and other work,Services,Private business or VUP,Oral agreement,6.0,Rural,Western Province,10400.0
29,Tertiary education,Agriculture,Services,Public institution,Written contract,40.0,Rural,Western Province,54664.0
30,No formal education,Agriculture,Agriculture,Private business or VUP,Oral agreement,30.0,Rural,Western Province,26000.0
23,No formal education,Agriculture,Agriculture,Private business or VUP,Oral agreement,21.0,Rural,Western Province,39000.0
30,Primary education,Agriculture,Agriculture,Private business or VUP,Oral agreement,40.0,Rural,Western Province,52000.0
27,Upper secondary education,"Business, management and office work",Agriculture,Cooperative,Oral agreement,30.0,Urban,Western Province,50000.0
22,Primary education,Agriculture,Agriculture,Private business or VUP,Oral agreement,40.0,Urban,Western Province,52000.0
21,Primary education,Agriculture,Agriculture,Private business or VUP,Oral agreement,40.0,Urban,Western Province,31200.0
29,Upper secondary education,"Education, health and social services",Services,Private business or VUP,Written contract,60.0,Urban,Western Province,150000.0
30,Upper secondary education,Sales and services,Services,Private business or VUP,Oral agreement,12.0,Urban,Western Province,52000.0
26,Tertiary education,"Education, health and social services",Services,Public institution,Written contract,40.0,Urban,Western Province,300000.0
19,Primary education,Elementary and other work,Services,Household,Oral agreement,32.0,Urban,Western Province,15000.0
17,Primary education,Elementary and other work,Services,Household,Oral agreement,57.0,Urban,Western Province,20000.0
18,Lower secondary education,Elementary and other work,Services,Household,Oral agreement,42.0,Urban,Western Province,20000.0
21,Primary education,Elementary and other work,Industry,Private business or VUP,Oral agreement,35.0,Rural,Western Province,26000.0
29,Primary education,Agriculture,Agriculture,Private business or VUP,Oral agreement,36.0,Rural,Western Province,26000.0
17,Primary education,Elementary and other work,Industry,Private business or VUP,Oral agreement,36.0,Rural,Western Province,26000.0
23,Lower secondary education,Agriculture,Agriculture,Private business or VUP,Oral agreement,54.0,Rural,Western Province,31200.0
21,Lower secondary education,Skilled trades and operators,Industry,Private business or VUP,Oral agreement,36.0,Rural,Western Province,104000.0
18,Primary education,Agriculture,Agriculture,Private business or VUP,Oral agreement,35.0,Rural,Western Province,39000.0
28,Tertiary education,"Education, health and social services",Services,Public institution,Written contract,40.0,Rural,Western Province,123000.0
25,Primary education,Agriculture,Agriculture,Private business or VUP,Oral agreement,13.0,Rural,Western Province,31200.0
25,Upper secondary education,Agriculture,Agriculture,Private business or VUP,Oral agreement,6.0,Rural,Western Province,26000.0
20,Primary education,Elementary and other work,Industry,Private business or VUP,Oral agreement,40.0,Rural,Western Province,78000.0
17,Primary education,Elementary and other work,Industry,Private business or VUP,Oral agreement,35.0,Rural,Western Province,78000.0
23,Primary education,Skilled trades and operators,Industry,Private business or VUP,Oral agreement,20.0,Rural,Western Province,30333.334
20,Primary education,Agriculture,Agriculture,Private business or VUP,Oral agreement,5.0,Rural,Western Province,26000.0
26,Primary education,Skilled trades and operators,Services,Private business or VUP,Oral agreement,40.0,Rural,Western Province,200000.0
21,Primary education,Elementary and other work,Industry,Private business or VUP,Oral agreement,48.0,Rural,Western Province,91000.0
26,Primary education,Agriculture,Agriculture,Private business or VUP,Oral agreement,25.0,Rural,Western Province,26000.0
20,Primary education,Sales and services,Services,Private business or VUP,Oral agreement,66.0,Rural,Western Province,48000.0
16,Primary education,Elementary and other work,Services,Household,Oral agreement,49.0,Rural,Western Province,15000.0
25,Tertiary education,Science and engineering,Services,Private business or VUP,Oral agreement,56.0,Urban,Western Province,150000.0
21,Primary education,Elementary and other work,Services,Private business or VUP,Oral agreement,8.0,Urban,Western Province,70200.0
26,Primary education,Agriculture,Agriculture,Private business or VUP,Oral agreement,14.0,Urban,Western Province,39000.0
27,Primary education,Elementary and other work,Industry,Private business or VUP,Oral agreement,32.0,Urban,Western Province,78000.0
25,Lower secondary education,Elementary and other work,Industry,Private business or VUP,Oral agreement,40.0,Urban,Western Province,78000.0
20,Primary education,Elementary and other work,Industry,Private business or VUP,Oral agreement,24.0,Urban,Western Province,39000.0
28,Primary education,Agriculture,Agriculture,Private business or VUP,Oral agreement,8.0,Urban,Western Province,39000.0
28,Primary education,Agriculture,Agriculture,Private business or VUP,Oral agreement,36.0,Rural,Western Province,15000.0
24,Primary education,Skilled trades and operators,Services,Private business or VUP,Oral agreement,60.0,Rural,Western Province,78000.0
22,Lower secondary education,Skilled trades and operators,Industry,Private business or VUP,Oral agreement,63.0,Rural,Western Province,104000.0
20,Primary education,Elementary and other work,Industry,Private business or VUP,Oral agreement,63.0,Rural,Western Province,65000.0
16,Primary education,Agriculture,Agriculture,Private business or VUP,Oral agreement,49.0,Rural,Western Province,15000.0
24,Lower secondary education,Elementary and other work,Industry,Private business or VUP,Oral agreement,1.0,Urban,Western Province,52000.0
19,Primary education,Elementary and other work,Services,Household,Oral agreement,60.0,Urban,Western Province,15000.0
16,Primary education,Elementary and other work,Industry,Private business or VUP,Oral agreement,4.0,Rural,Western Province,39000.0
22,Primary education,Agriculture,Agriculture,Private business or VUP,Oral agreement,16.0,Rural,Western Province,26000.0
19,Lower secondary education,Agriculture,Agriculture,Private business or VUP,Oral agreement,8.0,Rural,Western Province,39000.0
17,Lower secondary education,Agriculture,Agriculture,Private business or VUP,Oral agreement,21.0,Rural,Western Province,31200.0
17,Primary education,Skilled trades and operators,Industry,Private business or VUP,Oral agreement,24.0,Rural,Western Province,43333.332
27,Primary education,Agriculture,Agriculture,Private business or VUP,Oral agreement,6.0,Rural,Northern Province,26000.0
29,Primary education,Agriculture,Agriculture,Private business or VUP,Oral agreement,12.0,Rural,Northern Province,31200.0
18,Primary education,Elementary and other work,Services,Household,Oral agreement,40.0,Rural,Northern Province,15000.0
24,Lower secondary education,Skilled trades and operators,Industry,Private business or VUP,Oral agreement,40.0,Rural,Northern Province,312000.0
25,Primary education,Agriculture,Agriculture,Private business or VUP,Oral agreement,15.0,Rural,Northern Province,26000.0
27,Primary education,Elementary and other work,Services,Household,Oral agreement,35.0,Rural,Northern Province,15000.0
18,Primary education,Agriculture,Agriculture,Private business or VUP,Oral agreement,21.0,Rural,Northern Province,26000.0
30,Primary education,Agriculture,Agriculture,Private business or VUP,Oral agreement,18.0,Rural,Northern Province,26000.0
25,Lower secondary education,Agriculture,Agriculture,Private business or VUP,Oral agreement,30.0,Rural,Northern Province,26000.0
23,Primary education,Agriculture,Agriculture,Private business or VUP,Oral agreement,2.0,Rural,Northern Province,31200.0
22,Primary education,Agriculture,Agriculture,Private business or VUP,Oral agreement,36.0,Rural,Northern Province,26000.0
17,Primary education,Agriculture,Agriculture,Private business or VUP,Oral agreement,36.0,Rural,Northern Province,31200.0
22,Lower secondary education,Agriculture,Agriculture,Private business or VUP,Oral agreement,20.0,Rural,Northern Province,31200.0
23,Primary education,Agriculture,Agriculture,Private business or VUP,Oral agreement,20.0,Rural,Northern Province,26000.0
26,Upper secondary education,Sales and services,Services,Private business or VUP,Oral agreement,60.0,Urban,Northern Province,60000.0
22,Upper secondary education,Sales and services,Services,Private business or VUP,Oral agreement,48.0,Urban,Northern Province,54166.668
29,Lower secondary education,Skilled trades and operators,Services,Private business or VUP,Oral agreement,52.0,Rural,Northern Province,130000.0
24,Primary education,Agriculture,Agriculture,Private business or VUP,Oral agreement,10.0,Rural,Northern Province,39000.0
22,Primary education,Elementary and other work,Industry,Private business or VUP,Oral agreement,27.0,Urban,Northern Province,78000.0
20,Primary education,Agriculture,Agriculture,Private business or VUP,Oral agreement,48.0,Rural,Northern Province,39000.0
24,Primary education,Skilled trades and operators,Industry,Private business or VUP,Oral agreement,54.0,Rural,Northern Province,130000.0
22,Primary education,Agriculture,Agriculture,Private business or VUP,Oral agreement,28.0,Urban,Northern Province,31200.0
29,Primary education,Agriculture,Agriculture,Private business or VUP,Oral agreement,27.0,Rural,Northern Province,39000.0
29,Upper secondary education,Skilled trades and operators,Industry,Private business or VUP,Oral agreement,54.0,Rural,Northern Province,20000.0
16,Primary education,Elementary and other work,Industry,Private business or VUP,Oral agreement,40.0,Rural,Northern Province,65000.0
23,Primary education,Elementary and other work,Industry,Private business or VUP,Oral agreement,54.0,Rural,Northern Province,78000.0
23,Lower secondary education,Agriculture,Agriculture,Private business or VUP,Oral agreement,24.0,Rural,Northern Province,31200.0
22,Lower secondary education,Agriculture,Agriculture,Private business or VUP,Oral agreement,23.0,Rural,Northern Province,39000.0
17,Primary education,Agriculture,Agriculture,Private business or VUP,Oral agreement,18.0,Rural,Northern Province,31200.0
24,Primary education,Agriculture,Agriculture,Private business or VUP,Oral agreement,24.0,Rural,Northern Province,52000.0
27,Primary education,Agriculture,Agriculture,Private business or VUP,Oral agreement,24.0,Rural,Northern Province,52000.0
24,Primary education,Agriculture,Agriculture,Private business or VUP,Oral agreement,20.0,Rural,Northern Province,52000.0
26,Primary education,Agriculture,Agriculture,Private business or VUP,Oral agreement,21.0,Rural,Northern Province,26000.0
21,Primary education,Elementary and other work,Services,Household,Oral agreement,56.0,Rural,Northern Province,20000.0
19,Lower secondary education,Agriculture,Agriculture,Private business or VUP,Oral agreement,18.0,Rural,Northern Province,31200.0
23,Lower secondary education,Agriculture,Agriculture,Private business or VUP,Oral agreement,30.0,Rural,Northern Province,26000.0
18,Lower secondary education,Elementary and other work,Industry,Private business or VUP,Oral agreement,18.0,Rural,Northern Province,52000.0
18,Primary education,Agriculture,Agriculture,Private business or VUP,Oral agreement,12.0,Rural,Northern Province,39000.0
25,Upper secondary education,Skilled trades and operators,Industry,Private business or VUP,Oral agreement,54.0,Urban,Eastern Province,130000.0
28,Lower secondary education,Elementary and other work,Industry,Private business or VUP,Written contract,42.0,Rural,Eastern Province,75833.336
25,Primary education,Elementary and other work,Industry,Private business or VUP,Oral agreement,21.0,Rural,Eastern Province,39000.0
18,Lower secondary education,Elementary and other work,Industry,Private business or VUP,Oral agreement,35.0,Rural,Eastern Province,32500.0
20,Primary education,Elementary and other work,Services,Household,Oral agreement,70.0,Rural,Eastern Province,25000.0
17,Primary education,Elementary and other work,Services,Household,Oral agreement,70.0,Rural,Eastern Province,10000.0
30,Upper secondary education,Sales and services,Services,Public institution,Written contract,40.0,Rural,Eastern Province,150000.0
16,Primary education,Elementary and other work,Services,Household,Oral agreement,28.0,Rural,Eastern Province,15000.0
21,Primary education,Sales and services,Services,Private business or VUP,Oral agreement,22.0,Urban,Eastern Province,20800.0
25,Primary education,Sales and services,Industry,Private business or VUP,Oral agreement,42.0,Urban,Eastern Province,25000.0
28,Upper secondary education,"Education, health and social services",Services,Public institution,Written contract,40.0,Rural,Eastern Province,100000.0
26,Upper secondary education,Elementary and other work,Services,Household,Oral agreement,35.0,Urban,Eastern Province,7000.0
29,Upper secondary education,Sales and services,Services,Private business or VUP,Written contract,84.0,Urban,Eastern Province,20000.0
16,Primary education,Agriculture,Agriculture,Private business or VUP,Oral agreement,12.0,Rural,Eastern Province,18200.0
24,Upper secondary education,"Business, management and office work",Services,Public institution,Written contract,40.0,Urban,Eastern Province,100000.0
27,No formal education,Agriculture,Agriculture,Private business or VUP,Oral agreement,36.0,Rural,Eastern Province,26000.0
25,Lower secondary education,Agriculture,Agriculture,Private business or VUP,Oral agreement,24.0,Rural,Eastern Province,13000.0
24,Primary education,Agriculture,Agriculture,Private business or VUP,Oral agreement,24.0,Rural,Eastern Province,20800.0
19,Primary education,Agriculture,Agriculture,Private business or VUP,Oral agreement,24.0,Rural,Eastern Province,20800.0
18,Lower secondary education,Agriculture,Agriculture,Private business or VUP,Oral agreement,50.0,Urban,Eastern Province,11544.0
19,Primary education,Elementary and other work,Services,Household,Oral agreement,40.0,Urban,Eastern Province,15000.0
20,Primary education,Agriculture,Agriculture,Private business or VUP,Oral agreement,36.0,Rural,Eastern Province,15600.0
23,Primary education,Agriculture,Agriculture,Private business or VUP,Oral agreement,15.0,Rural,Eastern Province,20800.0
26,Primary education,Agriculture,Agriculture,NGO or international organisation,Oral agreement,35.0,Rural,Eastern Province,65000.0
23,Upper secondary education,Agriculture,Agriculture,Private business or VUP,Oral agreement,36.0,Rural,Eastern Province,26000.0
25,Primary education,Skilled trades and operators,Industry,Private business or VUP,Oral agreement,10.0,Rural,Eastern Province,104000.0
19,Primary education,Agriculture,Agriculture,Private business or VUP,Oral agreement,18.0,Rural,Eastern Province,26000.0
28,Upper secondary education,Sales and services,Services,Private business or VUP,Oral agreement,74.0,Rural,Eastern Province,9000.0
24,Primary education,Agriculture,Agriculture,Private business or VUP,Oral agreement,25.0,Rural,Eastern Province,26000.0
21,Primary education,Agriculture,Agriculture,Private business or VUP,Oral agreement,30.0,Rural,Eastern Province,39000.0
22,Primary education,Agriculture,Agriculture,Private business or VUP,Oral agreement,7.0,Rural,Eastern Province,52000.0
23,Primary education,Agriculture,Agriculture,Private business or VUP,Oral agreement,36.0,Rural,Eastern Province,26000.0
16,Primary education,Elementary and other work,Services,Household,Oral agreement,40.0,Rural,Eastern Province,7000.0
20,Lower secondary education,Skilled trades and operators,Industry,Private business or VUP,Oral agreement,40.0,Rural,Eastern Province,21666.666
19,Primary education,Elementary and other work,Services,Household,Oral agreement,48.0,Rural,Eastern Province,15000.0
21,Lower secondary education,Elementary and other work,Services,Private business or VUP,Oral agreement,42.0,Urban,Eastern Province,20000.0
24,No formal education,Agriculture,Agriculture,Private business or VUP,Oral agreement,36.0,Rural,Eastern Province,26000.0
26,Primary education,Agriculture,Agriculture,Private business or VUP,Oral agreement,21.0,Rural,Eastern Province,26000.0
16,Primary education,Agriculture,Agriculture,Private business or VUP,Oral agreement,18.0,Rural,Eastern Province,20800.0
27,Primary education,Agriculture,Agriculture,Private business or VUP,Oral agreement,36.0,Rural,Eastern Province,26000.0
22,Primary education,Elementary and other work,Industry,Private business or VUP,Oral agreement,54.0,Rural,Eastern Province,65000.0
17,Primary education,Agriculture,Agriculture,Private business or VUP,Oral agreement,25.0,Rural,Eastern Province,26000.0
17,Primary education,Agriculture,Agriculture,Private business or VUP,Oral agreement,45.0,Rural,Eastern Province,26000.0
19,Primary education,Agriculture,Agriculture,Private business or VUP,Oral agreement,40.0,Rural,Eastern Province,18200.0
17,Primary education,Agriculture,Agriculture,Private business or VUP,Oral agreement,12.0,Rural,Eastern Province,13000.0
19,Primary education,Agriculture,Agriculture,Private business or VUP,Oral agreement,12.0,Rural,Eastern Province,13000.0
16,No formal education,Agriculture,Agriculture,Private business or VUP,Oral agreement,12.0,Rural,Eastern Province,13000.0
23,Upper secondary education,"Business, management and office work",Services,Private business or VUP,Oral agreement,48.0,Rural,Eastern Province,40000.0
21,Upper secondary education,Elementary and other work,Industry,Private business or VUP,Oral agreement,48.0,Rural,Eastern Province,39000.0
20,Primary education,Elementary and other work,Services,Household,Oral agreement,56.0,Rural,Eastern Province,8000.0
20,Primary education,Agriculture,Agriculture,Private business or VUP,Oral agreement,24.0,Rural,Eastern Province,41600.0
20,Primary education,Agriculture,Agriculture,Private business or VUP,Oral agreement,30.0,Rural,Eastern Province,26000.0
20,Lower secondary education,Elementary and other work,Industry,Private business or VUP,Oral agreement,24.0,Rural,Eastern Province,39000.0
21,Primary education,Agriculture,Services,Private business or VUP,Oral agreement,18.0,Urban,Eastern Province,52000.0
20,Lower secondary education,Elementary and other work,Services,Household,Oral agreement,77.0,Urban,Eastern Province,25000.0
18,Primary education,Elementary and other work,Services,Household,Oral agreement,49.0,Urban,Eastern Province,20000.0
22,Upper secondary education,Sales and services,Services,Private business or VUP,Oral agreement,40.0,Urban,Eastern Province,40000.0
23,Primary education,Agriculture,Agriculture,Private business or VUP,Oral agreement,59.0,Rural,Eastern Province,52000.0
30,Upper secondary education,Agriculture,Agriculture,Private business or VUP,Oral agreement,36.0,Rural,Eastern Province,39000.0
29,Lower secondary education,Agriculture,Agriculture,Private business or VUP,Oral agreement,77.0,Rural,Eastern Province,39000.0
28,Primary education,Agriculture,Agriculture,Private business or VUP,Oral agreement,35.0,Urban,Eastern Province,52000.0
19,Lower secondary education,Elementary and other work,Services,Household,Oral agreement,54.0,Urban,Eastern Province,20000.0
19,Primary education,Agriculture,Agriculture,Private business or VUP,Oral agreement,56.0,Urban,Eastern Province,30000.0
16,Primary education,Elementary and other work,Services,Private business or VUP,Oral agreement,30.0,Urban,Kigali city,13000.0
20,Lower secondary education,Elementary and other work,Services,Household,Oral agreement,70.0,Urban,Kigali city,20000.0
22,Primary education,Elementary and other work,Services,Household,Oral agreement,40.0,Urban,Kigali city,20000.0
27,Primary education,Agriculture,Agriculture,Private business or VUP,Oral agreement,36.0,Urban,Kigali city,26000.0
21,Primary education,Agriculture,Agriculture,Private business or VUP,Oral agreement,43.0,Rural,Kigali city,39000.0
20,Lower secondary education,Elementary and other work,Industry,Private business or VUP,Oral agreement,48.0,Rural,Kigali city,60000.0
21,Lower secondary education,Elementary and other work,Services,Household,Oral agreement,50.0,Urban,Kigali city,25000.0
22,Upper secondary education,Sales and services,Services,Private business or VUP,Oral agreement,54.0,Urban,Kigali city,100000.0
23,Upper secondary education,Skilled trades and operators,Services,Private business or VUP,Oral agreement,27.0,Urban,Kigali city,182000.0
17,Primary education,Elementary and other work,Services,Household,Oral agreement,50.0,Urban,Kigali city,25000.0
23,Upper secondary education,Skilled trades and operators,Industry,NGO or international organisation,Written contract,60.0,Urban,Kigali city,125000.0
29,Primary education,Skilled trades and operators,Services,Private business or VUP,Oral agreement,42.0,Urban,Kigali city,182000.0
22,Primary education,Elementary and other work,Services,Household,Oral agreement,42.0,Urban,Kigali city,20000.0
30,Lower secondary education,Agriculture,Agriculture,Private business or VUP,Oral agreement,7.0,Rural,Kigali city,31200.0
23,Primary education,Agriculture,Agriculture,Private business or VUP,Oral agreement,12.0,Rural,Kigali city,39000.0
19,Primary education,Agriculture,Agriculture,Private business or VUP,Oral agreement,20.0,Rural,Kigali city,26000.0
21,Primary education,Elementary and other work,Industry,Private business or VUP,Oral agreement,48.0,Rural,Kigali city,65000.0
21,Primary education,Sales and services,Services,Private business or VUP,Oral agreement,72.0,Urban,Kigali city,40000.0
23,Lower secondary education,Elementary and other work,Services,Household,Oral agreement,40.0,Urban,Kigali city,15000.0
27,Primary education,Agriculture,Agriculture,Private business or VUP,Oral agreement,36.0,Rural,Kigali city,39000.0
24,Primary education,Skilled trades and operators,Industry,Private business or VUP,Oral agreement,28.0,Rural,Kigali city,86666.664
28,Tertiary education,"Business, management and office work",Services,Private business or VUP,Written contract,57.0,Urban,Kigali city,300000.0
18,Primary education,Elementary and other work,Services,Household,Oral agreement,35.0,Urban,Kigali city,25000.0
22,Lower secondary education,Elementary and other work,Services,Household,Oral agreement,35.0,Urban,Kigali city,30000.0
20,Upper secondary education,Elementary and other work,Services,Household,Oral agreement,65.0,Urban,Kigali city,135000.0
20,Lower secondary education,Elementary and other work,Services,Household,Oral agreement,42.0,Urban,Kigali city,30000.0
23,Lower secondary education,Elementary and other work,Services,Household,Oral agreement,63.0,Urban,Kigali city,30000.0
30,Upper secondary education,Sales and services,Services,Private business or VUP,Oral agreement,72.0,Urban,Kigali city,80000.0
25,Lower secondary education,Elementary and other work,Services,Household,Oral agreement,56.0,Urban,Kigali city,25000.0
18,Upper secondary education,Skilled trades and operators,Industry,Private business or VUP,Oral agreement,54.0,Urban,Kigali city,130000.0
22,Primary education,Elementary and other work,Services,Household,Oral agreement,28.0,Urban,Kigali city,15000.0
18,Primary education,Elementary and other work,Industry,Private business or VUP,Oral agreement,40.0,Urban,Kigali city,104000.0
17,Primary education,Elementary and other work,Services,Household,Oral agreement,35.0,Urban,Kigali city,15000.0
30,Upper secondary education,Elementary and other work,Services,Private business or VUP,Written contract,60.0,Urban,Kigali city,180000.0
21,Lower secondary education,Elementary and other work,Services,Household,Oral agreement,66.0,Urban,Kigali city,20000.0
16,Primary education,Agriculture,Agriculture,Private business or VUP,Oral agreement,21.0,Rural,Southern Province,31200.0
22,Primary education,Agriculture,Agriculture,Private business or VUP,Oral agreement,30.0,Rural,Southern Province,31200.0
22,Lower secondary education,Agriculture,Agriculture,Private business or VUP,Oral agreement,36.0,Rural,Southern Province,26000.0
21,Primary education,Agriculture,Agriculture,Private business or VUP,Oral agreement,35.0,Rural,Southern Province,52000.0
24,Primary education,Agriculture,Agriculture,Private business or VUP,Oral agreement,60.0,Rural,Southern Province,52000.0
26,Primary education,Elementary and other work,Industry,Private business or VUP,Oral agreement,54.0,Rural,Southern Province,39000.0
18,Primary education,Sales and services,Services,Private business or VUP,Oral agreement,63.0,Rural,Southern Province,14000.0
24,Primary education,Sales and services,Services,Private business or VUP,Oral agreement,36.0,Rural,Southern Province,26000.0
18,Primary education,Sales and services,Services,Private business or VUP,Oral agreement,63.0,Rural,Southern Province,12000.0
23,Lower secondary education,Sales and services,Services,Private business or VUP,Oral agreement,63.0,Rural,Southern Province,39000.0
21,Upper secondary education,Elementary and other work,Industry,Private business or VUP,Oral agreement,16.0,Rural,Southern Province,31200.0
19,Primary education,Agriculture,Agriculture,Private business or VUP,Oral agreement,36.0,Rural,Southern Province,26000.0
23,Primary education,Agriculture,Agriculture,Private business or VUP,Oral agreement,12.0,Rural,Southern Province,18200.0
19,Primary education,Agriculture,Agriculture,Private business or VUP,Oral agreement,6.0,Rural,Southern Province,18200.0
27,Primary education,Agriculture,Agriculture,Private business or VUP,Oral agreement,36.0,Rural,Southern Province,26000.0
17,Primary education,Agriculture,Agriculture,Private business or VUP,Written contract,84.0,Rural,Southern Province,15000.0
26,Primary education,Elementary and other work,Services,Private business or VUP,Oral agreement,20.0,Rural,Southern Province,31200.0
19,Primary education,Elementary and other work,Industry,Private business or VUP,Oral agreement,56.0,Rural,Southern Province,65000.0
20,Primary education,Elementary and other work,Services,Private business or VUP,Oral agreement,6.0,Rural,Southern Province,52000.0
27,Upper secondary education,Agriculture,Agriculture,Private business or VUP,Oral agreement,18.0,Rural,Southern Province,31200.0
28,Primary education,Agriculture,Agriculture,Private business or VUP,Oral agreement,10.0,Rural,Southern Province,31200.0
17,Primary education,Agriculture,Agriculture,Private business or VUP,Oral agreement,21.0,Rural,Southern Province,52000.0
19,Upper secondary education,Agriculture,Services,Private business or VUP,Oral agreement,30.0,Rural,Southern Province,52000.0
19,Primary education,Elementary and other work,Services,Household,Oral agreement,63.0,Rural,Southern Province,20000.0
25,Upper secondary education,Elementary and other work,Industry,Private business or VUP,Oral agreement,40.0,Urban,Southern Province,65000.0
20,Lower secondary education,Elementary and other work,Services,Household,Oral agreement,45.0,Urban,Southern Province,20000.0
25,Tertiary education,ICT,Services,Private business or VUP,Oral agreement,40.0,Urban,Southern Province,100000.0
16,Primary education,Agriculture,Industry,Private business or VUP,Oral agreement,14.0,Rural,Southern Province,39000.0
30,Primary education,Agriculture,Agriculture,Private business or VUP,Oral agreement,42.0,Rural,Southern Province,26000.0
21,Primary education,Agriculture,Agriculture,Private business or VUP,Oral agreement,20.0,Rural,Southern Province,26000.0
22,Primary education,Agriculture,Agriculture,Private business or VUP,Oral agreement,36.0,Rural,Southern Province,26000.0
30,Lower secondary education,Agriculture,Agriculture,Private business or VUP,Oral agreement,36.0,Rural,Southern Province,26000.0
19,Primary education,Elementary and other work,Services,Private business or VUP,Oral agreement,6.0,Rural,Southern Province,11700.0
20,Lower secondary education,Agriculture,Agriculture,Private business or VUP,Oral agreement,36.0,Rural,Southern Province,26000.0
22,Primary education,Elementary and other work,Services,Private business or VUP,Oral agreement,36.0,Rural,Southern Province,15600.0
21,Lower secondary education,Elementary and other work,Services,Private business or VUP,Oral agreement,15.0,Rural,Southern Province,13000.0
21,Lower secondary education,Agriculture,Agriculture,Private business or VUP,Oral agreement,25.0,Rural,Southern Province,31200.0
23,Lower secondary education,Agriculture,Agriculture,Private business or VUP,Oral agreement,36.0,Rural,Southern Province,31200.0
18,Primary education,Agriculture,Industry,Other,Oral agreement,45.0,Rural,Southern Province,39000.0
26,Primary education,Agriculture,Agriculture,Private business or VUP,Oral agreement,30.0,Rural,Southern Province,26000.0
16,Primary education,Elementary and other work,Services,Household,Oral agreement,42.0,Rural,Southern Province,8000.0
18,Lower secondary education,Agriculture,Agriculture,Private business or VUP,Oral agreement,12.0,Rural,Southern Province,8666.667
18,Primary education,Skilled trades and operators,Industry,Private business or VUP,Written contract,42.0,Rural,Southern Province,60000.0
18,Lower secondary education,Elementary and other work,Industry,Private business or VUP,Oral agreement,40.0,Urban,Southern Province,65000.0
26,Lower secondary education,Agriculture,Agriculture,Private business or VUP,Oral agreement,12.0,Rural,Southern Province,39000.0
19,Lower secondary education,Agriculture,Industry,Other,Oral agreement,35.0,Rural,Southern Province,31200.0
20,Primary education,Elementary and other work,Services,Private business or VUP,Oral agreement,24.0,Rural,Southern Province,130000.0
27,Lower secondary education,Agriculture,Agriculture,Private business or VUP,Oral agreement,15.0,Rural,Southern Province,31200.0
18,Primary education,Elementary and other work,Services,Household,Oral agreement,35.0,Urban,Southern Province,15000.0
19,Primary education,Elementary and other work,Industry,Private business or VUP,Oral agreement,30.0,Urban,Southern Province,91000.0
24,Primary education,Elementary and other work,Industry,Private business or VUP,Oral agreement,70.0,Urban,Southern Province,78000.0
29,Primary education,Elementary and other work,Industry,Private business or VUP,Oral agreement,10.0,Urban,Southern Province,52000.0
25,Primary education,Elementary and other work,Industry,Private business or VUP,Oral agreement,56.0,Rural,Western Province,78000.0
20,Primary education,Agriculture,Agriculture,Private business or VUP,Oral agreement,36.0,Rural,Western Province,52000.0
19,Lower secondary education,Skilled trades and operators,Services,Private business or VUP,Written contract,15.0,Urban,Western Province,78000.0
17,Primary education,Elementary and other work,Services,Household,Oral agreement,35.0,Rural,Western Province,8000.0
29,Primary education,Agriculture,Agriculture,Private business or VUP,Oral agreement,25.0,Rural,Western Province,26000.0
26,Upper secondary education,"Education, health and social services",Services,Private business or VUP,Oral agreement,25.0,Rural,Western Province,78000.0
23,Primary education,Agriculture,Agriculture,Private business or VUP,Oral agreement,42.0,Rural,Western Province,39000.0
22,Primary education,"Education, health and social services",Services,Public-private enterprise,Oral agreement,20.0,Rural,Western Province,15000.0
17,Primary education,Elementary and other work,Services,Private business or VUP,Oral agreement,15.0,Rural,Western Province,13000.0
18,Primary education,Agriculture,Agriculture,Private business or VUP,Oral agreement,2.0,Rural,Western Province,26000.0
20,Primary education,Skilled trades and operators,Industry,Private business or VUP,Oral agreement,45.0,Rural,Western Province,104000.0
30,Primary education,Agriculture,Agriculture,Private business or VUP,Oral agreement,10.0,Rural,Western Province,26000.0
16,Lower secondary education,Agriculture,Agriculture,Private business or VUP,Oral agreement,16.0,Rural,Western Province,39000.0
21,Primary education,Agriculture,Agriculture,Private business or VUP,Oral agreement,18.0,Rural,Western Province,18200.0
27,Primary education,Agriculture,Industry,Private business or VUP,Oral agreement,28.0,Rural,Western Province,32500.0
25,Primary education,Agriculture,Agriculture,Private business or VUP,Oral agreement,36.0,Rural,Western Province,52000.0
24,Lower secondary education,Agriculture,Agriculture,Private business or VUP,Oral agreement,21.0,Urban,Western Province,52000.0
30,Primary education,Agriculture,Agriculture,Private business or VUP,Oral agreement,30.0,Rural,Western Province,21666.666
19,Primary education,Agriculture,Agriculture,Private business or VUP,Oral agreement,40.0,Rural,Western Province,52000.0
17,Primary education,Elementary and other work,Services,Private business or VUP,Oral agreement,28.0,Rural,Western Province,39000.0
18,Primary education,Agriculture,Agriculture,Private business or VUP,Oral agreement,40.0,Rural,Western Province,26000.0
27,Primary education,Agriculture,Agriculture,Private business or VUP,Oral agreement,36.0,Rural,Western Province,31200.0
27,Primary education,Agriculture,Agriculture,Private business or VUP,Oral agreement,35.0,Urban,Western Province,39000.0
19,Primary education,Elementary and other work,Services,Household,Oral agreement,36.0,Urban,Western Province,20000.0
26,Pre-primary,Elementary and other work,Services,Private business or VUP,Written contract,46.0,Urban,Western Province,45000.0
23,Primary education,Agriculture,Agriculture,Other,Oral agreement,30.0,Rural,Western Province,46800.0
27,Lower secondary education,Agriculture,Agriculture,Private business or VUP,Oral agreement,8.0,Rural,Western Province,26000.0
25,Primary education,Agriculture,Agriculture,Private business or VUP,Oral agreement,35.0,Rural,Western Province,39000.0
29,Primary education,Agriculture,Agriculture,Private business or VUP,Oral agreement,14.0,Rural,Western Province,39000.0
28,Primary education,Agriculture,Agriculture,Private business or VUP,Oral agreement,5.0,Rural,Western Province,52000.0
19,Lower secondary education,Elementary and other work,Industry,Private business or VUP,Oral agreement,48.0,Rural,Western Province,50000.0
26,Primary education,Agriculture,Agriculture,Private business or VUP,Oral agreement,36.0,Rural,Western Province,26000.0
28,Primary education,Agriculture,Agriculture,Private business or VUP,Oral agreement,18.0,Rural,Western Province,17333.334
22,Primary education,Agriculture,Agriculture,Private business or VUP,Oral agreement,6.0,Rural,Western Province,13000.0
21,Primary education,Agriculture,Agriculture,Private business or VUP,Oral agreement,14.0,Rural,Western Province,26000.0
25,No formal education,Agriculture,Agriculture,Private business or VUP,Oral agreement,32.0,Urban,Western Province,26000.0
24,Lower secondary education,Agriculture,Agriculture,Private business or VUP,Oral agreement,16.0,Rural,Western Province,26000.0
25,Upper secondary education,Agriculture,Agriculture,Private business or VUP,Oral agreement,3.0,Rural,Western Province,26000.0
22,Lower secondary education,Elementary and other work,Industry,Private business or VUP,Oral agreement,36.0,Rural,Western Province,52000.0
24,Primary education,Agriculture,Agriculture,Private business or VUP,Oral agreement,22.0,Rural,Western Province,39000.0
27,Primary education,Elementary and other work,Industry,Private business or VUP,Oral agreement,6.0,Urban,Western Province,65000.0
24,Primary education,Agriculture,Agriculture,Private business or VUP,Oral agreement,30.0,Urban,Western Province,39000.0
27,Primary education,Elementary and other work,Industry,Private business or VUP,Oral agreement,12.0,Urban,Western Province,78000.0
30,Primary education,Elementary and other work,Services,Private business or VUP,Oral agreement,6.0,Urban,Western Province,15600.0
21,Primary education,Skilled trades and operators,Services,Private business or VUP,Oral agreement,56.0,Rural,Western Province,25000.0
28,Primary education,Agriculture,Agriculture,Private business or VUP,Oral agreement,18.0,Rural,Western Province,26000.0
21,Upper secondary education,Skilled trades and operators,Industry,Private business or VUP,Oral agreement,30.0,Rural,Western Province,95333.336
18,Primary education,Agriculture,Agriculture,Private business or VUP,Oral agreement,27.0,Rural,Western Province,39000.0
25,Primary education,Agriculture,Agriculture,Private business or VUP,Oral agreement,36.0,Rural,Western Province,39000.0
29,Primary education,Skilled trades and operators,Industry,Private business or VUP,Oral agreement,35.0,Rural,Western Province,60000.0
18,Primary education,Agriculture,Agriculture,Cooperative,Oral agreement,28.0,Rural,Western Province,17333.334
20,Primary education,Sales and services,Services,Private business or VUP,Oral agreement,27.0,Rural,Western Province,52000.0
21,Primary education,Elementary and other work,Industry,Private business or VUP,Oral agreement,66.0,Rural,Western Province,65000.0
30,Tertiary education,Elementary and other work,Services,NGO or international organisation,Written contract,40.0,Rural,Northern Province,92000.0
24,Lower secondary education,Elementary and other work,Industry,Private business or VUP,Oral agreement,50.0,Rural,Northern Province,65000.0
25,No formal education,Elementary and other work,Services,Household,Oral agreement,45.0,Rural,Northern Province,24000.0
30,Primary education,Agriculture,Agriculture,Private business or VUP,Oral agreement,18.0,Rural,Northern Province,26000.0
28,Primary education,Agriculture,Agriculture,Private business or VUP,Oral agreement,15.0,Rural,Northern Province,26000.0
22,Primary education,Agriculture,Agriculture,Private business or VUP,Oral agreement,21.0,Rural,Northern Province,182000.0
18,Primary education,Agriculture,Agriculture,Private business or VUP,Oral agreement,36.0,Rural,Northern Province,15000.0
25,Primary education,Agriculture,Agriculture,Private business or VUP,Oral agreement,18.0,Rural,Northern Province,26000.0
19,Primary education,Agriculture,Agriculture,Private business or VUP,Oral agreement,30.0,Rural,Northern Province,26000.0
24,Primary education,Skilled trades and operators,Industry,Private business or VUP,Oral agreement,46.0,Urban,Northern Province,26000.0
26,Upper secondary education,ICT,Services,Public institution,Written contract,70.0,Urban,Northern Province,180000.0
27,Lower secondary education,Elementary and other work,Services,Household,Oral agreement,70.0,Urban,Northern Province,17000.0
17,Primary education,Elementary and other work,Services,Household,Oral agreement,70.0,Urban,Northern Province,20000.0
17,Primary education,Elementary and other work,Services,Household,Oral agreement,54.0,Urban,Northern Province,15000.0
22,Upper secondary education,Elementary and other work,Industry,Private business or VUP,Oral agreement,45.0,Rural,Northern Province,52000.0
18,Primary education,Elementary and other work,Industry,Private business or VUP,Oral agreement,27.0,Rural,Northern Province,78000.0
17,Primary education,Sales and services,Agriculture,Private business or VUP,Oral agreement,42.0,Rural,Northern Province,20000.0
19,Primary education,Agriculture,Agriculture,Private business or VUP,Oral agreement,48.0,Rural,Northern Province,52000.0
26,Primary education,Agriculture,Agriculture,Private business or VUP,Oral agreement,16.0,Rural,Northern Province,52000.0
28,Upper secondary education,Elementary and other work,Industry,Private business or VUP,Oral agreement,27.0,Rural,Northern Province,78000.0
28,Primary education,Elementary and other work,Industry,Private business or VUP,Oral agreement,40.0,Rural,Northern Province,78000.0
23,Lower secondary education,Agriculture,Agriculture,Private business or VUP,Oral agreement,24.0,Rural,Northern Province,39000.0
30,Lower secondary education,Agriculture,Agriculture,Private business or VUP,Oral agreement,30.0,Rural,Northern Province,52000.0
20,Primary education,Agriculture,Agriculture,Private business or VUP,Oral agreement,24.0,Rural,Northern Province,33800.0
26,Primary education,Agriculture,Agriculture,Private business or VUP,Oral agreement,36.0,Rural,Northern Province,26000.0
30,Primary education,Agriculture,Agriculture,Private business or VUP,Oral agreement,10.0,Rural,Northern Province,26000.0
22,Upper secondary education,Agriculture,Agriculture,Private business or VUP,Oral agreement,42.0,Rural,Northern Province,20800.0
22,Primary education,Elementary and other work,Industry,Private business or VUP,Oral agreement,30.0,Rural,Northern Province,52000.0
19,Primary education,Agriculture,Agriculture,Private business or VUP,Oral agreement,15.0,Rural,Northern Province,13000.0
16,Lower secondary education,Agriculture,Agriculture,Private business or VUP,Oral agreement,15.0,Rural,Northern Province,13000.0
28,Lower secondary education,Agriculture,Agriculture,Private business or VUP,Oral agreement,24.0,Rural,Northern Province,26000.0
28,Lower secondary education,Agriculture,Agriculture,Private business or VUP,Oral agreement,12.0,Rural,Northern Province,26000.0
26,Upper secondary education,Agriculture,Agriculture,Other,Oral agreement,10.0,Rural,Northern Province,26000.0
20,Primary education,Elementary and other work,Industry,Private business or VUP,Oral agreement,45.0,Rural,Northern Province,39000.0
26,Primary education,Agriculture,Agriculture,Private business or VUP,Oral agreement,30.0,Rural,Northern Province,23833.334
21,Primary education,Agriculture,Agriculture,Private business or VUP,Oral agreement,15.0,Rural,Northern Province,18200.0
19,Primary education,Elementary and other work,Services,Household,Oral agreement,42.0,Urban,Eastern Province,20000.0
17,Lower secondary education,Elementary and other work,Services,Household,Oral agreement,43.0,Urban,Eastern Province,15000.0
16,Primary education,Elementary and other work,Services,Household,Oral agreement,42.0,Urban,Eastern Province,20000.0
21,Primary education,Agriculture,Agriculture,Private business or VUP,Oral agreement,25.0,Rural,Eastern Province,31200.0
25,Primary education,Elementary and other work,Industry,Private business or VUP,Oral agreement,35.0,Rural,Eastern Province,78000.0
23,No formal education,Elementary and other work,Industry,Private business or VUP,Oral agreement,72.0,Urban,Eastern Province,70000.0
24,Primary education,Elementary and other work,Services,Household,Oral agreement,54.0,Urban,Eastern Province,40000.0
23,Primary education,Agriculture,Agriculture,Private business or VUP,Oral agreement,54.0,Urban,Eastern Province,20000.0
30,Upper secondary education,Elementary and other work,Services,Private business or VUP,Oral agreement,36.0,Urban,Eastern Province,52000.0
21,Upper secondary education,"Education, health and social services",Services,Public institution,Written contract,40.0,Urban,Eastern Province,100000.0
26,Primary education,Sales and services,Services,Private business or VUP,Oral agreement,36.0,Urban,Eastern Province,70000.0
24,Primary education,Agriculture,Agriculture,Private business or VUP,Oral agreement,24.0,Rural,Eastern Province,26000.0
28,Primary education,Agriculture,Agriculture,Private business or VUP,Oral agreement,36.0,Rural,Eastern Province,31200.0
22,Primary education,Agriculture,Agriculture,Private business or VUP,Oral agreement,10.0,Rural,Eastern Province,20800.0
22,Primary education,Agriculture,Agriculture,Private business or VUP,Oral agreement,21.0,Rural,Eastern Province,31200.0
17,Primary education,Elementary and other work,Services,Household,Oral agreement,70.0,Urban,Eastern Province,13000.0
24,Primary education,Agriculture,Agriculture,Private business or VUP,Oral agreement,30.0,Rural,Eastern Province,78000.0
27,Primary education,Agriculture,Agriculture,Private business or VUP,Oral agreement,18.0,Rural,Eastern Province,39000.0
20,Primary education,Agriculture,Agriculture,Private business or VUP,Oral agreement,30.0,Rural,Eastern Province,39000.0
22,Primary education,Agriculture,Agriculture,Private business or VUP,Oral agreement,49.0,Rural,Eastern Province,30000.0
18,Primary education,Agriculture,Agriculture,Private business or VUP,Oral agreement,54.0,Rural,Eastern Province,15000.0
28,Primary education,Agriculture,Agriculture,Private business or VUP,Oral agreement,5.0,Rural,Eastern Province,26000.0
29,Primary education,Elementary and other work,Industry,Private business or VUP,Oral agreement,36.0,Rural,Eastern Province,39000.0
29,Primary education,Agriculture,Agriculture,Private business or VUP,Oral agreement,36.0,Rural,Eastern Province,26000.0
22,Primary education,Agriculture,Agriculture,Private business or VUP,Oral agreement,25.0,Rural,Eastern Province,26000.0
24,No formal education,Agriculture,Agriculture,Private business or VUP,Oral agreement,70.0,Rural,Eastern Province,260000.0
27,No formal education,Elementary and other work,Services,Household,Oral agreement,48.0,Urban,Eastern Province,15000.0
17,Primary education,Agriculture,Agriculture,Private business or VUP,Oral agreement,25.0,Rural,Eastern Province,26000.0
17,Primary education,Elementary and other work,Industry,Private business or VUP,Oral agreement,27.0,Rural,Eastern Province,52000.0
18,Primary education,Agriculture,Agriculture,Private business or VUP,Oral agreement,35.0,Rural,Eastern Province,26000.0
30,Tertiary education,ICT,Services,Public institution,Written contract,63.0,Rural,Eastern Province,70000.0
18,Upper secondary education,Elementary and other work,Services,Household,Oral agreement,48.0,Rural,Eastern Province,20000.0
18,Primary education,Elementary and other work,Industry,Private business or VUP,Oral agreement,24.0,Rural,Eastern Province,78000.0
19,Primary education,Agriculture,Agriculture,Private business or VUP,Oral agreement,10.0,Rural,Eastern Province,39000.0
22,Primary education,Agriculture,Agriculture,Private business or VUP,Oral agreement,35.0,Rural,Eastern Province,52000.0
16,Primary education,Elementary and other work,Services,Private business or VUP,Oral agreement,24.0,Rural,Eastern Province,15000.0
17,Primary education,Skilled trades and operators,Industry,Private business or VUP,Oral agreement,54.0,Rural,Eastern Province,52000.0
20,Primary education,Agriculture,Agriculture,Private business or VUP,Oral agreement,40.0,Rural,Eastern Province,18200.0
23,Primary education,Agriculture,Agriculture,Private business or VUP,Oral agreement,12.0,Rural,Eastern Province,26000.0
25,Primary education,Agriculture,Agriculture,Private business or VUP,Oral agreement,24.0,Rural,Eastern Province,20800.0
21,Primary education,Agriculture,Agriculture,Private business or VUP,Oral agreement,42.0,Rural,Eastern Province,20800.0
18,Primary education,Agriculture,Agriculture,Private business or VUP,Oral agreement,10.0,Rural,Eastern Province,18200.0
26,Primary education,Agriculture,Agriculture,Private business or VUP,Oral agreement,42.0,Rural,Eastern Province,12000.0
25,Primary education,Agriculture,Agriculture,Private business or VUP,Oral agreement,15.0,Rural,Eastern Province,26000.0
19,Lower secondary education,Agriculture,Agriculture,Private business or VUP,Oral agreement,16.0,Rural,Eastern Province,26000.0
18,Primary education,Agriculture,Agriculture,Private business or VUP,Oral agreement,36.0,Rural,Eastern Province,18200.0
22,Primary education,Agriculture,Agriculture,Private business or VUP,Oral agreement,36.0,Rural,Eastern Province,13000.0
22,Primary education,Agriculture,Agriculture,Private business or VUP,Oral agreement,36.0,Rural,Eastern Province,13000.0
17,Primary education,Agriculture,Agriculture,Private business or VUP,Oral agreement,40.0,Rural,Eastern Province,15600.0
28,Primary education,Agriculture,Agriculture,Private business or VUP,Oral agreement,30.0,Rural,Eastern Province,13000.0
19,Primary education,Elementary and other work,Industry,Private business or VUP,Oral agreement,54.0,Rural,Eastern Province,65000.0
27,Primary education,Agriculture,Agriculture,Private business or VUP,Oral agreement,40.0,Rural,Eastern Province,39000.0
25,Tertiary education,"Education, health and social services",Services,Public institution,Written contract,40.0,Rural,Eastern Province,200000.0
27,Primary education,Agriculture,Agriculture,Private business or VUP,Oral agreement,7.0,Rural,Eastern Province,52000.0
30,Upper secondary education,Sales and services,Services,Private business or VUP,Oral agreement,63.0,Rural,Eastern Province,30000.0
22,Lower secondary education,Sales and services,Services,Private business or VUP,Oral agreement,54.0,Rural,Eastern Province,20000.0
20,Lower secondary education,Elementary and other work,Industry,Private business or VUP,Oral agreement,40.0,Rural,Eastern Province,104000.0
30,Primary education,Agriculture,Agriculture,Private business or VUP,Oral agreement,36.0,Rural,Eastern Province,31200.0
29,Primary education,Agriculture,Agriculture,Private business or VUP,Oral agreement,36.0,Urban,Eastern Province,39000.0
22,Primary education,Elementary and other work,Services,Household,Oral agreement,42.0,Urban,Eastern Province,25000.0
22,Primary education,Elementary and other work,Services,Household,Oral agreement,7.0,Urban,Eastern Province,20000.0
30,Primary education,Skilled trades and operators,Services,Private business or VUP,Oral agreement,78.0,Urban,Eastern Province,150000.0
24,Primary education,Elementary and other work,Industry,Private business or VUP,Oral agreement,27.0,Urban,Eastern Province,78000.0
28,Primary education,Elementary and other work,Industry,Private business or VUP,Oral agreement,27.0,Urban,Eastern Province,78000.0
28,Primary education,Elementary and other work,Services,Private business or VUP,Oral agreement,2.0,Urban,Kigali city,39000.0
24,Lower secondary education,Skilled trades and operators,Services,Private business or VUP,Oral agreement,45.0,Urban,Kigali city,130000.0
25,Upper secondary education,Sales and services,Services,Private business or VUP,Oral agreement,45.0,Urban,Kigali city,20000.0
24,Upper secondary education,"Education, health and social services",Services,Private business or VUP,Written contract,25.0,Urban,Kigali city,80000.0
23,Tertiary education,"Business, management and office work",Services,Private business or VUP,Written contract,40.0,Urban,Kigali city,130000.0
22,Primary education,Elementary and other work,Services,Household,Oral agreement,50.0,Urban,Kigali city,30000.0
19,Primary education,Elementary and other work,Services,Household,Oral agreement,42.0,Urban,Kigali city,15000.0
22,Primary education,Skilled trades and operators,Industry,Private business or VUP,Oral agreement,54.0,Urban,Kigali city,260000.0
30,Lower secondary education,Skilled trades and operators,Industry,Private business or VUP,Oral agreement,44.0,Urban,Kigali city,260000.0
17,Primary education,Elementary and other work,Services,Household,Oral agreement,35.0,Urban,Kigali city,25000.0
26,Upper secondary education,Skilled trades and operators,Industry,Private business or VUP,Oral agreement,78.0,Urban,Kigali city,312000.0
26,Upper secondary education,Elementary and other work,Industry,Private business or VUP,Oral agreement,49.0,Urban,Kigali city,78000.0
17,Lower secondary education,Elementary and other work,Services,Household,Oral agreement,42.0,Urban,Kigali city,15000.0
22,Lower secondary education,Sales and services,Services,Private business or VUP,Oral agreement,38.0,Urban,Kigali city,100000.0
25,Lower secondary education,Sales and services,Services,Private business or VUP,Oral agreement,38.0,Urban,Kigali city,100000.0
20,Lower secondary education,Sales and services,Services,Private business or VUP,Oral agreement,48.0,Urban,Kigali city,100000.0
20,Lower secondary education,Sales and services,Services,Private business or VUP,Written contract,48.0,Urban,Kigali city,150000.0
20,Lower secondary education,Elementary and other work,Services,Household,Oral agreement,42.0,Urban,Kigali city,30000.0
22,Lower secondary education,Elementary and other work,Services,Household,Oral agreement,35.0,Urban,Kigali city,20000.0
24,Primary education,Elementary and other work,Industry,Private business or VUP,Oral agreement,27.0,Urban,Kigali city,91000.0
21,Primary education,Elementary and other work,Services,Household,Oral agreement,42.0,Urban,Kigali city,15000.0
30,Primary education,Sales and services,Services,Private business or VUP,Oral agreement,27.0,Urban,Kigali city,130000.0
19,Primary education,Elementary and other work,Services,Private business or VUP,Oral agreement,70.0,Urban,Kigali city,50000.0
19,Primary education,Elementary and other work,Services,Household,Oral agreement,48.0,Urban,Kigali city,20000.0
18,Primary education,Skilled trades and operators,Industry,Private business or VUP,Oral agreement,56.0,Urban,Kigali city,30000.0
26,Lower secondary education,Skilled trades and operators,Industry,Private business or VUP,Oral agreement,32.0,Urban,Kigali city,156000.0
19,Upper secondary education,Elementary and other work,Services,Household,Oral agreement,56.0,Urban,Kigali city,20000.0
26,Tertiary education,"Business, management and office work",Services,Public-private enterprise,Written contract,40.0,Urban,Kigali city,240000.0
22,Primary education,Elementary and other work,Services,Household,Oral agreement,56.0,Urban,Kigali city,20000.0
21,Upper secondary education,Sales and services,Services,Private business or VUP,Oral agreement,42.0,Urban,Kigali city,140000.0
20,Upper secondary education,Sales and services,Services,Private business or VUP,Oral agreement,54.0,Urban,Kigali city,80000.0
25,Primary education,Elementary and other work,Services,Household,Oral agreement,49.0,Urban,Kigali city,20000.0
19,Primary education,Elementary and other work,Services,Household,Oral agreement,56.0,Urban,Kigali city,20000.0
20,Primary education,Elementary and other work,Services,Household,Oral agreement,70.0,Urban,Kigali city,30000.0
22,Primary education,Sales and services,Services,Public institution,Oral agreement,40.0,Rural,Southern Province,25000.0
19,Primary education,Elementary and other work,Services,Household,Oral agreement,48.0,Rural,Southern Province,13000.0
20,Primary education,Agriculture,Agriculture,Private business or VUP,Oral agreement,30.0,Rural,Southern Province,26000.0
17,Lower secondary education,Agriculture,Agriculture,Private business or VUP,Oral agreement,36.0,Rural,Southern Province,31200.0
24,Upper secondary education,Agriculture,Agriculture,Private business or VUP,Oral agreement,36.0,Rural,Southern Province,31200.0
21,Primary education,Sales and services,Services,Public institution,Written contract,50.0,Rural,Southern Province,23000.0
23,Primary education,Agriculture,Agriculture,Private business or VUP,Oral agreement,49.0,Rural,Southern Province,20000.0
26,Primary education,Agriculture,Agriculture,Private business or VUP,Oral agreement,42.0,Rural,Southern Province,26000.0
18,Lower secondary education,Elementary and other work,Industry,Private business or VUP,Oral agreement,40.0,Rural,Southern Province,52000.0
26,Primary education,Agriculture,Agriculture,Private business or VUP,Oral agreement,24.0,Rural,Southern Province,26000.0
24,Primary education,Agriculture,Agriculture,Private business or VUP,Oral agreement,24.0,Rural,Southern Province,26000.0
19,Primary education,Sales and services,Services,Private business or VUP,Oral agreement,60.0,Rural,Southern Province,15000.0
30,Upper secondary education,Agriculture,Agriculture,Private business or VUP,Oral agreement,60.0,Rural,Southern Province,45066.668
23,Primary education,Agriculture,Agriculture,Private business or VUP,Oral agreement,30.0,Rural,Southern Province,31200.0
21,Primary education,Agriculture,Agriculture,Private business or VUP,Oral agreement,18.0,Rural,Southern Province,26000.0
16,Primary education,Sales and services,Services,Private business or VUP,Oral agreement,24.0,Rural,Southern Province,19500.0
20,Upper secondary education,Sales and services,Services,Private business or VUP,Oral agreement,72.0,Rural,Southern Province,20000.0
20,Primary education,Elementary and other work,Industry,Private business or VUP,Oral agreement,30.0,Rural,Southern Province,26000.0
28,Primary education,Agriculture,Agriculture,Private business or VUP,Oral agreement,15.0,Rural,Southern Province,26000.0
24,Upper secondary education,"Education, health and social services",Services,Private business or VUP,Oral agreement,35.0,Rural,Southern Province,25000.0
19,Lower secondary education,Elementary and other work,Services,Household,Oral agreement,70.0,Rural,Southern Province,13000.0
25,Upper secondary education,Sales and services,Services,Private business or VUP,Oral agreement,25.0,Rural,Southern Province,26000.0
24,Primary education,Sales and services,Services,Private business or VUP,Oral agreement,70.0,Rural,Southern Province,25000.0
30,No formal education,Elementary and other work,Industry,Private business or VUP,Oral agreement,30.0,Rural,Southern Province,26000.0
20,Primary education,Elementary and other work,Services,Private business or VUP,Oral agreement,35.0,Rural,Southern Province,39000.0
30,Primary education,Agriculture,Agriculture,Private business or VUP,Oral agreement,30.0,Rural,Southern Province,31200.0
22,Lower secondary education,Agriculture,Agriculture,Private business or VUP,Oral agreement,20.0,Rural,Southern Province,26000.0
20,Lower secondary education,Agriculture,Agriculture,Private business or VUP,Oral agreement,20.0,Rural,Southern Province,26000.0
28,Lower secondary education,Agriculture,Agriculture,Private business or VUP,Oral agreement,36.0,Rural,Southern Province,26000.0
20,Primary education,Elementary and other work,Services,Private business or VUP,Oral agreement,35.0,Rural,Southern Province,39000.0
20,Primary education,Elementary and other work,Industry,Private business or VUP,Oral agreement,6.0,Rural,Southern Province,52000.0
24,Primary education,Agriculture,Agriculture,Private business or VUP,Oral agreement,36.0,Rural,Southern Province,26000.0
28,Primary education,Elementary and other work,Industry,Private business or VUP,Oral agreement,39.0,Rural,Southern Province,52000.0
28,Primary education,Agriculture,Agriculture,Other,Oral agreement,35.0,Rural,Southern Province,52000.0
21,Lower secondary education,Elementary and other work,Services,Household,Oral agreement,48.0,Rural,Southern Province,15000.0
27,Lower secondary education,Elementary and other work,Industry,Private business or VUP,Oral agreement,30.0,Rural,Southern Province,52000.0
30,Upper secondary education,Elementary and other work,Industry,Private business or VUP,Oral agreement,40.0,Rural,Southern Province,39000.0
21,Tertiary education,"Business, management and office work",Industry,Private business or VUP,Oral agreement,45.0,Rural,Southern Province,60000.0
24,Upper secondary education,Skilled trades and operators,Industry,Private business or VUP,Oral agreement,18.0,Rural,Southern Province,104000.0
21,Lower secondary education,Elementary and other work,Services,Private business or VUP,Oral agreement,45.0,Rural,Southern Province,20000.0
18,Lower secondary education,Skilled trades and operators,Industry,Private business or VUP,Oral agreement,66.0,Rural,Southern Province,30000.0
26,Upper secondary education,Elementary and other work,Services,Household,Oral agreement,60.0,Urban,Southern Province,20000.0
24,Upper secondary education,Sales and services,Services,Private business or VUP,Written contract,58.0,Rural,Southern Province,45000.0
17,Lower secondary education,Agriculture,Agriculture,Private business or VUP,Oral agreement,20.0,Rural,Southern Province,130000.0
24,Primary education,Elementary and other work,Services,Household,Oral agreement,72.0,Urban,Southern Province,12000.0
18,Primary education,Elementary and other work,Services,Household,Oral agreement,63.0,Urban,Southern Province,20000.0
23,Upper secondary education,Sales and services,Services,Private business or VUP,Oral agreement,54.0,Urban,Southern Province,100000.0
17,Primary education,Elementary and other work,Industry,Private business or VUP,Oral agreement,36.0,Urban,Southern Province,91000.0
27,Primary education,Elementary and other work,Industry,Private business or VUP,Oral agreement,35.0,Urban,Southern Province,52000.0
30,Primary education,Agriculture,Agriculture,Private business or VUP,Oral agreement,12.0,Rural,Western Province,26000.0
22,Primary education,Sales and services,Services,Private business or VUP,Oral agreement,30.0,Rural,Western Province,30000.0
28,Upper secondary education,Agriculture,Agriculture,Private business or VUP,Oral agreement,20.0,Rural,Western Province,26000.0
29,Primary education,Agriculture,Agriculture,Private business or VUP,Oral agreement,25.0,Rural,Western Province,21666.666
22,Primary education,Agriculture,Agriculture,Private business or VUP,Oral agreement,18.0,Rural,Western Province,39000.0
18,No formal education,Elementary and other work,Services,Household,Oral agreement,28.0,Rural,Western Province,10000.0
17,Primary education,Agriculture,Agriculture,Private business or VUP,Oral agreement,35.0,Rural,Western Province,39000.0
30,Primary education,Agriculture,Agriculture,Private business or VUP,Oral agreement,28.0,Rural,Western Province,27733.334
30,Primary education,Agriculture,Agriculture,Private business or VUP,Oral agreement,21.0,Rural,Western Province,15166.667
18,Primary education,Agriculture,Agriculture,Private business or VUP,Oral agreement,48.0,Rural,Western Province,8000.0
22,Lower secondary education,Elementary and other work,Services,Private business or VUP,Oral agreement,28.0,Rural,Western Province,52000.0
29,Primary education,Agriculture,Agriculture,Other,Oral agreement,25.0,Rural,Western Province,46800.0
19,Lower secondary education,Elementary and other work,Services,Private business or VUP,Oral agreement,15.0,Rural,Western Province,39000.0
29,Primary education,Agriculture,Agriculture,Private business or VUP,Oral agreement,35.0,Rural,Western Province,26000.0
21,Lower secondary education,Elementary and other work,Services,Private business or VUP,Oral agreement,34.0,Rural,Western Province,52000.0
25,Primary education,Elementary and other work,Services,Private business or VUP,Oral agreement,40.0,Rural,Western Province,26000.0
30,Upper secondary education,Science and engineering,Services,Private business or VUP,Oral agreement,2.0,Urban,Western Province,130000.0
19,No formal education,Elementary and other work,Services,Private business or VUP,Oral agreement,14.0,Urban,Western Province,46800.0
26,Lower secondary education,Agriculture,Agriculture,Private business or VUP,Oral agreement,27.0,Rural,Western Province,26000.0
24,Primary education,Elementary and other work,Services,Private business or VUP,Oral agreement,21.0,Urban,Western Province,52000.0
23,Lower secondary education,Elementary and other work,Industry,Cooperative,Oral agreement,54.0,Rural,Western Province,39000.0
18,Lower secondary education,Elementary and other work,Industry,Private business or VUP,Oral agreement,36.0,Urban,Western Province,65000.0
17,Primary education,Elementary and other work,Services,Household,Oral agreement,42.0,Urban,Western Province,15000.0
20,Primary education,Elementary and other work,Services,Private business or VUP,Oral agreement,18.0,Urban,Western Province,39000.0
24,No formal education,Agriculture,Agriculture,Private business or VUP,Oral agreement,30.0,Urban,Western Province,20000.0
24,Primary education,Elementary and other work,Industry,Private business or VUP,Oral agreement,7.0,Urban,Western Province,52000.0
19,Lower secondary education,Agriculture,Agriculture,Private business or VUP,Oral agreement,30.0,Urban,Western Province,39000.0
20,Lower secondary education,Sales and services,Services,Private business or VUP,Oral agreement,60.0,Urban,Western Province,39000.0
22,Lower secondary education,Elementary and other work,Services,Private business or VUP,Oral agreement,4.0,Urban,Western Province,52000.0
19,Primary education,Agriculture,Agriculture,Private business or VUP,Oral agreement,18.0,Urban,Western Province,39000.0
17,Primary education,Agriculture,Agriculture,Private business or VUP,Written contract,42.0,Rural,Western Province,14166.667
17,Primary education,Agriculture,Agriculture,Private business or VUP,Oral agreement,30.0,Rural,Western Province,26000.0
30,Primary education,Agriculture,Agriculture,Private business or VUP,Oral agreement,15.0,Rural,Western Province,20800.0
23,Upper secondary education,Sales and services,Services,Private business or VUP,Oral agreement,40.0,Rural,Western Province,26000.0
20,Lower secondary education,Agriculture,Agriculture,Private business or VUP,Oral agreement,15.0,Rural,Western Province,26000.0
21,Primary education,Agriculture,Agriculture,Private business or VUP,Oral agreement,32.0,Rural,Western Province,8000.0
16,Primary education,Agriculture,Agriculture,Private business or VUP,Oral agreement,40.0,Rural,Western Province,26000.0
18,Lower secondary education,Agriculture,Agriculture,Private business or VUP,Oral agreement,2.0,Rural,Western Province,13000.0
30,Primary education,Agriculture,Agriculture,Private business or VUP,Oral agreement,24.0,Rural,Western Province,31200.0
22,Primary education,Agriculture,Agriculture,Private business or VUP,Oral agreement,35.0,Urban,Western Province,19500.0
17,Primary education,Skilled trades and operators,Services,Private business or VUP,Oral agreement,4.0,Urban,Western Province,52000.0
26,Primary education,Agriculture,Agriculture,Private business or VUP,Oral agreement,12.0,Urban,Western Province,21666.666
25,Primary education,Agriculture,Agriculture,Private business or VUP,Oral agreement,8.0,Rural,Western Province,39000.0
25,Upper secondary education,Agriculture,Agriculture,Private business or VUP,Oral agreement,9.0,Rural,Western Province,31200.0
21,Lower secondary education,Sales and services,Services,Private business or VUP,Oral agreement,50.0,Rural,Western Province,39000.0
28,Primary education,Agriculture,Agriculture,Private business or VUP,Oral agreement,28.0,Rural,Western Province,39000.0
27,Primary education,Agriculture,Agriculture,Private business or VUP,Oral agreement,18.0,Rural,Western Province,26000.0
23,Primary education,Agriculture,Agriculture,Private business or VUP,Oral agreement,35.0,Rural,Western Province,31200.0
27,Primary education,Agriculture,Agriculture,Private business or VUP,Oral agreement,60.0,Rural,Western Province,25000.0
21,Primary education,Agriculture,Agriculture,Private business or VUP,Oral agreement,60.0,Rural,Western Province,25000.0
22,Lower secondary education,Agriculture,Industry,Private business or VUP,Oral agreement,35.0,Rural,Western Province,25000.0
30,Primary education,Agriculture,Agriculture,Private business or VUP,Oral agreement,21.0,Rural,Western Province,39000.0
16,Primary education,Elementary and other work,Services,Household,Oral agreement,45.0,Rural,Western Province,15000.0
28,Primary education,Agriculture,Agriculture,Private business or VUP,Oral agreement,35.0,Rural,Western Province,39000.0
16,Primary education,Elementary and other work,Services,Private business or VUP,Oral agreement,12.0,Rural,Western Province,26000.0
23,Primary education,Agriculture,Agriculture,Private business or VUP,Oral agreement,10.0,Rural,Northern Province,31200.0
17,Lower secondary education,Agriculture,Agriculture,Private business or VUP,Oral agreement,6.0,Rural,Northern Province,39000.0
29,Primary education,Agriculture,Agriculture,Private business or VUP,Oral agreement,6.0,Rural,Northern Province,26000.0
16,Primary education,Elementary and other work,Services,Household,Oral agreement,30.0,Rural,Northern Province,20000.0
27,Primary education,Agriculture,Agriculture,Private business or VUP,Oral agreement,10.0,Rural,Northern Province,26000.0
30,Lower secondary education,Sales and services,Services,Private business or VUP,Oral agreement,35.0,Rural,Northern Province,13000.0
20,Lower secondary education,Agriculture,Agriculture,Private business or VUP,Oral agreement,35.0,Rural,Northern Province,39000.0
24,Lower secondary education,Elementary and other work,Industry,Private business or VUP,Oral agreement,45.0,Rural,Northern Province,65000.0
19,No formal education,Elementary and other work,Industry,Private business or VUP,Oral agreement,50.0,Urban,Northern Province,65000.0
23,Upper secondary education,"Education, health and social services",Services,Private business or VUP,Written contract,51.0,Urban,Northern Province,150000.0
26,Primary education,Agriculture,Agriculture,Private business or VUP,Oral agreement,12.0,Rural,Northern Province,26000.0
20,Lower secondary education,Agriculture,Agriculture,Private business or VUP,Oral agreement,6.0,Rural,Northern Province,26000.0
28,Lower secondary education,Agriculture,Agriculture,Private business or VUP,Oral agreement,18.0,Rural,Northern Province,26000.0
24,Primary education,Agriculture,Agriculture,Private business or VUP,Oral agreement,24.0,Rural,Northern Province,26000.0
28,Upper secondary education,Skilled trades and operators,Industry,Private business or VUP,Oral agreement,27.0,Urban,Northern Province,208000.0
30,Upper secondary education,Agriculture,Agriculture,Private business or VUP,Oral agreement,18.0,Urban,Northern Province,52000.0
29,Lower secondary education,Skilled trades and operators,Industry,Private business or VUP,Oral agreement,20.0,Urban,Northern Province,117000.0
29,Primary education,Skilled trades and operators,Industry,Private business or VUP,Oral agreement,54.0,Urban,Northern Province,104000.0
24,Upper secondary education,Agriculture,Agriculture,Private business or VUP,Oral agreement,8.0,Rural,Northern Province,39000.0
30,Primary education,Agriculture,Agriculture,Private business or VUP,Oral agreement,12.0,Rural,Northern Province,26000.0
30,Upper secondary education,Agriculture,Agriculture,Private business or VUP,Oral agreement,12.0,Rural,Northern Province,39000.0
20,Lower secondary education,Elementary and other work,Industry,Private business or VUP,Oral agreement,56.0,Rural,Northern Province,78000.0
30,Tertiary education,"Education, health and social services",Services,Public institution,Written contract,40.0,Rural,Northern Province,200000.0
29,Primary education,Elementary and other work,Industry,Private business or VUP,Oral agreement,66.0,Rural,Northern Province,31200.0
23,Primary education,Agriculture,Agriculture,Private business or VUP,Oral agreement,35.0,Rural,Northern Province,20000.0
27,Primary education,Agriculture,Agriculture,Private business or VUP,Oral agreement,18.0,Rural,Northern Province,26000.0
24,Primary education,Agriculture,Agriculture,Private business or VUP,Oral agreement,18.0,Rural,Northern Province,26000.0
18,Primary education,Agriculture,Agriculture,Private business or VUP,Oral agreement,15.0,Rural,Northern Province,26000.0
30,Upper secondary education,Skilled trades and operators,Services,Private business or VUP,Oral agreement,10.0,Urban,Eastern Province,52000.0
27,Primary education,Elementary and other work,Industry,Private business or VUP,Oral agreement,40.0,Urban,Eastern Province,52000.0
29,Lower secondary education,Elementary and other work,Services,Private business or VUP,Oral agreement,24.0,Urban,Eastern Province,52000.0
18,Primary education,Elementary and other work,Services,Household,Oral agreement,42.0,Urban,Eastern Province,10000.0
20,Primary education,Elementary and other work,Industry,Private business or VUP,Oral agreement,42.0,Rural,Eastern Province,20000.0
18,Primary education,Elementary and other work,Services,Household,Oral agreement,77.0,Urban,Eastern Province,15000.0
21,Primary education,Elementary and other work,Services,Household,Oral agreement,70.0,Urban,Eastern Province,40000.0
23,Primary education,Sales and services,Services,Private business or VUP,Oral agreement,70.0,Urban,Eastern Province,35000.0
25,Lower secondary education,Agriculture,Agriculture,Private business or VUP,Oral agreement,30.0,Rural,Eastern Province,39000.0
22,Lower secondary education,Agriculture,Agriculture,Private business or VUP,Oral agreement,10.0,Rural,Eastern Province,39000.0
22,No formal education,Agriculture,Agriculture,Private business or VUP,Oral agreement,36.0,Rural,Eastern Province,31200.0
24,Primary education,Agriculture,Agriculture,Private business or VUP,Oral agreement,18.0,Rural,Eastern Province,31200.0
21,Tertiary education,Skilled trades and operators,Industry,Private business or VUP,Oral agreement,42.0,Rural,Eastern Province,25000.0
21,Primary education,Agriculture,Agriculture,Private business or VUP,Oral agreement,42.0,Rural,Eastern Province,15000.0
16,Primary education,Agriculture,Agriculture,Private business or VUP,Oral agreement,42.0,Rural,Eastern Province,15000.0
17,No formal education,Agriculture,Agriculture,Private business or VUP,Oral agreement,36.0,Rural,Eastern Province,20800.0
16,Primary education,Elementary and other work,Services,Household,Oral agreement,63.0,Rural,Eastern Province,7000.0
28,Primary education,Agriculture,Agriculture,Private business or VUP,Oral agreement,30.0,Rural,Eastern Province,13000.0
25,Primary education,Agriculture,Agriculture,Private business or VUP,Oral agreement,36.0,Urban,Eastern Province,26000.0
29,Primary education,Agriculture,Agriculture,Private business or VUP,Oral agreement,30.0,Urban,Eastern Province,26000.0
27,Primary education,Agriculture,Agriculture,Private business or VUP,Oral agreement,24.0,Urban,Eastern Province,26000.0
30,Primary education,Agriculture,Agriculture,Private business or VUP,Oral agreement,36.0,Rural,Eastern Province,26000.0
17,Primary education,Elementary and other work,Services,Household,Oral agreement,35.0,Urban,Eastern Province,15000.0
21,Lower secondary education,Agriculture,Agriculture,Private business or VUP,Oral agreement,30.0,Rural,Eastern Province,15600.0
22,Lower secondary education,"Education, health and social services",Services,Public institution,Written contract,40.0,Rural,Eastern Province,105000.0
30,Primary education,Agriculture,Agriculture,Private business or VUP,Oral agreement,36.0,Rural,Eastern Province,18200.0
21,Primary education,Elementary and other work,Services,Private business or VUP,Oral agreement,50.0,Urban,Eastern Province,52000.0
26,Primary education,Agriculture,Agriculture,Private business or VUP,Oral agreement,25.0,Rural,Eastern Province,26000.0
23,Primary education,Agriculture,Agriculture,Private business or VUP,Oral agreement,20.0,Rural,Eastern Province,26000.0
30,Primary education,Agriculture,Agriculture,Private business or VUP,Oral agreement,25.0,Rural,Eastern Province,26000.0
26,Primary education,Agriculture,Agriculture,Private business or VUP,Oral agreement,56.0,Rural,Eastern Province,26000.0
17,Primary education,Elementary and other work,Services,Household,Oral agreement,42.0,Rural,Eastern Province,15000.0
28,Primary education,Agriculture,Agriculture,Private business or VUP,Oral agreement,28.0,Rural,Eastern Province,26000.0
16,Primary education,Elementary and other work,Services,Household,Oral agreement,42.0,Urban,Eastern Province,20000.0
22,Lower secondary education,Skilled trades and operators,Services,Private business or VUP,Oral agreement,12.0,Urban,Eastern Province,104000.0
30,Lower secondary education,Skilled trades and operators,Industry,Private business or VUP,Oral agreement,18.0,Rural,Eastern Province,130000.0
20,Primary education,Agriculture,Agriculture,Private business or VUP,Oral agreement,25.0,Rural,Eastern Province,26000.0
30,Lower secondary education,Elementary and other work,Industry,Private business or VUP,Oral agreement,27.0,Rural,Eastern Province,65000.0
27,Lower secondary education,Agriculture,Agriculture,Private business or VUP,Oral agreement,15.0,Rural,Eastern Province,20800.0
20,Lower secondary education,Elementary and other work,Industry,Private business or VUP,Oral agreement,30.0,Rural,Eastern Province,39000.0
24,Lower secondary education,Agriculture,Services,Private business or VUP,Oral agreement,18.0,Rural,Eastern Province,52000.0
22,Lower secondary education,Agriculture,Agriculture,Private business or VUP,Oral agreement,20.0,Rural,Eastern Province,52000.0
20,Primary education,Agriculture,Agriculture,Private business or VUP,Oral agreement,20.0,Rural,Eastern Province,52000.0
21,Upper secondary education,Elementary and other work,Industry,Private business or VUP,Oral agreement,40.0,Rural,Eastern Province,40000.0
27,Primary education,Agriculture,Agriculture,Private business or VUP,Oral agreement,24.0,Rural,Eastern Province,15600.0
25,Primary education,Agriculture,Agriculture,Private business or VUP,Oral agreement,18.0,Rural,Eastern Province,20800.0
19,Primary education,Elementary and other work,Industry,Private business or VUP,Oral agreement,35.0,Rural,Eastern Province,39000.0
18,Primary education,Elementary and other work,Industry,Private business or VUP,Oral agreement,40.0,Rural,Eastern Province,78000.0
21,Primary education,Elementary and other work,Services,Household,Oral agreement,21.0,Urban,Eastern Province,30000.0
21,Lower secondary education,Elementary and other work,Services,Household,Oral agreement,49.0,Urban,Eastern Province,30000.0
21,Tertiary education,ICT,Services,Private business or VUP,Oral agreement,27.0,Urban,Eastern Province,80000.0
30,Lower secondary education,Elementary and other work,Services,Household,Oral agreement,56.0,Urban,Eastern Province,40000.0
19,Primary education,Sales and services,Services,Private business or VUP,Oral agreement,4.0,Urban,Eastern Province,39000.0
21,Primary education,Elementary and other work,Industry,Private business or VUP,Oral agreement,54.0,Urban,Eastern Province,91000.0
17,Primary education,Agriculture,Agriculture,Private business or VUP,Oral agreement,18.0,Rural,Eastern Province,31200.0
17,Lower secondary education,Elementary and other work,Services,Household,Oral agreement,49.0,Urban,Eastern Province,15000.0
21,Primary education,Elementary and other work,Services,Household,Oral agreement,60.0,Urban,Eastern Province,20000.0
20,Primary education,Elementary and other work,Services,Household,Oral agreement,48.0,Urban,Kigali city,20000.0
25,Lower secondary education,Sales and services,Services,Private business or VUP,Oral agreement,12.0,Urban,Kigali city,38000.0
22,Upper secondary education,Skilled trades and operators,Industry,Private business or VUP,Oral agreement,48.0,Urban,Kigali city,83000.0
26,Upper secondary education,Skilled trades and operators,Industry,Private business or VUP,Oral agreement,48.0,Urban,Kigali city,260000.0
18,Primary education,Elementary and other work,Services,Household,Oral agreement,70.0,Urban,Kigali city,15000.0
16,Primary education,Elementary and other work,Services,Household,Oral agreement,50.0,Urban,Kigali city,15000.0
21,Upper secondary education,Skilled trades and operators,Industry,Private business or VUP,Oral agreement,48.0,Urban,Kigali city,78000.0
20,Primary education,Skilled trades and operators,Industry,Private business or VUP,Oral agreement,48.0,Urban,Kigali city,78000.0
22,Lower secondary education,Skilled trades and operators,Services,Private business or VUP,Oral agreement,45.0,Urban,Kigali city,52000.0
20,Primary education,Elementary and other work,Services,Household,Oral agreement,16.0,Urban,Kigali city,30000.0
21,Primary education,Elementary and other work,Services,Household,Oral agreement,16.0,Urban,Kigali city,25000.0
17,Lower secondary education,Elementary and other work,Services,Household,Oral agreement,16.0,Urban,Kigali city,20000.0
20,Primary education,Elementary and other work,Services,Household,Oral agreement,56.0,Urban,Kigali city,20000.0
25,Upper secondary education,Sales and services,Services,Private business or VUP,Oral agreement,48.0,Urban,Kigali city,117000.0
18,Primary education,Elementary and other work,Industry,Private business or VUP,Oral agreement,60.0,Urban,Kigali city,78000.0
22,Primary education,Elementary and other work,Services,Household,Oral agreement,42.0,Urban,Kigali city,20000.0
22,Lower secondary education,Elementary and other work,Services,Household,Oral agreement,60.0,Urban,Kigali city,10000.0
22,Upper secondary education,Agriculture,Agriculture,Private business or VUP,Oral agreement,36.0,Urban,Kigali city,46800.0
20,Lower secondary education,Agriculture,Agriculture,Private business or VUP,Oral agreement,36.0,Urban,Kigali city,46800.0
29,Lower secondary education,Elementary and other work,Industry,Private business or VUP,Oral agreement,56.0,Urban,Kigali city,60000.0
19,Lower secondary education,Elementary and other work,Industry,Private business or VUP,Oral agreement,48.0,Urban,Kigali city,78000.0
21,Primary education,Elementary and other work,Services,Household,Oral agreement,42.0,Urban,Kigali city,25000.0
19,Upper secondary education,Elementary and other work,Services,Household,Oral agreement,36.0,Urban,Kigali city,30000.0
19,Lower secondary education,Elementary and other work,Services,Household,Oral agreement,36.0,Urban,Kigali city,30000.0
17,Primary education,Elementary and other work,Services,Household,Oral agreement,42.0,Urban,Kigali city,25000.0
29,Primary education,Elementary and other work,Services,Household,Oral agreement,60.0,Urban,Kigali city,45000.0
18,Lower secondary education,Elementary and other work,Services,Household,Oral agreement,60.0,Urban,Kigali city,30000.0
30,Primary education,Skilled trades and operators,Industry,Private business or VUP,Oral agreement,36.0,Urban,Kigali city,260000.0
20,Lower secondary education,Elementary and other work,Services,Household,Oral agreement,55.0,Urban,Kigali city,25000.0
20,Primary education,Elementary and other work,Services,Household,Oral agreement,55.0,Urban,Kigali city,25000.0
18,No formal education,Elementary and other work,Services,Household,Oral agreement,45.0,Urban,Kigali city,45000.0
19,Lower secondary education,Elementary and other work,Services,Household,Oral agreement,49.0,Urban,Kigali city,25000.0
25,Upper secondary education,Sales and services,Services,Private business or VUP,Written contract,48.0,Urban,Kigali city,80000.0
27,Upper secondary education,Sales and services,Services,Private business or VUP,Oral agreement,48.0,Urban,Kigali city,70000.0
24,Primary education,Elementary and other work,Services,Household,Oral agreement,50.0,Urban,Kigali city,25000.0
21,Lower secondary education,Elementary and other work,Services,Household,Oral agreement,50.0,Urban,Kigali city,60000.0
20,Primary education,Elementary and other work,Services,Private business or VUP,Oral agreement,45.0,Urban,Kigali city,50000.0
30,Upper secondary education,Elementary and other work,Services,Private business or VUP,Written contract,73.0,Urban,Kigali city,70000.0
19,Upper secondary education,Sales and services,Services,Private business or VUP,Oral agreement,72.0,Urban,Kigali city,30000.0
27,Tertiary education,Sales and services,Services,Private business or VUP,Written contract,48.0,Urban,Kigali city,80000.0
21,Upper secondary education,Elementary and other work,Services,Household,Oral agreement,70.0,Urban,Kigali city,25000.0
25,Primary education,Elementary and other work,Services,Household,Oral agreement,50.0,Urban,Kigali city,20000.0
21,Primary education,Elementary and other work,Services,Household,Oral agreement,50.0,Urban,Kigali city,15000.0
29,Upper secondary education,Sales and services,Services,Private business or VUP,Written contract,72.0,Urban,Kigali city,70000.0
25,Lower secondary education,Elementary and other work,Services,Household,Oral agreement,54.0,Urban,Kigali city,35000.0
23,Upper secondary education,Sales and services,Services,Private business or VUP,Oral agreement,102.0,Urban,Kigali city,58000.0
20,Primary education,Sales and services,Industry,Private business or VUP,Oral agreement,38.0,Urban,Kigali city,52000.0
21,Upper secondary education,Elementary and other work,Industry,Private business or VUP,Oral agreement,60.0,Urban,Kigali city,60000.0
28,Upper secondary education,Elementary and other work,Industry,Private business or VUP,Oral agreement,54.0,Urban,Kigali city,60000.0
27,Primary education,Skilled trades and operators,Industry,Private business or VUP,Written contract,54.0,Urban,Kigali city,80000.0
21,Primary education,Skilled trades and operators,Industry,Private business or VUP,Oral agreement,40.0,Urban,Kigali city,49000.0
19,Primary education,Skilled trades and operators,Industry,Private business or VUP,Oral agreement,40.0,Urban,Kigali city,30000.0
30,Lower secondary education,Elementary and other work,Services,Private business or VUP,Oral agreement,2.0,Urban,Kigali city,26000.0
27,Upper secondary education,Skilled trades and operators,Industry,Private business or VUP,Oral agreement,54.0,Urban,Kigali city,180000.0
30,Upper secondary education,"Business, management and office work",Services,Private business or VUP,Written contract,44.0,Urban,Kigali city,100000.0
25,Primary education,Elementary and other work,Services,Household,Oral agreement,42.0,Urban,Kigali city,15000.0
26,Primary education,Skilled trades and operators,Industry,Private business or VUP,Oral agreement,15.0,Rural,Kigali city,52000.0
21,Primary education,Elementary and other work,Services,Private business or VUP,Oral agreement,21.0,Rural,Kigali city,13000.0
18,Primary education,Skilled trades and operators,Services,Private business or VUP,Oral agreement,10.0,Rural,Kigali city,130000.0
19,Primary education,Elementary and other work,Services,Household,Oral agreement,63.0,Rural,Kigali city,17000.0
24,Lower secondary education,Elementary and other work,Services,Household,Oral agreement,74.0,Urban,Kigali city,25000.0
21,Primary education,Elementary and other work,Services,Private business or VUP,Oral agreement,90.0,Urban,Kigali city,40000.0
19,Lower secondary education,Elementary and other work,Services,Private business or VUP,Oral agreement,90.0,Urban,Kigali city,40000.0
18,Primary education,Elementary and other work,Services,Household,Oral agreement,70.0,Urban,Kigali city,20000.0
17,Lower secondary education,Sales and services,Services,Private business or VUP,Oral agreement,49.0,Urban,Kigali city,60000.0
30,Primary education,Elementary and other work,Services,Private business or VUP,Written contract,40.0,Urban,Kigali city,40000.0
22,Primary education,Elementary and other work,Industry,Private business or VUP,Oral agreement,63.0,Urban,Kigali city,78000.0
22,Lower secondary education,Elementary and other work,Services,Private business or VUP,Oral agreement,56.0,Urban,Kigali city,80000.0
22,Lower secondary education,Elementary and other work,Services,Household,Oral agreement,72.0,Urban,Kigali city,20000.0
25,Primary education,Elementary and other work,Services,Household,Oral agreement,70.0,Urban,Kigali city,20000.0
22,Upper secondary education,Elementary and other work,Industry,Private business or VUP,Oral agreement,51.0,Urban,Kigali city,104000.0
21,Upper secondary education,Skilled trades and operators,Industry,Private business or VUP,Oral agreement,56.0,Urban,Kigali city,156000.0
26,Tertiary education,"Business, management and office work",Services,Private business or VUP,Oral agreement,60.0,Urban,Kigali city,312000.0
25,Tertiary education,"Business, management and office work",Services,Public institution,Written contract,40.0,Urban,Kigali city,250000.0
18,Primary education,Elementary and other work,Services,Household,Oral agreement,50.0,Urban,Kigali city,20000.0
20,No formal education,Elementary and other work,Services,Household,Oral agreement,42.0,Urban,Kigali city,25000.0
25,Lower secondary education,Sales and services,Services,Private business or VUP,Oral agreement,40.0,Urban,Kigali city,100000.0
17,Primary education,Elementary and other work,Services,Household,Oral agreement,42.0,Urban,Kigali city,10000.0
30,Primary education,Agriculture,Agriculture,Private business or VUP,Oral agreement,36.0,Rural,Kigali city,31200.0
30,Lower secondary education,Skilled trades and operators,Industry,Private business or VUP,Oral agreement,9.0,Urban,Kigali city,260000.0
20,Primary education,Skilled trades and operators,Industry,Private business or VUP,Oral agreement,40.0,Urban,Kigali city,208000.0
20,Primary education,Skilled trades and operators,Industry,Private business or VUP,Oral agreement,50.0,Urban,Kigali city,208000.0
20,Upper secondary education,Sales and services,Services,Private business or VUP,Written contract,84.0,Urban,Kigali city,50000.0
20,Lower secondary education,Sales and services,Services,Private business or VUP,Written contract,84.0,Urban,Kigali city,50000.0
20,Primary education,Skilled trades and operators,Industry,Private business or VUP,Oral agreement,60.0,Urban,Kigali city,56333.332
20,Primary education,Skilled trades and operators,Industry,Private business or VUP,Oral agreement,60.0,Urban,Kigali city,84500.0
27,Primary education,Sales and services,Services,Private business or VUP,Oral agreement,56.0,Urban,Kigali city,40000.0
22,Lower secondary education,"Education, health and social services",Services,Private business or VUP,Oral agreement,24.0,Urban,Kigali city,260000.0
30,Primary education,Elementary and other work,Industry,Private business or VUP,Oral agreement,18.0,Urban,Kigali city,104000.0
21,Lower secondary education,Elementary and other work,Industry,Private business or VUP,Oral agreement,60.0,Urban,Kigali city,43333.332
27,Upper secondary education,Sales and services,Services,Private business or VUP,Oral agreement,54.0,Urban,Kigali city,50000.0
20,Primary education,Elementary and other work,Industry,Private business or VUP,Oral agreement,45.0,Urban,Kigali city,78000.0
25,Lower secondary education,Elementary and other work,Services,Private business or VUP,Oral agreement,46.0,Urban,Kigali city,30000.0
18,Primary education,Elementary and other work,Services,Household,Oral agreement,35.0,Urban,Kigali city,25000.0
20,Primary education,Elementary and other work,Services,Household,Oral agreement,63.0,Urban,Kigali city,30000.0
22,Primary education,Elementary and other work,Services,Household,Oral agreement,63.0,Urban,Kigali city,20000.0
29,Primary education,Elementary and other work,Services,Private business or VUP,Oral agreement,24.0,Urban,Kigali city,30000.0
28,Tertiary education,Science and engineering,Services,Public institution,Oral agreement,50.0,Urban,Kigali city,216666.67
27,Upper secondary education,"Education, health and social services",Services,Private business or VUP,Written contract,25.0,Urban,Kigali city,140000.0
18,Primary education,Elementary and other work,Services,Household,Oral agreement,45.0,Urban,Kigali city,20000.0
25,Primary education,Sales and services,Services,Private business or VUP,Oral agreement,63.0,Urban,Kigali city,60000.0
28,Lower secondary education,Skilled trades and operators,Industry,Private business or VUP,Oral agreement,44.0,Urban,Kigali city,182000.0
25,Upper secondary education,Elementary and other work,Industry,Private business or VUP,Oral agreement,54.0,Urban,Kigali city,104000.0
21,Lower secondary education,Sales and services,Services,Private business or VUP,Oral agreement,60.0,Rural,Southern Province,20000.0
19,Lower secondary education,Sales and services,Services,Private business or VUP,Oral agreement,60.0,Rural,Southern Province,17000.0
21,Upper secondary education,Sales and services,Services,Private business or VUP,Oral agreement,30.0,Rural,Southern Province,52000.0
28,Primary education,Agriculture,Agriculture,Private business or VUP,Oral agreement,30.0,Rural,Southern Province,26000.0
21,Upper secondary education,"Education, health and social services",Services,Public institution,Written contract,40.0,Rural,Southern Province,106000.0
17,Primary education,Elementary and other work,Services,Household,Oral agreement,56.0,Rural,Southern Province,25000.0
29,Primary education,Elementary and other work,Industry,Private business or VUP,Oral agreement,63.0,Rural,Southern Province,33000.0
26,Upper secondary education,Elementary and other work,Industry,Private business or VUP,Oral agreement,63.0,Rural,Southern Province,34000.0
16,Primary education,Agriculture,Agriculture,Private business or VUP,Oral agreement,35.0,Rural,Southern Province,9000.0
23,Primary education,Agriculture,Agriculture,Private business or VUP,Oral agreement,30.0,Rural,Southern Province,31200.0
18,Primary education,Agriculture,Agriculture,Private business or VUP,Oral agreement,36.0,Rural,Southern Province,26000.0
26,Primary education,Agriculture,Agriculture,Private business or VUP,Oral agreement,18.0,Rural,Southern Province,26000.0
29,Primary education,Agriculture,Agriculture,Private business or VUP,Oral agreement,15.0,Rural,Southern Province,26000.0
23,Primary education,Agriculture,Agriculture,Private business or VUP,Oral agreement,36.0,Rural,Southern Province,26000.0
21,Primary education,Agriculture,Agriculture,Private business or VUP,Oral agreement,6.0,Rural,Southern Province,26000.0
28,Primary education,Agriculture,Agriculture,Private business or VUP,Oral agreement,6.0,Rural,Southern Province,31200.0
25,Upper secondary education,Elementary and other work,Services,Private business or VUP,Written contract,12.0,Rural,Southern Province,23400.0
20,Primary education,Elementary and other work,Industry,Private business or VUP,Oral agreement,40.0,Rural,Southern Province,52000.0
21,Primary education,Agriculture,Agriculture,Private business or VUP,Oral agreement,30.0,Rural,Southern Province,52000.0
28,Primary education,Elementary and other work,Industry,Private business or VUP,Oral agreement,30.0,Rural,Southern Province,39000.0
18,Primary education,Agriculture,Agriculture,Other,Oral agreement,35.0,Rural,Southern Province,52000.0
22,Primary education,Elementary and other work,Services,Household,Oral agreement,42.0,Rural,Southern Province,25000.0
25,Primary education,Elementary and other work,Industry,Private business or VUP,Oral agreement,35.0,Rural,Southern Province,65000.0
30,Primary education,Agriculture,Agriculture,Private business or VUP,Oral agreement,35.0,Rural,Southern Province,26000.0
19,Primary education,Agriculture,Agriculture,Private business or VUP,Oral agreement,35.0,Rural,Southern Province,43333.332
22,Primary education,Agriculture,Agriculture,Private business or VUP,Oral agreement,30.0,Rural,Southern Province,43333.332
18,Primary education,Elementary and other work,Industry,Private business or VUP,Oral agreement,24.0,Rural,Southern Province,15600.0
17,Lower secondary education,Agriculture,Agriculture,Private business or VUP,Written contract,25.0,Rural,Southern Province,52000.0
24,Primary education,Agriculture,Agriculture,Private business or VUP,Oral agreement,25.0,Rural,Southern Province,52000.0
22,Primary education,Sales and services,Services,Public-private enterprise,Written contract,45.0,Rural,Southern Province,25000.0
18,Primary education,Agriculture,Agriculture,Private business or VUP,Oral agreement,25.0,Rural,Southern Province,52000.0
20,Upper secondary education,Sales and services,Services,Private business or VUP,Oral agreement,42.0,Rural,Southern Province,50000.0
21,Primary education,Agriculture,Agriculture,Private business or VUP,Oral agreement,30.0,Rural,Southern Province,39000.0
18,Primary education,Agriculture,Agriculture,Private business or VUP,Oral agreement,56.0,Rural,Southern Province,10000.0
18,Primary education,Agriculture,Agriculture,Private business or VUP,Oral agreement,35.0,Rural,Southern Province,39000.0
19,Primary education,Agriculture,Agriculture,Private business or VUP,Oral agreement,15.0,Rural,Southern Province,39000.0
20,Upper secondary education,Agriculture,Agriculture,Private business or VUP,Oral agreement,35.0,Rural,Southern Province,52000.0
28,Primary education,Agriculture,Agriculture,Private business or VUP,Oral agreement,25.0,Rural,Southern Province,39000.0
19,Primary education,Agriculture,Agriculture,Private business or VUP,Oral agreement,36.0,Rural,Southern Province,39000.0
20,Lower secondary education,Agriculture,Agriculture,Private business or VUP,Oral agreement,36.0,Rural,Southern Province,39000.0
22,Lower secondary education,Agriculture,Agriculture,Private business or VUP,Oral agreement,6.0,Rural,Southern Province,26000.0
20,Upper secondary education,Agriculture,Agriculture,Private business or VUP,Oral agreement,6.0,Rural,Southern Province,26000.0
22,Primary education,Agriculture,Agriculture,Private business or VUP,Oral agreement,36.0,Rural,Southern Province,26000.0
28,Primary education,Agriculture,Agriculture,Cooperative,Oral agreement,36.0,Rural,Southern Province,43333.332
20,Upper secondary education,Agriculture,Agriculture,Private business or VUP,Oral agreement,5.0,Rural,Southern Province,26000.0
26,Lower secondary education,Agriculture,Agriculture,Private business or VUP,Oral agreement,36.0,Rural,Southern Province,26000.0
21,Primary education,Elementary and other work,Services,Other,Oral agreement,18.0,Rural,Southern Province,39000.0
24,Primary education,Elementary and other work,Industry,Private business or VUP,Oral agreement,12.0,Rural,Southern Province,39000.0
27,Primary education,Agriculture,Agriculture,Private business or VUP,Oral agreement,4.0,Rural,Southern Province,26000.0
26,Primary education,Agriculture,Agriculture,Private business or VUP,Oral agreement,48.0,Rural,Southern Province,26000.0
24,Primary education,Agriculture,Agriculture,Private business or VUP,Oral agreement,48.0,Rural,Southern Province,20800.0
16,Primary education,Elementary and other work,Services,Private business or VUP,Oral agreement,5.0,Rural,Southern Province,13000.0
27,Lower secondary education,Elementary and other work,Services,Private business or VUP,Oral agreement,51.0,Rural,Southern Province,31200.0
16,Primary education,Agriculture,Agriculture,Private business or VUP,Oral agreement,36.0,Rural,Southern Province,26000.0
25,Primary education,Sales and services,Services,Private business or VUP,Oral agreement,36.0,Rural,Southern Province,13000.0
16,Primary education,Elementary and other work,Services,Private business or VUP,Oral agreement,36.0,Rural,Southern Province,13000.0
19,Primary education,Agriculture,Agriculture,Private business or VUP,Oral agreement,36.0,Rural,Southern Province,26000.0
25,Primary education,Agriculture,Agriculture,Private business or VUP,Oral agreement,12.0,Rural,Southern Province,31200.0
28,Primary education,Elementary and other work,Industry,Private business or VUP,Oral agreement,27.0,Rural,Southern Province,91000.0
28,Tertiary education,Skilled trades and operators,Services,Public institution,Written contract,66.0,Rural,Southern Province,170000.0
30,Primary education,Elementary and other work,Industry,Private business or VUP,Oral agreement,45.0,Rural,Southern Province,26000.0
18,Primary education,Elementary and other work,Services,Household,Oral agreement,56.0,Rural,Southern Province,20000.0
27,Primary education,Agriculture,Agriculture,Private business or VUP,Oral agreement,45.0,Rural,Southern Province,52000.0
25,Primary education,Agriculture,Agriculture,Private business or VUP,Oral agreement,15.0,Rural,Southern Province,31200.0
29,Primary education,Agriculture,Agriculture,Private business or VUP,Oral agreement,10.0,Rural,Southern Province,26000.0
16,Primary education,Agriculture,Agriculture,Private business or VUP,Oral agreement,14.0,Rural,Southern Province,39000.0
23,Primary education,Sales and services,Services,Public-private enterprise,Oral agreement,84.0,Rural,Southern Province,20000.0
28,Primary education,Agriculture,Agriculture,Private business or VUP,Oral agreement,70.0,Rural,Southern Province,40000.0
18,Primary education,Elementary and other work,Industry,Private business or VUP,Oral agreement,18.0,Rural,Southern Province,39000.0
26,Upper secondary education,Skilled trades and operators,Services,Private business or VUP,Oral agreement,48.0,Urban,Southern Province,115000.0
24,Primary education,Sales and services,Services,Private business or VUP,Oral agreement,70.0,Urban,Southern Province,20000.0
17,Primary education,Elementary and other work,Services,Household,Oral agreement,35.0,Urban,Southern Province,15000.0
19,Primary education,Elementary and other work,Services,Household,Oral agreement,35.0,Urban,Southern Province,15000.0
18,Lower secondary education,"Education, health and social services",Services,Private business or VUP,Oral agreement,70.0,Rural,Southern Province,30000.0
23,Primary education,Agriculture,Agriculture,Private business or VUP,Oral agreement,5.0,Rural,Southern Province,31200.0
21,Primary education,Agriculture,Agriculture,Private business or VUP,Oral agreement,10.0,Rural,Southern Province,31200.0
24,Primary education,Elementary and other work,Industry,Private business or VUP,Oral agreement,63.0,Rural,Southern Province,50000.0
30,No formal education,Agriculture,Agriculture,Private business or VUP,Oral agreement,35.0,Rural,Southern Province,39000.0
26,Upper secondary education,Elementary and other work,Services,Public institution,Written contract,48.0,Rural,Southern Province,30000.0
26,Upper secondary education,Sales and services,Services,Private business or VUP,Oral agreement,60.0,Rural,Southern Province,100000.0
22,Primary education,Elementary and other work,Services,Public institution,Written contract,48.0,Rural,Southern Province,30000.0
18,Primary education,Elementary and other work,Services,Household,Oral agreement,42.0,Rural,Southern Province,20000.0
23,Lower secondary education,Agriculture,Agriculture,Private business or VUP,Oral agreement,24.0,Rural,Southern Province,33800.0
23,Primary education,Agriculture,Agriculture,Private business or VUP,Oral agreement,20.0,Rural,Southern Province,39000.0
30,Primary education,Agriculture,Agriculture,Private business or VUP,Oral agreement,15.0,Rural,Southern Province,31200.0
29,Tertiary education,"Business, management and office work",Services,Private business or VUP,Written contract,40.0,Urban,Southern Province,200000.0
25,Upper secondary education,"Education, health and social services",Services,Public institution,Written contract,40.0,Urban,Southern Province,113000.0
27,Primary education,Skilled trades and operators,Industry,Private business or VUP,Oral agreement,16.0,Urban,Southern Province,182000.0
22,Lower secondary education,Elementary and other work,Services,Household,Oral agreement,56.0,Urban,Southern Province,25000.0
23,Primary education,Elementary and other work,Services,Household,Oral agreement,42.0,Urban,Southern Province,40000.0
26,Tertiary education,Science and engineering,Services,Private business or VUP,Oral agreement,40.0,Urban,Southern Province,200000.0
27,Upper secondary education,Sales and services,Services,Public institution,Written contract,68.0,Urban,Southern Province,50000.0
26,Upper secondary education,Elementary and other work,Industry,Private business or VUP,Oral agreement,36.0,Urban,Southern Province,78000.0
27,Primary education,Elementary and other work,Industry,Private business or VUP,Oral agreement,52.0,Urban,Southern Province,104000.0
30,Tertiary education,"Education, health and social services",Services,Public institution,Written contract,40.0,Urban,Southern Province,80000.0
23,Primary education,Elementary and other work,Services,Household,Oral agreement,42.0,Urban,Southern Province,25000.0
27,Primary education,Elementary and other work,Industry,Private business or VUP,Oral agreement,75.0,Urban,Southern Province,121333.34
27,Primary education,Agriculture,Agriculture,Private business or VUP,Oral agreement,25.0,Rural,Western Province,26000.0
24,Lower secondary education,Elementary and other work,Industry,Private business or VUP,Oral agreement,30.0,Rural,Western Province,26000.0
22,Primary education,Agriculture,Agriculture,Private business or VUP,Oral agreement,20.0,Rural,Western Province,26000.0
21,Primary education,Agriculture,Agriculture,Private business or VUP,Oral agreement,30.0,Rural,Western Province,39000.0
28,Primary education,"Education, health and social services",Services,Other,Oral agreement,10.0,Rural,Western Province,12500.0
30,Primary education,Elementary and other work,Services,Private business or VUP,Oral agreement,21.0,Rural,Western Province,15600.0
21,Primary education,Agriculture,Agriculture,Private business or VUP,Oral agreement,15.0,Rural,Western Province,26000.0
19,Primary education,Agriculture,Agriculture,Private business or VUP,Oral agreement,30.0,Rural,Western Province,31200.0
30,Primary education,Elementary and other work,Services,Private business or VUP,Oral agreement,15.0,Rural,Western Province,26000.0
24,Primary education,Elementary and other work,Services,Household,Oral agreement,62.0,Rural,Western Province,12000.0
30,Primary education,Agriculture,Agriculture,Private business or VUP,Oral agreement,18.0,Rural,Western Province,13000.0
30,Primary education,Agriculture,Industry,Private business or VUP,Oral agreement,36.0,Rural,Western Province,13000.0
26,Primary education,Agriculture,Industry,Private business or VUP,Oral agreement,42.0,Rural,Western Province,39000.0
27,Primary education,Agriculture,Agriculture,Private business or VUP,Oral agreement,30.0,Rural,Western Province,31200.0
23,Primary education,Agriculture,Agriculture,Private business or VUP,Oral agreement,30.0,Rural,Western Province,39000.0
22,Lower secondary education,Elementary and other work,Industry,Private business or VUP,Oral agreement,54.0,Rural,Western Province,52000.0
19,Primary education,Elementary and other work,Industry,Private business or VUP,Oral agreement,54.0,Rural,Western Province,52000.0
17,Primary education,Elementary and other work,Services,Household,Oral agreement,70.0,Rural,Western Province,13000.0
20,Primary education,Elementary and other work,Industry,Private business or VUP,Oral agreement,42.0,Rural,Western Province,52000.0
28,Lower secondary education,"Business, management and office work",Services,Private business or VUP,Oral agreement,40.0,Rural,Western Province,130000.0
28,Primary education,Agriculture,Agriculture,Private business or VUP,Oral agreement,10.0,Rural,Western Province,26000.0
21,Primary education,Elementary and other work,Industry,Private business or VUP,Oral agreement,42.0,Rural,Western Province,39000.0
23,Primary education,Agriculture,Agriculture,Other,Oral agreement,25.0,Rural,Western Province,39000.0
24,Upper secondary education,"Education, health and social services",Services,Public institution,Written contract,40.0,Rural,Western Province,122105.0
22,Upper secondary education,"Education, health and social services",Services,Public institution,Written contract,40.0,Rural,Western Province,105000.0
17,Primary education,Agriculture,Agriculture,Private business or VUP,Oral agreement,25.0,Urban,Western Province,46800.0
27,Primary education,Agriculture,Agriculture,Private business or VUP,Oral agreement,25.0,Urban,Western Province,26000.0
20,Lower secondary education,Agriculture,Agriculture,Private business or VUP,Oral agreement,25.0,Rural,Western Province,65000.0
30,No formal education,Agriculture,Agriculture,Private business or VUP,Oral agreement,21.0,Rural,Western Province,31200.0
25,No formal education,Agriculture,Agriculture,Private business or VUP,Oral agreement,36.0,Rural,Western Province,39000.0
17,Primary education,Elementary and other work,Services,Private business or VUP,Oral agreement,21.0,Rural,Western Province,15600.0
21,Upper secondary education,Agriculture,Agriculture,Private business or VUP,Oral agreement,36.0,Rural,Western Province,31200.0
24,Primary education,Elementary and other work,Services,Private business or VUP,Oral agreement,24.0,Rural,Western Province,52000.0
26,Primary education,Agriculture,Agriculture,Private business or VUP,Oral agreement,40.0,Rural,Western Province,39000.0
24,Primary education,Agriculture,Agriculture,Private business or VUP,Oral agreement,30.0,Rural,Western Province,26000.0
30,No formal education,Agriculture,Agriculture,Private business or VUP,Oral agreement,40.0,Rural,Western Province,26000.0
30,Primary education,Agriculture,Agriculture,Private business or VUP,Oral agreement,32.0,Rural,Western Province,31200.0
29,Primary education,Agriculture,Agriculture,Private business or VUP,Oral agreement,21.0,Rural,Western Province,31200.0
30,Tertiary education,Sales and services,Services,Private business or VUP,Oral agreement,30.0,Urban,Western Province,50000.0
28,Tertiary education,Skilled trades and operators,Industry,Private business or VUP,Oral agreement,54.0,Urban,Western Province,156000.0
21,Lower secondary education,Elementary and other work,Services,Household,Oral agreement,40.0,Urban,Western Province,30000.0
30,Tertiary education,"Business, management and office work",Services,Private business or VUP,Oral agreement,75.0,Urban,Western Province,150000.0
21,Primary education,Elementary and other work,Services,Household,Oral agreement,42.0,Urban,Western Province,25000.0
25,Primary education,Elementary and other work,Services,Private business or VUP,Oral agreement,40.0,Rural,Western Province,78000.0
22,Primary education,Elementary and other work,Industry,Private business or VUP,Oral agreement,63.0,Rural,Western Province,52000.0
24,Primary education,Elementary and other work,Industry,Private business or VUP,Oral agreement,36.0,Rural,Western Province,78000.0
30,Primary education,Agriculture,Agriculture,Private business or VUP,Oral agreement,40.0,Rural,Western Province,52000.0
23,Primary education,Agriculture,Agriculture,Private business or VUP,Oral agreement,40.0,Rural,Western Province,39000.0
18,Primary education,Agriculture,Agriculture,Other,Oral agreement,45.0,Urban,Western Province,26000.0
23,Primary education,Elementary and other work,Industry,Private business or VUP,Oral agreement,40.0,Urban,Western Province,78000.0
26,Tertiary education,"Education, health and social services",Services,Public institution,Written contract,40.0,Rural,Western Province,120000.0
21,Primary education,Agriculture,Agriculture,Private business or VUP,Oral agreement,6.0,Rural,Western Province,20800.0
23,Primary education,Science and engineering,Industry,Private business or VUP,Oral agreement,40.0,Rural,Western Province,21666.666
19,Upper secondary education,"Education, health and social services",Services,Public-private enterprise,Written contract,36.0,Rural,Western Province,111200.0
17,Primary education,Elementary and other work,Services,Private business or VUP,Oral agreement,7.0,Rural,Western Province,26000.0
23,Lower secondary education,Agriculture,Agriculture,Private business or VUP,Oral agreement,12.0,Rural,Western Province,31200.0
26,Lower secondary education,Agriculture,Agriculture,Private business or VUP,Oral agreement,6.0,Rural,Western Province,26000.0
29,Primary education,Agriculture,Industry,Private business or VUP,Oral agreement,56.0,Urban,Western Province,26000.0
30,Primary education,Agriculture,Agriculture,Other,Oral agreement,25.0,Urban,Western Province,39000.0
18,Primary education,Agriculture,Agriculture,Private business or VUP,Oral agreement,18.0,Urban,Western Province,31200.0
19,No formal education,Elementary and other work,Industry,Private business or VUP,Oral agreement,30.0,Urban,Western Province,31200.0
26,Primary education,Sales and services,Services,Private business or VUP,Oral agreement,40.0,Urban,Western Province,78000.0
30,Lower secondary education,Agriculture,Agriculture,Private business or VUP,Oral agreement,15.0,Urban,Western Province,26000.0
27,Tertiary education,"Education, health and social services",Services,Public-private enterprise,Written contract,42.0,Urban,Western Province,263000.0
24,Primary education,Elementary and other work,Industry,Private business or VUP,Oral agreement,45.0,Rural,Western Province,20800.0
21,Primary education,Elementary and other work,Services,Private business or VUP,Oral agreement,12.0,Rural,Western Province,26000.0
17,Primary education,Elementary and other work,Agriculture,Private business or VUP,Oral agreement,20.0,Rural,Western Province,26000.0
25,Primary education,Agriculture,Agriculture,Private business or VUP,Oral agreement,45.0,Rural,Western Province,26000.0
26,Primary education,Agriculture,Agriculture,Private business or VUP,Oral agreement,35.0,Rural,Western Province,26000.0
21,Primary education,Agriculture,Agriculture,Other,Oral agreement,20.0,Rural,Western Province,41600.0
19,Primary education,Agriculture,Agriculture,Private business or VUP,Oral agreement,14.0,Rural,Western Province,26000.0
19,Primary education,Agriculture,Agriculture,Private business or VUP,Oral agreement,28.0,Rural,Western Province,10400.0
30,Upper secondary education,Agriculture,Agriculture,Private business or VUP,Oral agreement,43.0,Rural,Western Province,26000.0
27,Primary education,Elementary and other work,Services,Private business or VUP,Oral agreement,7.0,Rural,Western Province,26000.0
27,Primary education,Agriculture,Agriculture,Private business or VUP,Oral agreement,18.0,Rural,Western Province,18200.0
29,Upper secondary education,"Education, health and social services",Services,Public-private enterprise,Written contract,45.0,Rural,Western Province,120000.0
16,Primary education,Elementary and other work,Services,Household,Oral agreement,56.0,Rural,Western Province,10000.0
29,No formal education,Agriculture,Agriculture,Private business or VUP,Oral agreement,18.0,Rural,Western Province,18200.0
20,Lower secondary education,Elementary and other work,Industry,Public institution,Oral agreement,42.0,Rural,Western Province,81250.0
28,Lower secondary education,Agriculture,Agriculture,Private business or VUP,Oral agreement,10.0,Urban,Western Province,39000.0
16,Lower secondary education,Elementary and other work,Services,Private business or VUP,Oral agreement,4.0,Urban,Western Province,26000.0
21,Primary education,Elementary and other work,Industry,Private business or VUP,Oral agreement,54.0,Urban,Western Province,52000.0
24,Primary education,Elementary and other work,Industry,Private business or VUP,Oral agreement,20.0,Urban,Western Province,65000.0
22,Upper secondary education,"Business, management and office work",Services,Public institution,Written contract,40.0,Rural,Western Province,104000.0
19,Lower secondary education,Elementary and other work,Industry,Private business or VUP,Oral agreement,10.0,Urban,Western Province,78000.0
26,Primary education,Elementary and other work,Industry,Private business or VUP,Oral agreement,36.0,Rural,Western Province,78000.0
30,Primary education,Agriculture,Agriculture,Private business or VUP,Oral agreement,14.0,Rural,Western Province,39000.0
30,Primary education,Elementary and other work,Industry,Private business or VUP,Oral agreement,24.0,Rural,Western Province,65000.0
25,Primary education,Agriculture,Services,Private business or VUP,Oral agreement,15.0,Rural,Western Province,30000.0
28,Upper secondary education,Elementary and other work,Industry,Private business or VUP,Oral agreement,54.0,Rural,Western Province,52000.0
30,Primary education,Elementary and other work,Industry,Private business or VUP,Oral agreement,50.0,Urban,Western Province,52000.0
30,Primary education,Agriculture,Agriculture,Private business or VUP,Oral agreement,20.0,Urban,Western Province,26000.0
24,Primary education,Agriculture,Agriculture,Private business or VUP,Oral agreement,60.0,Rural,Western Province,18200.0
26,Primary education,Agriculture,Agriculture,Private business or VUP,Oral agreement,42.0,Rural,Western Province,39000.0
26,Lower secondary education,Sales and services,Services,Private business or VUP,Written contract,71.0,Rural,Western Province,60000.0
21,Lower secondary education,"Education, health and social services",Services,Private business or VUP,Oral agreement,10.0,Rural,Western Province,15000.0
29,Primary education,Elementary and other work,Industry,Private business or VUP,Oral agreement,24.0,Rural,Western Province,39000.0
30,Primary education,Agriculture,Agriculture,Private business or VUP,Oral agreement,24.0,Rural,Western Province,13000.0
20,Primary education,Agriculture,Agriculture,Private business or VUP,Oral agreement,6.0,Rural,Western Province,21666.666
18,Primary education,Agriculture,Agriculture,Private business or VUP,Oral agreement,6.0,Rural,Western Province,21666.666
16,Primary education,Agriculture,Agriculture,Private business or VUP,Oral agreement,6.0,Rural,Western Province,21666.666
28,Lower secondary education,Agriculture,Agriculture,Private business or VUP,Oral agreement,42.0,Rural,Western Province,26000.0
25,Primary education,Elementary and other work,Services,Household,Oral agreement,48.0,Rural,Western Province,10000.0
17,Primary education,Elementary and other work,Services,Household,Oral agreement,48.0,Rural,Western Province,15000.0
17,Primary education,Agriculture,Agriculture,Private business or VUP,Oral agreement,42.0,Rural,Northern Province,26000.0
30,No formal education,Agriculture,Agriculture,Private business or VUP,Oral agreement,30.0,Rural,Northern Province,30000.0
22,Primary education,Elementary and other work,Industry,Private business or VUP,Oral agreement,42.0,Rural,Northern Province,26000.0
23,Primary education,Elementary and other work,Services,NGO or international organisation,Oral agreement,4.0,Rural,Northern Province,26000.0
29,Lower secondary education,Agriculture,Agriculture,Private business or VUP,Oral agreement,36.0,Rural,Northern Province,26000.0
24,Primary education,Agriculture,Agriculture,Private business or VUP,Oral agreement,36.0,Rural,Northern Province,26000.0
22,Lower secondary education,Agriculture,Agriculture,Private business or VUP,Oral agreement,36.0,Rural,Northern Province,26000.0
18,Lower secondary education,Agriculture,Agriculture,Private business or VUP,Oral agreement,36.0,Rural,Northern Province,26000.0
26,Primary education,Elementary and other work,Services,Private business or VUP,Oral agreement,9.0,Rural,Northern Province,26000.0
26,Upper secondary education,Agriculture,Agriculture,Private business or VUP,Oral agreement,40.0,Rural,Northern Province,26000.0
26,Primary education,Agriculture,Agriculture,Private business or VUP,Oral agreement,30.0,Rural,Northern Province,26000.0
24,Primary education,Agriculture,Agriculture,Private business or VUP,Oral agreement,40.0,Rural,Northern Province,12000.0
21,Primary education,Agriculture,Agriculture,Private business or VUP,Oral agreement,25.0,Rural,Northern Province,26000.0
19,Primary education,Elementary and other work,Services,Private business or VUP,Oral agreement,21.0,Rural,Northern Province,31200.0
30,Primary education,Agriculture,Agriculture,Cooperative,Written contract,40.0,Rural,Northern Province,10000.0
21,Upper secondary education,Agriculture,Agriculture,Private business or VUP,Oral agreement,9.0,Rural,Northern Province,26000.0
22,Primary education,Agriculture,Agriculture,Private business or VUP,Oral agreement,15.0,Rural,Northern Province,26000.0
25,Primary education,Agriculture,Agriculture,Private business or VUP,Oral agreement,12.0,Rural,Northern Province,20800.0
28,Primary education,Agriculture,Agriculture,Private business or VUP,Oral agreement,35.0,Rural,Northern Province,20800.0
16,Primary education,Elementary and other work,Industry,Private business or VUP,Oral agreement,40.0,Rural,Northern Province,52000.0
20,Primary education,Elementary and other work,Services,Private business or VUP,Oral agreement,9.0,Urban,Northern Province,26000.0
19,Lower secondary education,Agriculture,Agriculture,Private business or VUP,Oral agreement,18.0,Urban,Northern Province,52000.0
26,Primary education,Agriculture,Agriculture,Private business or VUP,Oral agreement,20.0,Urban,Northern Province,52000.0
17,Primary education,Elementary and other work,Services,Private business or VUP,Oral agreement,3.0,Urban,Northern Province,13000.0
26,Primary education,Elementary and other work,Services,Private business or VUP,Oral agreement,18.0,Urban,Northern Province,26000.0
16,Primary education,Elementary and other work,Services,Private business or VUP,Oral agreement,36.0,Urban,Northern Province,26000.0
23,Primary education,Elementary and other work,Industry,Private business or VUP,Oral agreement,27.0,Rural,Northern Province,26000.0
18,Primary education,Agriculture,Agriculture,Private business or VUP,Oral agreement,15.0,Rural,Northern Province,39000.0
16,Primary education,Elementary and other work,Industry,Private business or VUP,Oral agreement,18.0,Rural,Northern Province,78000.0
24,Lower secondary education,Elementary and other work,Industry,Private business or VUP,Oral agreement,27.0,Rural,Northern Province,62400.0
18,Primary education,Elementary and other work,Industry,Private business or VUP,Oral agreement,45.0,Rural,Northern Province,62400.0
26,Upper secondary education,Elementary and other work,Industry,Private business or VUP,Oral agreement,6.0,Rural,Northern Province,65000.0
27,Upper secondary education,Agriculture,Agriculture,Private business or VUP,Oral agreement,45.0,Rural,Northern Province,52000.0
24,Primary education,Agriculture,Agriculture,Private business or VUP,Oral agreement,36.0,Rural,Northern Province,52000.0
22,Primary education,Agriculture,Agriculture,Private business or VUP,Oral agreement,42.0,Rural,Northern Province,39000.0
17,Primary education,"Education, health and social services",Services,Private business or VUP,Oral agreement,40.0,Rural,Northern Province,15000.0
30,Primary education,Elementary and other work,Services,Household,Oral agreement,70.0,Rural,Northern Province,25000.0
20,Upper secondary education,Elementary and other work,Industry,Private business or VUP,Oral agreement,45.0,Urban,Northern Province,78000.0
21,Primary education,Agriculture,Agriculture,Private business or VUP,Oral agreement,54.0,Urban,Northern Province,30000.0
18,Primary education,Agriculture,Agriculture,Private business or VUP,Oral agreement,36.0,Rural,Northern Province,52000.0
19,Primary education,Agriculture,Agriculture,Private business or VUP,Oral agreement,7.0,Rural,Northern Province,26000.0
29,Primary education,Agriculture,Agriculture,Private business or VUP,Oral agreement,18.0,Rural,Northern Province,39000.0
18,Primary education,Elementary and other work,Industry,Private business or VUP,Oral agreement,10.0,Rural,Northern Province,52000.0
18,Lower secondary education,Elementary and other work,Industry,Other,Oral agreement,25.0,Rural,Northern Province,78000.0
23,Lower secondary education,Agriculture,Agriculture,Private business or VUP,Oral agreement,48.0,Rural,Northern Province,26000.0
26,Primary education,Agriculture,Agriculture,Private business or VUP,Oral agreement,40.0,Rural,Northern Province,39000.0
19,Lower secondary education,Agriculture,Agriculture,Private business or VUP,Oral agreement,10.0,Rural,Northern Province,31200.0
27,Primary education,Agriculture,Agriculture,Private business or VUP,Oral agreement,12.0,Rural,Northern Province,26000.0
19,Lower secondary education,Agriculture,Agriculture,Private business or VUP,Oral agreement,12.0,Rural,Northern Province,26000.0
23,Lower secondary education,Agriculture,Agriculture,Private business or VUP,Oral agreement,15.0,Rural,Northern Province,31200.0
21,Primary education,Agriculture,Agriculture,Private business or VUP,Oral agreement,24.0,Rural,Northern Province,31200.0
18,Primary education,Agriculture,Agriculture,Private business or VUP,Oral agreement,42.0,Rural,Northern Province,31200.0
28,Primary education,Sales and services,Services,Private business or VUP,Oral agreement,63.0,Rural,Northern Province,40000.0
25,Lower secondary education,Agriculture,Agriculture,Private business or VUP,Oral agreement,40.0,Rural,Northern Province,26000.0
20,Primary education,Agriculture,Agriculture,Private business or VUP,Oral agreement,42.0,Rural,Northern Province,26000.0
20,Primary education,Agriculture,Agriculture,Private business or VUP,Oral agreement,35.0,Rural,Northern Province,26000.0
26,Primary education,Agriculture,Agriculture,Private business or VUP,Oral agreement,20.0,Rural,Northern Province,23400.0
25,Primary education,Agriculture,Agriculture,Private business or VUP,Oral agreement,35.0,Rural,Northern Province,31200.0
24,Primary education,Agriculture,Agriculture,Private business or VUP,Oral agreement,35.0,Rural,Northern Province,26000.0
27,Primary education,Agriculture,Agriculture,Private business or VUP,Oral agreement,18.0,Rural,Northern Province,31200.0
23,Primary education,Sales and services,Services,Private business or VUP,Oral agreement,66.0,Rural,Northern Province,130000.0
27,Primary education,Agriculture,Agriculture,Private business or VUP,Written contract,66.0,Rural,Northern Province,130000.0
22,Primary education,Agriculture,Agriculture,Private business or VUP,Oral agreement,24.0,Rural,Northern Province,19500.0
17,Primary education,Agriculture,Agriculture,Private business or VUP,Oral agreement,42.0,Rural,Northern Province,35000.0
18,Primary education,Agriculture,Agriculture,Private business or VUP,Oral agreement,40.0,Rural,Northern Province,21666.666
27,Primary education,Skilled trades and operators,Industry,Private business or VUP,Oral agreement,62.0,Rural,Northern Province,60000.0
25,Upper secondary education,"Business, management and office work",Services,Private business or VUP,Oral agreement,24.0,Urban,Eastern Province,52000.0
22,Lower secondary education,Elementary and other work,Services,Household,Oral agreement,60.0,Urban,Eastern Province,23000.0
16,Primary education,Agriculture,Agriculture,Private business or VUP,Oral agreement,42.0,Urban,Eastern Province,39000.0
29,Upper secondary education,Skilled trades and operators,Industry,Private business or VUP,Oral agreement,33.0,Urban,Eastern Province,156000.0
18,Primary education,Elementary and other work,Services,Household,Oral agreement,35.0,Urban,Eastern Province,20000.0
16,Primary education,Elementary and other work,Services,Household,Oral agreement,35.0,Urban,Eastern Province,20000.0
16,Primary education,Elementary and other work,Services,Household,Oral agreement,42.0,Urban,Eastern Province,15000.0
28,Lower secondary education,Agriculture,Services,Private business or VUP,Oral agreement,15.0,Urban,Eastern Province,30000.0
25,Primary education,Sales and services,Services,Private business or VUP,Oral agreement,84.0,Urban,Eastern Province,32000.0
27,Upper secondary education,Elementary and other work,Industry,Private business or VUP,Oral agreement,27.0,Urban,Eastern Province,156000.0
28,Upper secondary education,"Education, health and social services",Services,Public institution,Written contract,40.0,Urban,Eastern Province,120000.0
28,Lower secondary education,Elementary and other work,Services,Private business or VUP,Oral agreement,40.0,Urban,Eastern Province,42000.0
16,Primary education,Elementary and other work,Services,Household,Oral agreement,36.0,Urban,Eastern Province,10000.0
27,Primary education,Elementary and other work,Services,Public institution,Written contract,40.0,Urban,Eastern Province,50000.0
25,Lower secondary education,Agriculture,Agriculture,Private business or VUP,Oral agreement,30.0,Rural,Eastern Province,39000.0
19,Lower secondary education,Elementary and other work,Industry,Private business or VUP,Oral agreement,60.0,Rural,Eastern Province,26000.0
24,Primary education,Agriculture,Agriculture,Private business or VUP,Oral agreement,30.0,Rural,Eastern Province,31200.0
19,Primary education,Elementary and other work,Industry,Private business or VUP,Oral agreement,42.0,Rural,Eastern Province,78000.0
22,Primary education,Sales and services,Services,Public institution,Oral agreement,40.0,Rural,Eastern Province,20000.0
24,No formal education,Agriculture,Agriculture,Private business or VUP,Oral agreement,15.0,Rural,Eastern Province,26000.0
16,Primary education,Skilled trades and operators,Agriculture,Private business or VUP,Oral agreement,6.0,Rural,Eastern Province,26000.0
21,Primary education,Agriculture,Agriculture,Private business or VUP,Oral agreement,36.0,Rural,Eastern Province,26000.0
22,Primary education,Agriculture,Agriculture,Private business or VUP,Oral agreement,36.0,Rural,Eastern Province,20800.0
20,Primary education,Elementary and other work,Industry,Private business or VUP,Oral agreement,48.0,Rural,Eastern Province,26000.0
25,Primary education,Agriculture,Agriculture,Private business or VUP,Oral agreement,76.0,Rural,Eastern Province,26000.0
19,Primary education,Agriculture,Agriculture,Private business or VUP,Oral agreement,70.0,Rural,Eastern Province,26000.0
19,Primary education,Agriculture,Agriculture,Private business or VUP,Oral agreement,14.0,Rural,Eastern Province,20800.0
20,Upper secondary education,"Education, health and social services",Services,Private business or VUP,Oral agreement,5.0,Urban,Eastern Province,10000.0
18,Primary education,Elementary and other work,Services,Household,Oral agreement,42.0,Urban,Eastern Province,16000.0
29,Primary education,Sales and services,Services,Private business or VUP,Oral agreement,39.0,Urban,Eastern Province,45000.0
21,Lower secondary education,Agriculture,Agriculture,Private business or VUP,Oral agreement,21.0,Urban,Eastern Province,18200.0
24,Primary education,Agriculture,Agriculture,Private business or VUP,Oral agreement,42.0,Rural,Eastern Province,78000.0
23,No formal education,Agriculture,Agriculture,Private business or VUP,Oral agreement,36.0,Rural,Eastern Province,20800.0
21,No formal education,Agriculture,Agriculture,Private business or VUP,Oral agreement,18.0,Rural,Eastern Province,20800.0
21,Lower secondary education,Agriculture,Agriculture,Private business or VUP,Oral agreement,36.0,Rural,Eastern Province,31200.0
19,Primary education,Agriculture,Agriculture,Private business or VUP,Oral agreement,36.0,Rural,Eastern Province,31200.0
18,Primary education,Elementary and other work,Services,Household,Oral agreement,56.0,Rural,Eastern Province,8000.0
21,Primary education,Agriculture,Agriculture,Private business or VUP,Oral agreement,36.0,Rural,Eastern Province,13000.0
26,Primary education,Agriculture,Agriculture,Private business or VUP,Oral agreement,18.0,Rural,Eastern Province,26000.0
20,Primary education,Agriculture,Agriculture,Private business or VUP,Oral agreement,4.0,Rural,Eastern Province,15600.0
18,Primary education,Agriculture,Agriculture,Private business or VUP,Oral agreement,30.0,Rural,Eastern Province,15600.0
20,Primary education,Agriculture,Agriculture,Private business or VUP,Oral agreement,6.0,Rural,Eastern Province,13000.0
26,Tertiary education,"Education, health and social services",Services,Public institution,Written contract,40.0,Rural,Eastern Province,120000.0
18,Primary education,Agriculture,Agriculture,Private business or VUP,Oral agreement,18.0,Rural,Eastern Province,18200.0
22,Primary education,Agriculture,Agriculture,Private business or VUP,Oral agreement,20.0,Rural,Eastern Province,26000.0
24,Primary education,Elementary and other work,Industry,Private business or VUP,Oral agreement,30.0,Rural,Eastern Province,260000.0
17,Primary education,Elementary and other work,Industry,Private business or VUP,Oral agreement,30.0,Rural,Eastern Province,13000.0
30,Primary education,Elementary and other work,Industry,Private business or VUP,Oral agreement,25.0,Rural,Eastern Province,18200.0
30,Tertiary education,"Education, health and social services",Services,Public institution,Written contract,40.0,Rural,Eastern Province,112000.0
29,Upper secondary education,"Education, health and social services",Services,Public-private enterprise,Written contract,40.0,Rural,Eastern Province,107000.0
18,Primary education,Skilled trades and operators,Industry,Private business or VUP,Oral agreement,32.0,Rural,Eastern Province,130000.0
30,Primary education,Elementary and other work,Industry,Private business or VUP,Oral agreement,56.0,Rural,Eastern Province,52000.0
23,Primary education,Elementary and other work,Industry,Private business or VUP,Oral agreement,56.0,Rural,Eastern Province,52000.0
20,Primary education,Agriculture,Agriculture,Private business or VUP,Oral agreement,25.0,Rural,Eastern Province,13000.0
29,Primary education,Agriculture,Agriculture,Private business or VUP,Oral agreement,24.0,Rural,Eastern Province,20800.0
26,Primary education,Agriculture,Agriculture,Private business or VUP,Oral agreement,18.0,Rural,Eastern Province,15600.0
27,Primary education,Agriculture,Agriculture,Private business or VUP,Oral agreement,36.0,Rural,Eastern Province,39000.0
24,Primary education,Agriculture,Agriculture,Private business or VUP,Oral agreement,36.0,Rural,Eastern Province,26000.0
21,Upper secondary education,Sales and services,Services,Private business or VUP,Oral agreement,30.0,Rural,Eastern Province,30000.0
17,Lower secondary education,Agriculture,Agriculture,Private business or VUP,Oral agreement,42.0,Rural,Eastern Province,12000.0
18,Lower secondary education,Agriculture,Agriculture,Private business or VUP,Oral agreement,10.0,Rural,Eastern Province,26000.0
21,Upper secondary education,Elementary and other work,Industry,Private business or VUP,Oral agreement,10.0,Rural,Eastern Province,52000.0
25,Upper secondary education,Sales and services,Services,Private business or VUP,Oral agreement,63.0,Rural,Eastern Province,60000.0
26,Primary education,Agriculture,Agriculture,Private business or VUP,Oral agreement,24.0,Rural,Eastern Province,39000.0
21,Upper secondary education,Skilled trades and operators,Services,Private business or VUP,Oral agreement,50.0,Rural,Eastern Province,100000.0
28,Upper secondary education,Elementary and other work,Services,Private business or VUP,Oral agreement,2.0,Urban,Eastern Province,78000.0
26,Upper secondary education,"Education, health and social services",Services,Public institution,Written contract,45.0,Urban,Eastern Province,67000.0
19,Primary education,Agriculture,Agriculture,Private business or VUP,Oral agreement,25.0,Rural,Eastern Province,52000.0
17,Primary education,Agriculture,Agriculture,Private business or VUP,Oral agreement,25.0,Rural,Eastern Province,52000.0
23,Primary education,Agriculture,Agriculture,Private business or VUP,Oral agreement,25.0,Rural,Eastern Province,52000.0
28,Upper secondary education,"Education, health and social services",Services,Public institution,Written contract,45.0,Rural,Eastern Province,100000.0
28,Primary education,Agriculture,Agriculture,Private business or VUP,Oral agreement,16.0,Rural,Eastern Province,26000.0
30,Primary education,Agriculture,Agriculture,Private business or VUP,Oral agreement,36.0,Rural,Eastern Province,19500.0
29,Primary education,Agriculture,Agriculture,Private business or VUP,Oral agreement,30.0,Rural,Eastern Province,18200.0
25,Primary education,Agriculture,Agriculture,Private business or VUP,Oral agreement,35.0,Rural,Eastern Province,13000.0
23,Primary education,Agriculture,Agriculture,Private business or VUP,Oral agreement,35.0,Rural,Eastern Province,15600.0
27,Lower secondary education,Agriculture,Agriculture,Private business or VUP,Oral agreement,35.0,Rural,Eastern Province,15600.0
25,Lower secondary education,Agriculture,Agriculture,Private business or VUP,Oral agreement,45.0,Rural,Eastern Province,12000.0
23,Primary education,Skilled trades and operators,Industry,Private business or VUP,Oral agreement,32.0,Rural,Eastern Province,104000.0
30,Primary education,Elementary and other work,Services,Private business or VUP,Oral agreement,12.0,Rural,Eastern Province,20800.0
25,Primary education,Elementary and other work,Services,Private business or VUP,Oral agreement,40.0,Rural,Eastern Province,26000.0
18,Primary education,Elementary and other work,Services,Household,Oral agreement,40.0,Rural,Eastern Province,10000.0
24,Primary education,Agriculture,Agriculture,Private business or VUP,Oral agreement,18.0,Rural,Eastern Province,26000.0
24,Primary education,Agriculture,Agriculture,Private business or VUP,Oral agreement,36.0,Rural,Eastern Province,26000.0
22,Primary education,Agriculture,Agriculture,Private business or VUP,Oral agreement,36.0,Rural,Eastern Province,26000.0
19,Primary education,Agriculture,Agriculture,Private business or VUP,Oral agreement,36.0,Rural,Eastern Province,26000.0
16,Primary education,Agriculture,Agriculture,Private business or VUP,Oral agreement,36.0,Rural,Eastern Province,26000.0
21,Primary education,Agriculture,Agriculture,Private business or VUP,Oral agreement,25.0,Rural,Eastern Province,26000.0
25,Upper secondary education,Elementary and other work,Services,Household,Oral agreement,49.0,Rural,Eastern Province,20000.0
22,Primary education,Agriculture,Agriculture,Private business or VUP,Oral agreement,30.0,Rural,Eastern Province,26000.0
24,Lower secondary education,Agriculture,Agriculture,Private business or VUP,Oral agreement,5.0,Rural,Eastern Province,18200.0
20,Primary education,Agriculture,Services,Private business or VUP,Written contract,36.0,Urban,Eastern Province,43333.332
17,Primary education,Agriculture,Agriculture,Private business or VUP,Oral agreement,12.0,Urban,Eastern Province,26000.0
22,Primary education,Agriculture,Agriculture,Private business or VUP,Oral agreement,32.0,Urban,Eastern Province,26000.0
19,Primary education,Agriculture,Agriculture,Private business or VUP,Oral agreement,14.0,Urban,Eastern Province,26000.0
18,Lower secondary education,Agriculture,Agriculture,Private business or VUP,Oral agreement,36.0,Urban,Eastern Province,26000.0
16,Primary education,Agriculture,Agriculture,Private business or VUP,Oral agreement,36.0,Urban,Eastern Province,26000.0
27,Lower secondary education,Agriculture,Agriculture,Private business or VUP,Oral agreement,15.0,Urban,Eastern Province,31200.0
18,Primary education,Elementary and other work,Services,Household,Oral agreement,48.0,Rural,Eastern Province,7000.0
27,Upper secondary education,"Education, health and social services",Services,Public institution,Written contract,40.0,Rural,Eastern Province,123000.0
24,Primary education,Elementary and other work,Industry,Private business or VUP,Oral agreement,18.0,Rural,Eastern Province,39000.0
23,Primary education,Elementary and other work,Industry,Private business or VUP,Oral agreement,18.0,Rural,Eastern Province,39000.0
29,Primary education,"Education, health and social services",Services,NGO or international organisation,Oral agreement,56.0,Rural,Eastern Province,180000.0
29,Primary education,Agriculture,Agriculture,Private business or VUP,Oral agreement,18.0,Rural,Eastern Province,20800.0
28,Primary education,Agriculture,Agriculture,Private business or VUP,Oral agreement,6.0,Rural,Eastern Province,18200.0
24,Primary education,Agriculture,Agriculture,Private business or VUP,Oral agreement,15.0,Rural,Eastern Province,26000.0
29,Primary education,Agriculture,Agriculture,Private business or VUP,Oral agreement,24.0,Rural,Eastern Province,26000.0
24,Primary education,Agriculture,Agriculture,Private business or VUP,Oral agreement,24.0,Rural,Eastern Province,26000.0
16,Primary education,Agriculture,Agriculture,Private business or VUP,Oral agreement,25.0,Rural,Eastern Province,26000.0
21,Upper secondary education,Agriculture,Industry,Private business or VUP,Oral agreement,45.0,Rural,Eastern Province,50000.0
26,Primary education,Agriculture,Agriculture,Private business or VUP,Oral agreement,35.0,Rural,Eastern Province,33800.0
22,Lower secondary education,Agriculture,Agriculture,Private business or VUP,Oral agreement,35.0,Rural,Eastern Province,33800.0
20,Lower secondary education,Agriculture,Agriculture,Private business or VUP,Oral agreement,42.0,Rural,Eastern Province,52000.0
21,Lower secondary education,Sales and services,Agriculture,Private business or VUP,Oral agreement,84.0,Rural,Eastern Province,30000.0
29,Lower secondary education,Agriculture,Agriculture,Private business or VUP,Oral agreement,36.0,Rural,Eastern Province,39000.0
29,Lower secondary education,Agriculture,Agriculture,Private business or VUP,Oral agreement,36.0,Rural,Eastern Province,31200.0
28,Primary education,Agriculture,Agriculture,Private business or VUP,Oral agreement,90.0,Rural,Eastern Province,10000.0
27,Primary education,Agriculture,Agriculture,Private business or VUP,Oral agreement,42.0,Rural,Eastern Province,26000.0
27,Primary education,Agriculture,Agriculture,Private business or VUP,Oral agreement,77.0,Rural,Eastern Province,43333.332
20,Primary education,Elementary and other work,Industry,Private business or VUP,Oral agreement,42.0,Urban,Eastern Province,39000.0
17,Primary education,Elementary and other work,Industry,Private business or VUP,Oral agreement,18.0,Urban,Eastern Province,39000.0
19,Lower secondary education,Elementary and other work,Services,Other,Oral agreement,25.0,Urban,Eastern Province,52000.0
22,Primary education,Elementary and other work,Services,Household,Oral agreement,28.0,Urban,Eastern Province,30000.0
28,Primary education,Agriculture,Agriculture,Private business or VUP,Oral agreement,36.0,Urban,Eastern Province,39000.0
30,Lower secondary education,Skilled trades and operators,Industry,Private business or VUP,Oral agreement,48.0,Rural,Eastern Province,91000.0
30,Lower secondary education,Elementary and other work,Industry,Private business or VUP,Oral agreement,48.0,Rural,Eastern Province,43333.332
23,Upper secondary education,Sales and services,Services,Private business or VUP,Oral agreement,42.0,Rural,Eastern Province,80000.0
23,Lower secondary education,Elementary and other work,Industry,Private business or VUP,Oral agreement,36.0,Rural,Eastern Province,39000.0
30,Tertiary education,"Education, health and social services",Services,Public-private enterprise,Written contract,40.0,Rural,Eastern Province,110000.0
21,Primary education,Agriculture,Agriculture,Private business or VUP,Oral agreement,36.0,Rural,Eastern Province,39000.0
21,Primary education,Elementary and other work,Services,Household,Oral agreement,49.0,Urban,Eastern Province,15000.0
19,Lower secondary education,Elementary and other work,Services,Household,Oral agreement,56.0,Urban,Eastern Province,20000.0
27,Primary education,Elementary and other work,Services,Household,Oral agreement,35.0,Urban,Eastern Province,20000.0
20,Upper secondary education,Sales and services,Services,Private business or VUP,Oral agreement,70.0,Urban,Eastern Province,60000.0
21,Primary education,Elementary and other work,Services,Household,Oral agreement,63.0,Urban,Eastern Province,15000.0
